Experiment Name,Sequence Name,Data Size,Learning Time (s),RAM Usage (MB),CPU Speed (GHz),Cores Used,Training Accuracy (%), DotNet Version
MultiSequenceLearning,S1,49,1313.7546533,32.5078125,2.401,1,100,.NET 9.0.3
MultiSequenceLearning,S2,49,1313.7546533,32.5078125,2.401,1,97.95918367346938,.NET 9.0.3
MultiSequenceLearning,S3,49,1313.7546533,32.5078125,2.401,1,97.95918367346938,.NET 9.0.3
MultiSequenceLearning,S4,9,1313.7546533,32.5078125,2.401,1,88.88888888888889,.NET 9.0.3
MultiSequenceLearning,S5,9,1313.7546533,32.5078125,2.401,1,88.88888888888889,.NET 9.0.3
MultiSequenceLearning,S6,9,1313.7546533,32.5078125,2.401,1,88.88888888888889,.NET 9.0.3
MultiSequenceLearning,S7,9,1313.7546533,32.5078125,2.401,1,88.88888888888889,.NET 9.0.3
MultiSequenceLearning,S8,9,1313.7546533,32.5078125,2.401,1,88.88888888888889,.NET 9.0.3
MultiSequenceLearning,S9,9,1313.7546533,32.5078125,2.401,1,88.88888888888889,.NET 9.0.3
MultiSequenceLearning,S10,9,1313.7546533,32.5078125,2.401,1,88.88888888888889,.NET 9.0.3
MultiSequenceLearning,S11,9,1313.7546533,32.5078125,2.401,1,88.88888888888889,.NET 9.0.3
MultiSequenceLearning,S12,9,1313.7546533,32.5078125,2.401,1,88.88888888888889,.NET 9.0.3
MultiSequenceLearning,S13,9,1313.7546533,32.5078125,2.401,1,88.88888888888889,.NET 9.0.3
MultiSequenceLearning,S14,9,1313.7546533,32.5078125,2.401,1,88.88888888888889,.NET 9.0.3
MultiSequenceLearning,S15,9,1313.7546533,32.5078125,2.401,1,88.88888888888889,.NET 9.0.3
MultiSequenceLearning,S16,9,1313.7546533,32.5078125,2.401,1,88.88888888888889,.NET 9.0.3
MultiSequenceLearning,S17,9,1313.7546533,32.5078125,2.401,1,88.88888888888889,.NET 9.0.3
MultiSequenceLearning,S18,9,1313.7546533,32.5078125,2.401,1,88.88888888888889,.NET 9.0.3
MultiSequenceLearning,S19,9,1313.7546533,32.5078125,2.401,1,88.88888888888889,.NET 9.0.3
MultiSequenceLearning,S20,9,1313.7546533,32.5078125,2.401,1,88.88888888888889,.NET 9.0.3
MultiSequenceLearning,S21,9,1313.7546533,32.5078125,2.401,1,88.88888888888889,.NET 9.0.3
MultiSequenceLearning,S22,9,1313.7546533,32.5078125,2.401,1,88.88888888888889,.NET 9.0.3
MultiSequenceLearning,S23,9,1313.7546533,32.5078125,2.401,1,88.88888888888889,.NET 9.0.3
MultiSequenceLearning,S24,9,1313.7546533,32.5078125,2.401,1,88.88888888888889,.NET 9.0.3
MultiSequenceLearning,S25,9,1313.7546533,32.5078125,2.401,1,88.88888888888889,.NET 9.0.3
MultiSequenceLearning,S26,9,1313.7546533,32.5078125,2.401,1,88.88888888888889,.NET 9.0.3
MultiSequenceLearning,S27,9,1313.7546533,32.5078125,2.401,1,88.88888888888889,.NET 9.0.3
MultiSequenceLearning,S28,9,1313.7546533,32.5078125,2.401,1,88.88888888888889,.NET 9.0.3
MultiSequenceLearning,S29,9,1313.7546533,32.5078125,2.401,1,88.88888888888889,.NET 9.0.3
MultiSequenceLearning,S30,9,1313.7546533,32.5078125,2.401,1,88.88888888888889,.NET 9.0.3
MultiSequenceLearning,S1,49,1313.7546533,32.5078125,2.401,1,100,.NET 9.0.3
MultiSequenceLearning,S2,49,1313.7546533,32.5078125,2.401,1,97.95918367346938,.NET 9.0.3
MultiSequenceLearning,S3,49,1313.7546533,32.5078125,2.401,1,97.95918367346938,.NET 9.0.3
MultiSequenceLearning,S4,9,1313.7546533,32.5078125,2.401,1,88.88888888888889,.NET 9.0.3
MultiSequenceLearning,S5,9,1313.7546533,32.5078125,2.401,1,88.88888888888889,.NET 9.0.3
MultiSequenceLearning,S6,9,1313.7546533,32.5078125,2.401,1,88.88888888888889,.NET 9.0.3
MultiSequenceLearning,S7,9,1313.7546533,32.5078125,2.401,1,88.88888888888889,.NET 9.0.3
MultiSequenceLearning,S8,9,1313.7546533,32.5078125,2.401,1,88.88888888888889,.NET 9.0.3
MultiSequenceLearning,S9,9,1313.7546533,32.5078125,2.401,1,88.88888888888889,.NET 9.0.3
MultiSequenceLearning,S10,9,1313.7546533,32.5078125,2.401,1,88.88888888888889,.NET 9.0.3
MultiSequenceLearning,S11,9,1313.7546533,32.5078125,2.401,1,88.88888888888889,.NET 9.0.3
MultiSequenceLearning,S12,9,1313.7546533,32.5078125,2.401,1,88.88888888888889,.NET 9.0.3
MultiSequenceLearning,S13,9,1313.7546533,32.5078125,2.401,1,88.88888888888889,.NET 9.0.3
MultiSequenceLearning,S14,9,1313.7546533,32.5078125,2.401,1,88.88888888888889,.NET 9.0.3
MultiSequenceLearning,S15,9,1313.7546533,32.5078125,2.401,1,88.88888888888889,.NET 9.0.3
MultiSequenceLearning,S16,9,1313.7546533,32.5078125,2.401,1,88.88888888888889,.NET 9.0.3
MultiSequenceLearning,S17,9,1313.7546533,32.5078125,2.401,1,88.88888888888889,.NET 9.0.3
MultiSequenceLearning,S18,9,1313.7546533,32.5078125,2.401,1,88.88888888888889,.NET 9.0.3
MultiSequenceLearning,S19,9,1313.7546533,32.5078125,2.401,1,88.88888888888889,.NET 9.0.3
MultiSequenceLearning,S20,9,1313.7546533,32.5078125,2.401,1,88.88888888888889,.NET 9.0.3
MultiSequenceLearning,S21,9,1313.7546533,32.5078125,2.401,1,88.88888888888889,.NET 9.0.3
MultiSequenceLearning,S22,9,1313.7546533,32.5078125,2.401,1,88.88888888888889,.NET 9.0.3
MultiSequenceLearning,S23,9,1313.7546533,32.5078125,2.401,1,88.88888888888889,.NET 9.0.3
MultiSequenceLearning,S24,9,1313.7546533,32.5078125,2.401,1,88.88888888888889,.NET 9.0.3
MultiSequenceLearning,S25,9,1313.7546533,32.5078125,2.401,1,88.88888888888889,.NET 9.0.3
MultiSequenceLearning,S26,9,1313.7546533,32.5078125,2.401,1,88.88888888888889,.NET 9.0.3
MultiSequenceLearning,S27,9,1313.7546533,32.5078125,2.401,1,88.88888888888889,.NET 9.0.3
MultiSequenceLearning,S28,9,1313.7546533,32.5078125,2.401,1,88.88888888888889,.NET 9.0.3
MultiSequenceLearning,S29,9,1313.7546533,32.5078125,2.401,1,88.88888888888889,.NET 9.0.3
MultiSequenceLearning,S30,9,1313.7546533,32.5078125,2.401,1,88.88888888888889,.NET 9.0.3
MultiSequenceLearning,S1,49,1313.7546533,32.5078125,2.401,1,100,.NET 9.0.3
MultiSequenceLearning,S2,49,1313.7546533,32.5078125,2.401,1,97.95918367346938,.NET 9.0.3
MultiSequenceLearning,S3,49,1313.7546533,32.5078125,2.401,1,97.95918367346938,.NET 9.0.3
MultiSequenceLearning,S4,9,1313.7546533,32.5078125,2.401,1,88.88888888888889,.NET 9.0.3
MultiSequenceLearning,S5,9,1313.7546533,32.5078125,2.401,1,88.88888888888889,.NET 9.0.3
MultiSequenceLearning,S6,9,1313.7546533,32.5078125,2.401,1,88.88888888888889,.NET 9.0.3
MultiSequenceLearning,S7,9,1313.7546533,32.5078125,2.401,1,88.88888888888889,.NET 9.0.3
MultiSequenceLearning,S8,9,1313.7546533,32.5078125,2.401,1,88.88888888888889,.NET 9.0.3
MultiSequenceLearning,S9,9,1313.7546533,32.5078125,2.401,1,88.88888888888889,.NET 9.0.3
MultiSequenceLearning,S10,9,1313.7546533,32.5078125,2.401,1,88.88888888888889,.NET 9.0.3
MultiSequenceLearning,S11,9,1313.7546533,32.5078125,2.401,1,88.88888888888889,.NET 9.0.3
MultiSequenceLearning,S12,9,1313.7546533,32.5078125,2.401,1,88.88888888888889,.NET 9.0.3
MultiSequenceLearning,S13,9,1313.7546533,32.5078125,2.401,1,88.88888888888889,.NET 9.0.3
MultiSequenceLearning,S14,9,1313.7546533,32.5078125,2.401,1,88.88888888888889,.NET 9.0.3
MultiSequenceLearning,S15,9,1313.7546533,32.5078125,2.401,1,88.88888888888889,.NET 9.0.3
MultiSequenceLearning,S16,9,1313.7546533,32.5078125,2.401,1,88.88888888888889,.NET 9.0.3
MultiSequenceLearning,S17,9,1313.7546533,32.5078125,2.401,1,88.88888888888889,.NET 9.0.3
MultiSequenceLearning,S18,9,1313.7546533,32.5078125,2.401,1,88.88888888888889,.NET 9.0.3
MultiSequenceLearning,S19,9,1313.7546533,32.5078125,2.401,1,88.88888888888889,.NET 9.0.3
MultiSequenceLearning,S20,9,1313.7546533,32.5078125,2.401,1,88.88888888888889,.NET 9.0.3
MultiSequenceLearning,S21,9,1313.7546533,32.5078125,2.401,1,88.88888888888889,.NET 9.0.3
MultiSequenceLearning,S22,9,1313.7546533,32.5078125,2.401,1,88.88888888888889,.NET 9.0.3
MultiSequenceLearning,S23,9,1313.7546533,32.5078125,2.401,1,88.88888888888889,.NET 9.0.3
MultiSequenceLearning,S24,9,1313.7546533,32.5078125,2.401,1,88.88888888888889,.NET 9.0.3
MultiSequenceLearning,S25,9,1313.7546533,32.5078125,2.401,1,88.88888888888889,.NET 9.0.3
MultiSequenceLearning,S26,9,1313.7546533,32.5078125,2.401,1,88.88888888888889,.NET 9.0.3
MultiSequenceLearning,S27,9,1313.7546533,32.5078125,2.401,1,88.88888888888889,.NET 9.0.3
MultiSequenceLearning,S28,9,1313.7546533,32.5078125,2.401,1,88.88888888888889,.NET 9.0.3
MultiSequenceLearning,S29,9,1313.7546533,32.5078125,2.401,1,88.88888888888889,.NET 9.0.3
MultiSequenceLearning,S30,9,1313.7546533,32.5078125,2.401,1,88.88888888888889,.NET 9.0.3
MultiSequenceLearning,S1,49,1313.7546533,32.5078125,2.401,1,100,.NET 9.0.3
MultiSequenceLearning,S2,49,1313.7546533,32.5078125,2.401,1,97.95918367346938,.NET 9.0.3
MultiSequenceLearning,S3,49,1313.7546533,32.5078125,2.401,1,97.95918367346938,.NET 9.0.3
MultiSequenceLearning,S4,9,1313.7546533,32.5078125,2.401,1,88.88888888888889,.NET 9.0.3
MultiSequenceLearning,S5,9,1313.7546533,32.5078125,2.401,1,88.88888888888889,.NET 9.0.3
MultiSequenceLearning,S6,9,1313.7546533,32.5078125,2.401,1,88.88888888888889,.NET 9.0.3
MultiSequenceLearning,S7,9,1313.7546533,32.5078125,2.401,1,88.88888888888889,.NET 9.0.3
MultiSequenceLearning,S8,9,1313.7546533,32.5078125,2.401,1,88.88888888888889,.NET 9.0.3
MultiSequenceLearning,S9,9,1313.7546533,32.5078125,2.401,1,88.88888888888889,.NET 9.0.3
MultiSequenceLearning,S10,9,1313.7546533,32.5078125,2.401,1,88.88888888888889,.NET 9.0.3
MultiSequenceLearning,S11,9,1313.7546533,32.5078125,2.401,1,88.88888888888889,.NET 9.0.3
MultiSequenceLearning,S12,9,1313.7546533,32.5078125,2.401,1,88.88888888888889,.NET 9.0.3
MultiSequenceLearning,S13,9,1313.7546533,32.5078125,2.401,1,88.88888888888889,.NET 9.0.3
MultiSequenceLearning,S14,9,1313.7546533,32.5078125,2.401,1,88.88888888888889,.NET 9.0.3
MultiSequenceLearning,S15,9,1313.7546533,32.5078125,2.401,1,88.88888888888889,.NET 9.0.3
MultiSequenceLearning,S16,9,1313.7546533,32.5078125,2.401,1,88.88888888888889,.NET 9.0.3
MultiSequenceLearning,S17,9,1313.7546533,32.5078125,2.401,1,88.88888888888889,.NET 9.0.3
MultiSequenceLearning,S18,9,1313.7546533,32.5078125,2.401,1,88.88888888888889,.NET 9.0.3
MultiSequenceLearning,S19,9,1313.7546533,32.5078125,2.401,1,88.88888888888889,.NET 9.0.3
MultiSequenceLearning,S20,9,1313.7546533,32.5078125,2.401,1,88.88888888888889,.NET 9.0.3
MultiSequenceLearning,S21,9,1313.7546533,32.5078125,2.401,1,88.88888888888889,.NET 9.0.3
MultiSequenceLearning,S22,9,1313.7546533,32.5078125,2.401,1,88.88888888888889,.NET 9.0.3
MultiSequenceLearning,S23,9,1313.7546533,32.5078125,2.401,1,88.88888888888889,.NET 9.0.3
MultiSequenceLearning,S24,9,1313.7546533,32.5078125,2.401,1,88.88888888888889,.NET 9.0.3
MultiSequenceLearning,S25,9,1313.7546533,32.5078125,2.401,1,88.88888888888889,.NET 9.0.3
MultiSequenceLearning,S26,9,1313.7546533,32.5078125,2.401,1,88.88888888888889,.NET 9.0.3
MultiSequenceLearning,S27,9,1313.7546533,32.5078125,2.401,1,88.88888888888889,.NET 9.0.3
MultiSequenceLearning,S28,9,1313.7546533,32.5078125,2.401,1,88.88888888888889,.NET 9.0.3
MultiSequenceLearning,S29,9,1313.7546533,32.5078125,2.401,1,88.88888888888889,.NET 9.0.3
MultiSequenceLearning,S30,9,1313.7546533,32.5078125,2.401,1,88.88888888888889,.NET 9.0.3
MultiSequenceLearning,S1,49,1153.9457755,38.03125,2.401,2,100,.NET 9.0.3
MultiSequenceLearning,S2,49,1153.9457755,38.03125,2.401,2,97.95918367346938,.NET 9.0.3
MultiSequenceLearning,S3,49,1153.9457755,38.03125,2.401,2,97.95918367346938,.NET 9.0.3
MultiSequenceLearning,S4,9,1153.9457755,38.03125,2.401,2,88.88888888888889,.NET 9.0.3
MultiSequenceLearning,S5,9,1153.9457755,38.03125,2.401,2,88.88888888888889,.NET 9.0.3
MultiSequenceLearning,S6,9,1153.9457755,38.03125,2.401,2,88.88888888888889,.NET 9.0.3
MultiSequenceLearning,S7,9,1153.9457755,38.03125,2.401,2,88.88888888888889,.NET 9.0.3
MultiSequenceLearning,S8,9,1153.9457755,38.03125,2.401,2,88.88888888888889,.NET 9.0.3
MultiSequenceLearning,S9,9,1153.9457755,38.03125,2.401,2,88.88888888888889,.NET 9.0.3
MultiSequenceLearning,S10,9,1153.9457755,38.03125,2.401,2,88.88888888888889,.NET 9.0.3
MultiSequenceLearning,S11,9,1153.9457755,38.03125,2.401,2,88.88888888888889,.NET 9.0.3
MultiSequenceLearning,S12,9,1153.9457755,38.03125,2.401,2,88.88888888888889,.NET 9.0.3
MultiSequenceLearning,S13,9,1153.9457755,38.03125,2.401,2,88.88888888888889,.NET 9.0.3
MultiSequenceLearning,S14,9,1153.9457755,38.03125,2.401,2,88.88888888888889,.NET 9.0.3
MultiSequenceLearning,S15,9,1153.9457755,38.03125,2.401,2,88.88888888888889,.NET 9.0.3
MultiSequenceLearning,S16,9,1153.9457755,38.03125,2.401,2,88.88888888888889,.NET 9.0.3
MultiSequenceLearning,S17,9,1153.9457755,38.03125,2.401,2,88.88888888888889,.NET 9.0.3
MultiSequenceLearning,S18,9,1153.9457755,38.03125,2.401,2,88.88888888888889,.NET 9.0.3
MultiSequenceLearning,S19,9,1153.9457755,38.03125,2.401,2,88.88888888888889,.NET 9.0.3
MultiSequenceLearning,S20,9,1153.9457755,38.03125,2.401,2,88.88888888888889,.NET 9.0.3
MultiSequenceLearning,S21,9,1153.9457755,38.03125,2.401,2,88.88888888888889,.NET 9.0.3
MultiSequenceLearning,S22,9,1153.9457755,38.03125,2.401,2,88.88888888888889,.NET 9.0.3
MultiSequenceLearning,S23,9,1153.9457755,38.03125,2.401,2,88.88888888888889,.NET 9.0.3
MultiSequenceLearning,S24,9,1153.9457755,38.03125,2.401,2,88.88888888888889,.NET 9.0.3
MultiSequenceLearning,S25,9,1153.9457755,38.03125,2.401,2,88.88888888888889,.NET 9.0.3
MultiSequenceLearning,S26,9,1153.9457755,38.03125,2.401,2,88.88888888888889,.NET 9.0.3
MultiSequenceLearning,S27,9,1153.9457755,38.03125,2.401,2,88.88888888888889,.NET 9.0.3
MultiSequenceLearning,S28,9,1153.9457755,38.03125,2.401,2,88.88888888888889,.NET 9.0.3
MultiSequenceLearning,S29,9,1153.9457755,38.03125,2.401,2,88.88888888888889,.NET 9.0.3
MultiSequenceLearning,S30,9,1153.9457755,38.03125,2.401,2,88.88888888888889,.NET 9.0.3
MultiSequenceLearning,S1,49,1153.9457755,38.03125,2.401,2,100,.NET 9.0.3
MultiSequenceLearning,S2,49,1153.9457755,38.03125,2.401,2,97.95918367346938,.NET 9.0.3
MultiSequenceLearning,S3,49,1153.9457755,38.03125,2.401,2,97.95918367346938,.NET 9.0.3
MultiSequenceLearning,S4,9,1153.9457755,38.03125,2.401,2,88.88888888888889,.NET 9.0.3
MultiSequenceLearning,S5,9,1153.9457755,38.03125,2.401,2,88.88888888888889,.NET 9.0.3
MultiSequenceLearning,S6,9,1153.9457755,38.03125,2.401,2,88.88888888888889,.NET 9.0.3
MultiSequenceLearning,S7,9,1153.9457755,38.03125,2.401,2,88.88888888888889,.NET 9.0.3
MultiSequenceLearning,S8,9,1153.9457755,38.03125,2.401,2,88.88888888888889,.NET 9.0.3
MultiSequenceLearning,S9,9,1153.9457755,38.03125,2.401,2,88.88888888888889,.NET 9.0.3
MultiSequenceLearning,S10,9,1153.9457755,38.03125,2.401,2,88.88888888888889,.NET 9.0.3
MultiSequenceLearning,S11,9,1153.9457755,38.03125,2.401,2,88.88888888888889,.NET 9.0.3
MultiSequenceLearning,S12,9,1153.9457755,38.03125,2.401,2,88.88888888888889,.NET 9.0.3
MultiSequenceLearning,S13,9,1153.9457755,38.03125,2.401,2,88.88888888888889,.NET 9.0.3
MultiSequenceLearning,S14,9,1153.9457755,38.03125,2.401,2,88.88888888888889,.NET 9.0.3
MultiSequenceLearning,S15,9,1153.9457755,38.03125,2.401,2,88.88888888888889,.NET 9.0.3
MultiSequenceLearning,S16,9,1153.9457755,38.03125,2.401,2,88.88888888888889,.NET 9.0.3
MultiSequenceLearning,S17,9,1153.9457755,38.03125,2.401,2,88.88888888888889,.NET 9.0.3
MultiSequenceLearning,S18,9,1153.9457755,38.03125,2.401,2,88.88888888888889,.NET 9.0.3
MultiSequenceLearning,S19,9,1153.9457755,38.03125,2.401,2,88.88888888888889,.NET 9.0.3
MultiSequenceLearning,S20,9,1153.9457755,38.03125,2.401,2,88.88888888888889,.NET 9.0.3
MultiSequenceLearning,S21,9,1153.9457755,38.03125,2.401,2,88.88888888888889,.NET 9.0.3
MultiSequenceLearning,S22,9,1153.9457755,38.03125,2.401,2,88.88888888888889,.NET 9.0.3
MultiSequenceLearning,S23,9,1153.9457755,38.03125,2.401,2,88.88888888888889,.NET 9.0.3
MultiSequenceLearning,S24,9,1153.9457755,38.03125,2.401,2,88.88888888888889,.NET 9.0.3
MultiSequenceLearning,S25,9,1153.9457755,38.03125,2.401,2,88.88888888888889,.NET 9.0.3
MultiSequenceLearning,S26,9,1153.9457755,38.03125,2.401,2,88.88888888888889,.NET 9.0.3
MultiSequenceLearning,S27,9,1153.9457755,38.03125,2.401,2,88.88888888888889,.NET 9.0.3
MultiSequenceLearning,S28,9,1153.9457755,38.03125,2.401,2,88.88888888888889,.NET 9.0.3
MultiSequenceLearning,S29,9,1153.9457755,38.03125,2.401,2,88.88888888888889,.NET 9.0.3
MultiSequenceLearning,S30,9,1153.9457755,38.03125,2.401,2,88.88888888888889,.NET 9.0.3
MultiSequenceLearning,S1,49,1153.9457755,38.03125,2.401,2,100,.NET 9.0.3
MultiSequenceLearning,S2,49,1153.9457755,38.03125,2.401,2,97.95918367346938,.NET 9.0.3
MultiSequenceLearning,S3,49,1153.9457755,38.03125,2.401,2,97.95918367346938,.NET 9.0.3
MultiSequenceLearning,S4,9,1153.9457755,38.03125,2.401,2,88.88888888888889,.NET 9.0.3
MultiSequenceLearning,S5,9,1153.9457755,38.03125,2.401,2,88.88888888888889,.NET 9.0.3
MultiSequenceLearning,S6,9,1153.9457755,38.03125,2.401,2,88.88888888888889,.NET 9.0.3
MultiSequenceLearning,S7,9,1153.9457755,38.03125,2.401,2,88.88888888888889,.NET 9.0.3
MultiSequenceLearning,S8,9,1153.9457755,38.03125,2.401,2,88.88888888888889,.NET 9.0.3
MultiSequenceLearning,S9,9,1153.9457755,38.03125,2.401,2,88.88888888888889,.NET 9.0.3
MultiSequenceLearning,S10,9,1153.9457755,38.03125,2.401,2,88.88888888888889,.NET 9.0.3
MultiSequenceLearning,S11,9,1153.9457755,38.03125,2.401,2,88.88888888888889,.NET 9.0.3
MultiSequenceLearning,S12,9,1153.9457755,38.03125,2.401,2,88.88888888888889,.NET 9.0.3
MultiSequenceLearning,S13,9,1153.9457755,38.03125,2.401,2,88.88888888888889,.NET 9.0.3
MultiSequenceLearning,S14,9,1153.9457755,38.03125,2.401,2,88.88888888888889,.NET 9.0.3
MultiSequenceLearning,S15,9,1153.9457755,38.03125,2.401,2,88.88888888888889,.NET 9.0.3
MultiSequenceLearning,S16,9,1153.9457755,38.03125,2.401,2,88.88888888888889,.NET 9.0.3
MultiSequenceLearning,S17,9,1153.9457755,38.03125,2.401,2,88.88888888888889,.NET 9.0.3
MultiSequenceLearning,S18,9,1153.9457755,38.03125,2.401,2,88.88888888888889,.NET 9.0.3
MultiSequenceLearning,S19,9,1153.9457755,38.03125,2.401,2,88.88888888888889,.NET 9.0.3
MultiSequenceLearning,S20,9,1153.9457755,38.03125,2.401,2,88.88888888888889,.NET 9.0.3
MultiSequenceLearning,S21,9,1153.9457755,38.03125,2.401,2,88.88888888888889,.NET 9.0.3
MultiSequenceLearning,S22,9,1153.9457755,38.03125,2.401,2,88.88888888888889,.NET 9.0.3
MultiSequenceLearning,S23,9,1153.9457755,38.03125,2.401,2,88.88888888888889,.NET 9.0.3
MultiSequenceLearning,S24,9,1153.9457755,38.03125,2.401,2,88.88888888888889,.NET 9.0.3
MultiSequenceLearning,S25,9,1153.9457755,38.03125,2.401,2,88.88888888888889,.NET 9.0.3
MultiSequenceLearning,S26,9,1153.9457755,38.03125,2.401,2,88.88888888888889,.NET 9.0.3
MultiSequenceLearning,S27,9,1153.9457755,38.03125,2.401,2,88.88888888888889,.NET 9.0.3
MultiSequenceLearning,S28,9,1153.9457755,38.03125,2.401,2,88.88888888888889,.NET 9.0.3
MultiSequenceLearning,S29,9,1153.9457755,38.03125,2.401,2,88.88888888888889,.NET 9.0.3
MultiSequenceLearning,S30,9,1153.9457755,38.03125,2.401,2,88.88888888888889,.NET 9.0.3
MultiSequenceLearning,S1,49,1153.9457755,38.03125,2.401,2,100,.NET 9.0.3
MultiSequenceLearning,S2,49,1153.9457755,38.03125,2.401,2,97.95918367346938,.NET 9.0.3
MultiSequenceLearning,S3,49,1153.9457755,38.03125,2.401,2,97.95918367346938,.NET 9.0.3
MultiSequenceLearning,S4,9,1153.9457755,38.03125,2.401,2,88.88888888888889,.NET 9.0.3
MultiSequenceLearning,S5,9,1153.9457755,38.03125,2.401,2,88.88888888888889,.NET 9.0.3
MultiSequenceLearning,S6,9,1153.9457755,38.03125,2.401,2,88.88888888888889,.NET 9.0.3
MultiSequenceLearning,S7,9,1153.9457755,38.03125,2.401,2,88.88888888888889,.NET 9.0.3
MultiSequenceLearning,S8,9,1153.9457755,38.03125,2.401,2,88.88888888888889,.NET 9.0.3
MultiSequenceLearning,S9,9,1153.9457755,38.03125,2.401,2,88.88888888888889,.NET 9.0.3
MultiSequenceLearning,S10,9,1153.9457755,38.03125,2.401,2,88.88888888888889,.NET 9.0.3
MultiSequenceLearning,S11,9,1153.9457755,38.03125,2.401,2,88.88888888888889,.NET 9.0.3
MultiSequenceLearning,S12,9,1153.9457755,38.03125,2.401,2,88.88888888888889,.NET 9.0.3
MultiSequenceLearning,S13,9,1153.9457755,38.03125,2.401,2,88.88888888888889,.NET 9.0.3
MultiSequenceLearning,S14,9,1153.9457755,38.03125,2.401,2,88.88888888888889,.NET 9.0.3
MultiSequenceLearning,S15,9,1153.9457755,38.03125,2.401,2,88.88888888888889,.NET 9.0.3
MultiSequenceLearning,S16,9,1153.9457755,38.03125,2.401,2,88.88888888888889,.NET 9.0.3
MultiSequenceLearning,S17,9,1153.9457755,38.03125,2.401,2,88.88888888888889,.NET 9.0.3
MultiSequenceLearning,S18,9,1153.9457755,38.03125,2.401,2,88.88888888888889,.NET 9.0.3
MultiSequenceLearning,S19,9,1153.9457755,38.03125,2.401,2,88.88888888888889,.NET 9.0.3
MultiSequenceLearning,S20,9,1153.9457755,38.03125,2.401,2,88.88888888888889,.NET 9.0.3
MultiSequenceLearning,S21,9,1153.9457755,38.03125,2.401,2,88.88888888888889,.NET 9.0.3
MultiSequenceLearning,S22,9,1153.9457755,38.03125,2.401,2,88.88888888888889,.NET 9.0.3
MultiSequenceLearning,S23,9,1153.9457755,38.03125,2.401,2,88.88888888888889,.NET 9.0.3
MultiSequenceLearning,S24,9,1153.9457755,38.03125,2.401,2,88.88888888888889,.NET 9.0.3
MultiSequenceLearning,S25,9,1153.9457755,38.03125,2.401,2,88.88888888888889,.NET 9.0.3
MultiSequenceLearning,S26,9,1153.9457755,38.03125,2.401,2,88.88888888888889,.NET 9.0.3
MultiSequenceLearning,S27,9,1153.9457755,38.03125,2.401,2,88.88888888888889,.NET 9.0.3
MultiSequenceLearning,S28,9,1153.9457755,38.03125,2.401,2,88.88888888888889,.NET 9.0.3
MultiSequenceLearning,S29,9,1153.9457755,38.03125,2.401,2,88.88888888888889,.NET 9.0.3
MultiSequenceLearning,S30,9,1153.9457755,38.03125,2.401,2,88.88888888888889,.NET 9.0.3
MultiSequenceLearning,S1,49,1015.7547912,37.83203125,2.401,3,100,.NET 9.0.3
MultiSequenceLearning,S2,49,1015.7547912,37.83203125,2.401,3,97.95918367346938,.NET 9.0.3
MultiSequenceLearning,S3,49,1015.7547912,37.83203125,2.401,3,97.95918367346938,.NET 9.0.3
MultiSequenceLearning,S4,9,1015.7547912,37.83203125,2.401,3,88.88888888888889,.NET 9.0.3
MultiSequenceLearning,S5,9,1015.7547912,37.83203125,2.401,3,88.88888888888889,.NET 9.0.3
MultiSequenceLearning,S6,9,1015.7547912,37.83203125,2.401,3,88.88888888888889,.NET 9.0.3
MultiSequenceLearning,S7,9,1015.7547912,37.83203125,2.401,3,88.88888888888889,.NET 9.0.3
MultiSequenceLearning,S8,9,1015.7547912,37.83203125,2.401,3,88.88888888888889,.NET 9.0.3
MultiSequenceLearning,S9,9,1015.7547912,37.83203125,2.401,3,88.88888888888889,.NET 9.0.3
MultiSequenceLearning,S10,9,1015.7547912,37.83203125,2.401,3,88.88888888888889,.NET 9.0.3
MultiSequenceLearning,S11,9,1015.7547912,37.83203125,2.401,3,88.88888888888889,.NET 9.0.3
MultiSequenceLearning,S12,9,1015.7547912,37.83203125,2.401,3,88.88888888888889,.NET 9.0.3
MultiSequenceLearning,S13,9,1015.7547912,37.83203125,2.401,3,88.88888888888889,.NET 9.0.3
MultiSequenceLearning,S14,9,1015.7547912,37.83203125,2.401,3,88.88888888888889,.NET 9.0.3
MultiSequenceLearning,S15,9,1015.7547912,37.83203125,2.401,3,88.88888888888889,.NET 9.0.3
MultiSequenceLearning,S16,9,1015.7547912,37.83203125,2.401,3,88.88888888888889,.NET 9.0.3
MultiSequenceLearning,S17,9,1015.7547912,37.83203125,2.401,3,88.88888888888889,.NET 9.0.3
MultiSequenceLearning,S18,9,1015.7547912,37.83203125,2.401,3,88.88888888888889,.NET 9.0.3
MultiSequenceLearning,S19,9,1015.7547912,37.83203125,2.401,3,88.88888888888889,.NET 9.0.3
MultiSequenceLearning,S20,9,1015.7547912,37.83203125,2.401,3,88.88888888888889,.NET 9.0.3
MultiSequenceLearning,S21,9,1015.7547912,37.83203125,2.401,3,88.88888888888889,.NET 9.0.3
MultiSequenceLearning,S22,9,1015.7547912,37.83203125,2.401,3,88.88888888888889,.NET 9.0.3
MultiSequenceLearning,S23,9,1015.7547912,37.83203125,2.401,3,88.88888888888889,.NET 9.0.3
MultiSequenceLearning,S24,9,1015.7547912,37.83203125,2.401,3,88.88888888888889,.NET 9.0.3
MultiSequenceLearning,S25,9,1015.7547912,37.83203125,2.401,3,88.88888888888889,.NET 9.0.3
MultiSequenceLearning,S26,9,1015.7547912,37.83203125,2.401,3,88.88888888888889,.NET 9.0.3
MultiSequenceLearning,S27,9,1015.7547912,37.83203125,2.401,3,88.88888888888889,.NET 9.0.3
MultiSequenceLearning,S28,9,1015.7547912,37.83203125,2.401,3,88.88888888888889,.NET 9.0.3
MultiSequenceLearning,S29,9,1015.7547912,37.83203125,2.401,3,88.88888888888889,.NET 9.0.3
MultiSequenceLearning,S30,9,1015.7547912,37.83203125,2.401,3,88.88888888888889,.NET 9.0.3
MultiSequenceLearning,S1,49,1015.7547912,37.83203125,2.401,3,100,.NET 9.0.3
MultiSequenceLearning,S2,49,1015.7547912,37.83203125,2.401,3,97.95918367346938,.NET 9.0.3
MultiSequenceLearning,S3,49,1015.7547912,37.83203125,2.401,3,97.95918367346938,.NET 9.0.3
MultiSequenceLearning,S4,9,1015.7547912,37.83203125,2.401,3,88.88888888888889,.NET 9.0.3
MultiSequenceLearning,S5,9,1015.7547912,37.83203125,2.401,3,88.88888888888889,.NET 9.0.3
MultiSequenceLearning,S6,9,1015.7547912,37.83203125,2.401,3,88.88888888888889,.NET 9.0.3
MultiSequenceLearning,S7,9,1015.7547912,37.83203125,2.401,3,88.88888888888889,.NET 9.0.3
MultiSequenceLearning,S8,9,1015.7547912,37.83203125,2.401,3,88.88888888888889,.NET 9.0.3
MultiSequenceLearning,S9,9,1015.7547912,37.83203125,2.401,3,88.88888888888889,.NET 9.0.3
MultiSequenceLearning,S10,9,1015.7547912,37.83203125,2.401,3,88.88888888888889,.NET 9.0.3
MultiSequenceLearning,S11,9,1015.7547912,37.83203125,2.401,3,88.88888888888889,.NET 9.0.3
MultiSequenceLearning,S12,9,1015.7547912,37.83203125,2.401,3,88.88888888888889,.NET 9.0.3
MultiSequenceLearning,S13,9,1015.7547912,37.83203125,2.401,3,88.88888888888889,.NET 9.0.3
MultiSequenceLearning,S14,9,1015.7547912,37.83203125,2.401,3,88.88888888888889,.NET 9.0.3
MultiSequenceLearning,S15,9,1015.7547912,37.83203125,2.401,3,88.88888888888889,.NET 9.0.3
MultiSequenceLearning,S16,9,1015.7547912,37.83203125,2.401,3,88.88888888888889,.NET 9.0.3
MultiSequenceLearning,S17,9,1015.7547912,37.83203125,2.401,3,88.88888888888889,.NET 9.0.3
MultiSequenceLearning,S18,9,1015.7547912,37.83203125,2.401,3,88.88888888888889,.NET 9.0.3
MultiSequenceLearning,S19,9,1015.7547912,37.83203125,2.401,3,88.88888888888889,.NET 9.0.3
MultiSequenceLearning,S20,9,1015.7547912,37.83203125,2.401,3,88.88888888888889,.NET 9.0.3
MultiSequenceLearning,S21,9,1015.7547912,37.83203125,2.401,3,88.88888888888889,.NET 9.0.3
MultiSequenceLearning,S22,9,1015.7547912,37.83203125,2.401,3,88.88888888888889,.NET 9.0.3
MultiSequenceLearning,S23,9,1015.7547912,37.83203125,2.401,3,88.88888888888889,.NET 9.0.3
MultiSequenceLearning,S24,9,1015.7547912,37.83203125,2.401,3,88.88888888888889,.NET 9.0.3
MultiSequenceLearning,S25,9,1015.7547912,37.83203125,2.401,3,88.88888888888889,.NET 9.0.3
MultiSequenceLearning,S26,9,1015.7547912,37.83203125,2.401,3,88.88888888888889,.NET 9.0.3
MultiSequenceLearning,S27,9,1015.7547912,37.83203125,2.401,3,88.88888888888889,.NET 9.0.3
MultiSequenceLearning,S28,9,1015.7547912,37.83203125,2.401,3,88.88888888888889,.NET 9.0.3
MultiSequenceLearning,S29,9,1015.7547912,37.83203125,2.401,3,88.88888888888889,.NET 9.0.3
MultiSequenceLearning,S30,9,1015.7547912,37.83203125,2.401,3,88.88888888888889,.NET 9.0.3
MultiSequenceLearning,S1,49,1015.7547912,37.83203125,2.401,3,100,.NET 9.0.3
MultiSequenceLearning,S2,49,1015.7547912,37.83203125,2.401,3,97.95918367346938,.NET 9.0.3
MultiSequenceLearning,S3,49,1015.7547912,37.83203125,2.401,3,97.95918367346938,.NET 9.0.3
MultiSequenceLearning,S4,9,1015.7547912,37.83203125,2.401,3,88.88888888888889,.NET 9.0.3
MultiSequenceLearning,S5,9,1015.7547912,37.83203125,2.401,3,88.88888888888889,.NET 9.0.3
MultiSequenceLearning,S6,9,1015.7547912,37.83203125,2.401,3,88.88888888888889,.NET 9.0.3
MultiSequenceLearning,S7,9,1015.7547912,37.83203125,2.401,3,88.88888888888889,.NET 9.0.3
MultiSequenceLearning,S8,9,1015.7547912,37.83203125,2.401,3,88.88888888888889,.NET 9.0.3
MultiSequenceLearning,S9,9,1015.7547912,37.83203125,2.401,3,88.88888888888889,.NET 9.0.3
MultiSequenceLearning,S10,9,1015.7547912,37.83203125,2.401,3,88.88888888888889,.NET 9.0.3
MultiSequenceLearning,S11,9,1015.7547912,37.83203125,2.401,3,88.88888888888889,.NET 9.0.3
MultiSequenceLearning,S12,9,1015.7547912,37.83203125,2.401,3,88.88888888888889,.NET 9.0.3
MultiSequenceLearning,S13,9,1015.7547912,37.83203125,2.401,3,88.88888888888889,.NET 9.0.3
MultiSequenceLearning,S14,9,1015.7547912,37.83203125,2.401,3,88.88888888888889,.NET 9.0.3
MultiSequenceLearning,S15,9,1015.7547912,37.83203125,2.401,3,88.88888888888889,.NET 9.0.3
MultiSequenceLearning,S16,9,1015.7547912,37.83203125,2.401,3,88.88888888888889,.NET 9.0.3
MultiSequenceLearning,S17,9,1015.7547912,37.83203125,2.401,3,88.88888888888889,.NET 9.0.3
MultiSequenceLearning,S18,9,1015.7547912,37.83203125,2.401,3,88.88888888888889,.NET 9.0.3
MultiSequenceLearning,S19,9,1015.7547912,37.83203125,2.401,3,88.88888888888889,.NET 9.0.3
MultiSequenceLearning,S20,9,1015.7547912,37.83203125,2.401,3,88.88888888888889,.NET 9.0.3
MultiSequenceLearning,S21,9,1015.7547912,37.83203125,2.401,3,88.88888888888889,.NET 9.0.3
MultiSequenceLearning,S22,9,1015.7547912,37.83203125,2.401,3,88.88888888888889,.NET 9.0.3
MultiSequenceLearning,S23,9,1015.7547912,37.83203125,2.401,3,88.88888888888889,.NET 9.0.3
MultiSequenceLearning,S24,9,1015.7547912,37.83203125,2.401,3,88.88888888888889,.NET 9.0.3
MultiSequenceLearning,S25,9,1015.7547912,37.83203125,2.401,3,88.88888888888889,.NET 9.0.3
MultiSequenceLearning,S26,9,1015.7547912,37.83203125,2.401,3,88.88888888888889,.NET 9.0.3
MultiSequenceLearning,S27,9,1015.7547912,37.83203125,2.401,3,88.88888888888889,.NET 9.0.3
MultiSequenceLearning,S28,9,1015.7547912,37.83203125,2.401,3,88.88888888888889,.NET 9.0.3
MultiSequenceLearning,S29,9,1015.7547912,37.83203125,2.401,3,88.88888888888889,.NET 9.0.3
MultiSequenceLearning,S30,9,1015.7547912,37.83203125,2.401,3,88.88888888888889,.NET 9.0.3
MultiSequenceLearning,S1,49,1015.7547912,37.83203125,2.401,3,100,.NET 9.0.3
MultiSequenceLearning,S2,49,1015.7547912,37.83203125,2.401,3,97.95918367346938,.NET 9.0.3
MultiSequenceLearning,S3,49,1015.7547912,37.83203125,2.401,3,97.95918367346938,.NET 9.0.3
MultiSequenceLearning,S4,9,1015.7547912,37.83203125,2.401,3,88.88888888888889,.NET 9.0.3
MultiSequenceLearning,S5,9,1015.7547912,37.83203125,2.401,3,88.88888888888889,.NET 9.0.3
MultiSequenceLearning,S6,9,1015.7547912,37.83203125,2.401,3,88.88888888888889,.NET 9.0.3
MultiSequenceLearning,S7,9,1015.7547912,37.83203125,2.401,3,88.88888888888889,.NET 9.0.3
MultiSequenceLearning,S8,9,1015.7547912,37.83203125,2.401,3,88.88888888888889,.NET 9.0.3
MultiSequenceLearning,S9,9,1015.7547912,37.83203125,2.401,3,88.88888888888889,.NET 9.0.3
MultiSequenceLearning,S10,9,1015.7547912,37.83203125,2.401,3,88.88888888888889,.NET 9.0.3
MultiSequenceLearning,S11,9,1015.7547912,37.83203125,2.401,3,88.88888888888889,.NET 9.0.3
MultiSequenceLearning,S12,9,1015.7547912,37.83203125,2.401,3,88.88888888888889,.NET 9.0.3
MultiSequenceLearning,S13,9,1015.7547912,37.83203125,2.401,3,88.88888888888889,.NET 9.0.3
MultiSequenceLearning,S14,9,1015.7547912,37.83203125,2.401,3,88.88888888888889,.NET 9.0.3
MultiSequenceLearning,S15,9,1015.7547912,37.83203125,2.401,3,88.88888888888889,.NET 9.0.3
MultiSequenceLearning,S16,9,1015.7547912,37.83203125,2.401,3,88.88888888888889,.NET 9.0.3
MultiSequenceLearning,S17,9,1015.7547912,37.83203125,2.401,3,88.88888888888889,.NET 9.0.3
MultiSequenceLearning,S18,9,1015.7547912,37.83203125,2.401,3,88.88888888888889,.NET 9.0.3
MultiSequenceLearning,S19,9,1015.7547912,37.83203125,2.401,3,88.88888888888889,.NET 9.0.3
MultiSequenceLearning,S20,9,1015.7547912,37.83203125,2.401,3,88.88888888888889,.NET 9.0.3
MultiSequenceLearning,S21,9,1015.7547912,37.83203125,2.401,3,88.88888888888889,.NET 9.0.3
MultiSequenceLearning,S22,9,1015.7547912,37.83203125,2.401,3,88.88888888888889,.NET 9.0.3
MultiSequenceLearning,S23,9,1015.7547912,37.83203125,2.401,3,88.88888888888889,.NET 9.0.3
MultiSequenceLearning,S24,9,1015.7547912,37.83203125,2.401,3,88.88888888888889,.NET 9.0.3
MultiSequenceLearning,S25,9,1015.7547912,37.83203125,2.401,3,88.88888888888889,.NET 9.0.3
MultiSequenceLearning,S26,9,1015.7547912,37.83203125,2.401,3,88.88888888888889,.NET 9.0.3
MultiSequenceLearning,S27,9,1015.7547912,37.83203125,2.401,3,88.88888888888889,.NET 9.0.3
MultiSequenceLearning,S28,9,1015.7547912,37.83203125,2.401,3,88.88888888888889,.NET 9.0.3
MultiSequenceLearning,S29,9,1015.7547912,37.83203125,2.401,3,88.88888888888889,.NET 9.0.3
MultiSequenceLearning,S30,9,1015.7547912,37.83203125,2.401,3,88.88888888888889,.NET 9.0.3
MultiSequenceLearning,S1,49,4867.6420038,42.51953125,2.401,4,100,.NET 9.0.3
MultiSequenceLearning,S2,49,4867.6420038,42.51953125,2.401,4,97.95918367346938,.NET 9.0.3
MultiSequenceLearning,S3,49,4867.6420038,42.51953125,2.401,4,97.95918367346938,.NET 9.0.3
MultiSequenceLearning,S4,9,4867.6420038,42.51953125,2.401,4,88.88888888888889,.NET 9.0.3
MultiSequenceLearning,S5,9,4867.6420038,42.51953125,2.401,4,88.88888888888889,.NET 9.0.3
MultiSequenceLearning,S6,9,4867.6420038,42.51953125,2.401,4,88.88888888888889,.NET 9.0.3
MultiSequenceLearning,S7,9,4867.6420038,42.51953125,2.401,4,88.88888888888889,.NET 9.0.3
MultiSequenceLearning,S8,9,4867.6420038,42.51953125,2.401,4,88.88888888888889,.NET 9.0.3
MultiSequenceLearning,S9,9,4867.6420038,42.51953125,2.401,4,88.88888888888889,.NET 9.0.3
MultiSequenceLearning,S10,9,4867.6420038,42.51953125,2.401,4,88.88888888888889,.NET 9.0.3
MultiSequenceLearning,S11,9,4867.6420038,42.51953125,2.401,4,88.88888888888889,.NET 9.0.3
MultiSequenceLearning,S12,9,4867.6420038,42.51953125,2.401,4,88.88888888888889,.NET 9.0.3
MultiSequenceLearning,S13,9,4867.6420038,42.51953125,2.401,4,88.88888888888889,.NET 9.0.3
MultiSequenceLearning,S14,9,4867.6420038,42.51953125,2.401,4,88.88888888888889,.NET 9.0.3
MultiSequenceLearning,S15,9,4867.6420038,42.51953125,2.401,4,88.88888888888889,.NET 9.0.3
MultiSequenceLearning,S16,9,4867.6420038,42.51953125,2.401,4,88.88888888888889,.NET 9.0.3
MultiSequenceLearning,S17,9,4867.6420038,42.51953125,2.401,4,88.88888888888889,.NET 9.0.3
MultiSequenceLearning,S18,9,4867.6420038,42.51953125,2.401,4,88.88888888888889,.NET 9.0.3
MultiSequenceLearning,S19,9,4867.6420038,42.51953125,2.401,4,88.88888888888889,.NET 9.0.3
MultiSequenceLearning,S20,9,4867.6420038,42.51953125,2.401,4,88.88888888888889,.NET 9.0.3
MultiSequenceLearning,S21,9,4867.6420038,42.51953125,2.401,4,88.88888888888889,.NET 9.0.3
MultiSequenceLearning,S22,9,4867.6420038,42.51953125,2.401,4,88.88888888888889,.NET 9.0.3
MultiSequenceLearning,S23,9,4867.6420038,42.51953125,2.401,4,88.88888888888889,.NET 9.0.3
MultiSequenceLearning,S24,9,4867.6420038,42.51953125,2.401,4,88.88888888888889,.NET 9.0.3
MultiSequenceLearning,S25,9,4867.6420038,42.51953125,2.401,4,88.88888888888889,.NET 9.0.3
MultiSequenceLearning,S26,9,4867.6420038,42.51953125,2.401,4,88.88888888888889,.NET 9.0.3
MultiSequenceLearning,S27,9,4867.6420038,42.51953125,2.401,4,88.88888888888889,.NET 9.0.3
MultiSequenceLearning,S28,9,4867.6420038,42.51953125,2.401,4,88.88888888888889,.NET 9.0.3
MultiSequenceLearning,S29,9,4867.6420038,42.51953125,2.401,4,88.88888888888889,.NET 9.0.3
MultiSequenceLearning,S30,9,4867.6420038,42.51953125,2.401,4,88.88888888888889,.NET 9.0.3
MultiSequenceLearning,S1,49,4867.6420038,42.51953125,2.401,4,100,.NET 9.0.3
MultiSequenceLearning,S2,49,4867.6420038,42.51953125,2.401,4,97.95918367346938,.NET 9.0.3
MultiSequenceLearning,S3,49,4867.6420038,42.51953125,2.401,4,97.95918367346938,.NET 9.0.3
MultiSequenceLearning,S4,9,4867.6420038,42.51953125,2.401,4,88.88888888888889,.NET 9.0.3
MultiSequenceLearning,S5,9,4867.6420038,42.51953125,2.401,4,88.88888888888889,.NET 9.0.3
MultiSequenceLearning,S6,9,4867.6420038,42.51953125,2.401,4,88.88888888888889,.NET 9.0.3
MultiSequenceLearning,S7,9,4867.6420038,42.51953125,2.401,4,88.88888888888889,.NET 9.0.3
MultiSequenceLearning,S8,9,4867.6420038,42.51953125,2.401,4,88.88888888888889,.NET 9.0.3
MultiSequenceLearning,S9,9,4867.6420038,42.51953125,2.401,4,88.88888888888889,.NET 9.0.3
MultiSequenceLearning,S10,9,4867.6420038,42.51953125,2.401,4,88.88888888888889,.NET 9.0.3
MultiSequenceLearning,S11,9,4867.6420038,42.51953125,2.401,4,88.88888888888889,.NET 9.0.3
MultiSequenceLearning,S12,9,4867.6420038,42.51953125,2.401,4,88.88888888888889,.NET 9.0.3
MultiSequenceLearning,S13,9,4867.6420038,42.51953125,2.401,4,88.88888888888889,.NET 9.0.3
MultiSequenceLearning,S14,9,4867.6420038,42.51953125,2.401,4,88.88888888888889,.NET 9.0.3
MultiSequenceLearning,S15,9,4867.6420038,42.51953125,2.401,4,88.88888888888889,.NET 9.0.3
MultiSequenceLearning,S16,9,4867.6420038,42.51953125,2.401,4,88.88888888888889,.NET 9.0.3
MultiSequenceLearning,S17,9,4867.6420038,42.51953125,2.401,4,88.88888888888889,.NET 9.0.3
MultiSequenceLearning,S18,9,4867.6420038,42.51953125,2.401,4,88.88888888888889,.NET 9.0.3
MultiSequenceLearning,S19,9,4867.6420038,42.51953125,2.401,4,88.88888888888889,.NET 9.0.3
MultiSequenceLearning,S20,9,4867.6420038,42.51953125,2.401,4,88.88888888888889,.NET 9.0.3
MultiSequenceLearning,S21,9,4867.6420038,42.51953125,2.401,4,88.88888888888889,.NET 9.0.3
MultiSequenceLearning,S22,9,4867.6420038,42.51953125,2.401,4,88.88888888888889,.NET 9.0.3
MultiSequenceLearning,S23,9,4867.6420038,42.51953125,2.401,4,88.88888888888889,.NET 9.0.3
MultiSequenceLearning,S24,9,4867.6420038,42.51953125,2.401,4,88.88888888888889,.NET 9.0.3
MultiSequenceLearning,S25,9,4867.6420038,42.51953125,2.401,4,88.88888888888889,.NET 9.0.3
MultiSequenceLearning,S26,9,4867.6420038,42.51953125,2.401,4,88.88888888888889,.NET 9.0.3
MultiSequenceLearning,S27,9,4867.6420038,42.51953125,2.401,4,88.88888888888889,.NET 9.0.3
MultiSequenceLearning,S28,9,4867.6420038,42.51953125,2.401,4,88.88888888888889,.NET 9.0.3
MultiSequenceLearning,S29,9,4867.6420038,42.51953125,2.401,4,88.88888888888889,.NET 9.0.3
MultiSequenceLearning,S30,9,4867.6420038,42.51953125,2.401,4,88.88888888888889,.NET 9.0.3
MultiSequenceLearning,S1,49,4867.6420038,42.51953125,2.401,4,100,.NET 9.0.3
MultiSequenceLearning,S2,49,4867.6420038,42.51953125,2.401,4,97.95918367346938,.NET 9.0.3
MultiSequenceLearning,S3,49,4867.6420038,42.51953125,2.401,4,97.95918367346938,.NET 9.0.3
MultiSequenceLearning,S4,9,4867.6420038,42.51953125,2.401,4,88.88888888888889,.NET 9.0.3
MultiSequenceLearning,S5,9,4867.6420038,42.51953125,2.401,4,88.88888888888889,.NET 9.0.3
MultiSequenceLearning,S6,9,4867.6420038,42.51953125,2.401,4,88.88888888888889,.NET 9.0.3
MultiSequenceLearning,S7,9,4867.6420038,42.51953125,2.401,4,88.88888888888889,.NET 9.0.3
MultiSequenceLearning,S8,9,4867.6420038,42.51953125,2.401,4,88.88888888888889,.NET 9.0.3
MultiSequenceLearning,S9,9,4867.6420038,42.51953125,2.401,4,88.88888888888889,.NET 9.0.3
MultiSequenceLearning,S10,9,4867.6420038,42.51953125,2.401,4,88.88888888888889,.NET 9.0.3
MultiSequenceLearning,S11,9,4867.6420038,42.51953125,2.401,4,88.88888888888889,.NET 9.0.3
MultiSequenceLearning,S12,9,4867.6420038,42.51953125,2.401,4,88.88888888888889,.NET 9.0.3
MultiSequenceLearning,S13,9,4867.6420038,42.51953125,2.401,4,88.88888888888889,.NET 9.0.3
MultiSequenceLearning,S14,9,4867.6420038,42.51953125,2.401,4,88.88888888888889,.NET 9.0.3
MultiSequenceLearning,S15,9,4867.6420038,42.51953125,2.401,4,88.88888888888889,.NET 9.0.3
MultiSequenceLearning,S16,9,4867.6420038,42.51953125,2.401,4,88.88888888888889,.NET 9.0.3
MultiSequenceLearning,S17,9,4867.6420038,42.51953125,2.401,4,88.88888888888889,.NET 9.0.3
MultiSequenceLearning,S18,9,4867.6420038,42.51953125,2.401,4,88.88888888888889,.NET 9.0.3
MultiSequenceLearning,S19,9,4867.6420038,42.51953125,2.401,4,88.88888888888889,.NET 9.0.3
MultiSequenceLearning,S20,9,4867.6420038,42.51953125,2.401,4,88.88888888888889,.NET 9.0.3
MultiSequenceLearning,S21,9,4867.6420038,42.51953125,2.401,4,88.88888888888889,.NET 9.0.3
MultiSequenceLearning,S22,9,4867.6420038,42.51953125,2.401,4,88.88888888888889,.NET 9.0.3
MultiSequenceLearning,S23,9,4867.6420038,42.51953125,2.401,4,88.88888888888889,.NET 9.0.3
MultiSequenceLearning,S24,9,4867.6420038,42.51953125,2.401,4,88.88888888888889,.NET 9.0.3
MultiSequenceLearning,S25,9,4867.6420038,42.51953125,2.401,4,88.88888888888889,.NET 9.0.3
MultiSequenceLearning,S26,9,4867.6420038,42.51953125,2.401,4,88.88888888888889,.NET 9.0.3
MultiSequenceLearning,S27,9,4867.6420038,42.51953125,2.401,4,88.88888888888889,.NET 9.0.3
MultiSequenceLearning,S28,9,4867.6420038,42.51953125,2.401,4,88.88888888888889,.NET 9.0.3
MultiSequenceLearning,S29,9,4867.6420038,42.51953125,2.401,4,88.88888888888889,.NET 9.0.3
MultiSequenceLearning,S30,9,4867.6420038,42.51953125,2.401,4,88.88888888888889,.NET 9.0.3
MultiSequenceLearning,S1,49,4867.6420038,42.51953125,2.401,4,100,.NET 9.0.3
MultiSequenceLearning,S2,49,4867.6420038,42.51953125,2.401,4,97.95918367346938,.NET 9.0.3
MultiSequenceLearning,S3,49,4867.6420038,42.51953125,2.401,4,97.95918367346938,.NET 9.0.3
MultiSequenceLearning,S4,9,4867.6420038,42.51953125,2.401,4,88.88888888888889,.NET 9.0.3
MultiSequenceLearning,S5,9,4867.6420038,42.51953125,2.401,4,88.88888888888889,.NET 9.0.3
MultiSequenceLearning,S6,9,4867.6420038,42.51953125,2.401,4,88.88888888888889,.NET 9.0.3
MultiSequenceLearning,S7,9,4867.6420038,42.51953125,2.401,4,88.88888888888889,.NET 9.0.3
MultiSequenceLearning,S8,9,4867.6420038,42.51953125,2.401,4,88.88888888888889,.NET 9.0.3
MultiSequenceLearning,S9,9,4867.6420038,42.51953125,2.401,4,88.88888888888889,.NET 9.0.3
MultiSequenceLearning,S10,9,4867.6420038,42.51953125,2.401,4,88.88888888888889,.NET 9.0.3
MultiSequenceLearning,S11,9,4867.6420038,42.51953125,2.401,4,88.88888888888889,.NET 9.0.3
MultiSequenceLearning,S12,9,4867.6420038,42.51953125,2.401,4,88.88888888888889,.NET 9.0.3
MultiSequenceLearning,S13,9,4867.6420038,42.51953125,2.401,4,88.88888888888889,.NET 9.0.3
MultiSequenceLearning,S14,9,4867.6420038,42.51953125,2.401,4,88.88888888888889,.NET 9.0.3
MultiSequenceLearning,S15,9,4867.6420038,42.51953125,2.401,4,88.88888888888889,.NET 9.0.3
MultiSequenceLearning,S16,9,4867.6420038,42.51953125,2.401,4,88.88888888888889,.NET 9.0.3
MultiSequenceLearning,S17,9,4867.6420038,42.51953125,2.401,4,88.88888888888889,.NET 9.0.3
MultiSequenceLearning,S18,9,4867.6420038,42.51953125,2.401,4,88.88888888888889,.NET 9.0.3
MultiSequenceLearning,S19,9,4867.6420038,42.51953125,2.401,4,88.88888888888889,.NET 9.0.3
MultiSequenceLearning,S20,9,4867.6420038,42.51953125,2.401,4,88.88888888888889,.NET 9.0.3
MultiSequenceLearning,S21,9,4867.6420038,42.51953125,2.401,4,88.88888888888889,.NET 9.0.3
MultiSequenceLearning,S22,9,4867.6420038,42.51953125,2.401,4,88.88888888888889,.NET 9.0.3
MultiSequenceLearning,S23,9,4867.6420038,42.51953125,2.401,4,88.88888888888889,.NET 9.0.3
MultiSequenceLearning,S24,9,4867.6420038,42.51953125,2.401,4,88.88888888888889,.NET 9.0.3
MultiSequenceLearning,S25,9,4867.6420038,42.51953125,2.401,4,88.88888888888889,.NET 9.0.3
MultiSequenceLearning,S26,9,4867.6420038,42.51953125,2.401,4,88.88888888888889,.NET 9.0.3
MultiSequenceLearning,S27,9,4867.6420038,42.51953125,2.401,4,88.88888888888889,.NET 9.0.3
MultiSequenceLearning,S28,9,4867.6420038,42.51953125,2.401,4,88.88888888888889,.NET 9.0.3
MultiSequenceLearning,S29,9,4867.6420038,42.51953125,2.401,4,88.88888888888889,.NET 9.0.3
MultiSequenceLearning,S30,9,4867.6420038,42.51953125,2.401,4,88.88888888888889,.NET 9.0.3
MultiSequenceLearning,S1,49,3126.574191,33.6015625,2.401,5,100,.NET 9.0.3
MultiSequenceLearning,S2,49,3126.574191,33.6015625,2.401,5,97.95918367346938,.NET 9.0.3
MultiSequenceLearning,S3,49,3126.574191,33.6015625,2.401,5,97.95918367346938,.NET 9.0.3
MultiSequenceLearning,S4,9,3126.574191,33.6015625,2.401,5,88.88888888888889,.NET 9.0.3
MultiSequenceLearning,S5,9,3126.574191,33.6015625,2.401,5,88.88888888888889,.NET 9.0.3
MultiSequenceLearning,S6,9,3126.574191,33.6015625,2.401,5,88.88888888888889,.NET 9.0.3
MultiSequenceLearning,S7,9,3126.574191,33.6015625,2.401,5,88.88888888888889,.NET 9.0.3
MultiSequenceLearning,S8,9,3126.574191,33.6015625,2.401,5,88.88888888888889,.NET 9.0.3
MultiSequenceLearning,S9,9,3126.574191,33.6015625,2.401,5,88.88888888888889,.NET 9.0.3
MultiSequenceLearning,S10,9,3126.574191,33.6015625,2.401,5,88.88888888888889,.NET 9.0.3
MultiSequenceLearning,S11,9,3126.574191,33.6015625,2.401,5,88.88888888888889,.NET 9.0.3
MultiSequenceLearning,S12,9,3126.574191,33.6015625,2.401,5,88.88888888888889,.NET 9.0.3
MultiSequenceLearning,S13,9,3126.574191,33.6015625,2.401,5,88.88888888888889,.NET 9.0.3
MultiSequenceLearning,S14,9,3126.574191,33.6015625,2.401,5,88.88888888888889,.NET 9.0.3
MultiSequenceLearning,S15,9,3126.574191,33.6015625,2.401,5,88.88888888888889,.NET 9.0.3
MultiSequenceLearning,S16,9,3126.574191,33.6015625,2.401,5,88.88888888888889,.NET 9.0.3
MultiSequenceLearning,S17,9,3126.574191,33.6015625,2.401,5,88.88888888888889,.NET 9.0.3
MultiSequenceLearning,S18,9,3126.574191,33.6015625,2.401,5,88.88888888888889,.NET 9.0.3
MultiSequenceLearning,S19,9,3126.574191,33.6015625,2.401,5,88.88888888888889,.NET 9.0.3
MultiSequenceLearning,S20,9,3126.574191,33.6015625,2.401,5,88.88888888888889,.NET 9.0.3
MultiSequenceLearning,S21,9,3126.574191,33.6015625,2.401,5,88.88888888888889,.NET 9.0.3
MultiSequenceLearning,S22,9,3126.574191,33.6015625,2.401,5,88.88888888888889,.NET 9.0.3
MultiSequenceLearning,S23,9,3126.574191,33.6015625,2.401,5,88.88888888888889,.NET 9.0.3
MultiSequenceLearning,S24,9,3126.574191,33.6015625,2.401,5,88.88888888888889,.NET 9.0.3
MultiSequenceLearning,S25,9,3126.574191,33.6015625,2.401,5,88.88888888888889,.NET 9.0.3
MultiSequenceLearning,S26,9,3126.574191,33.6015625,2.401,5,88.88888888888889,.NET 9.0.3
MultiSequenceLearning,S27,9,3126.574191,33.6015625,2.401,5,88.88888888888889,.NET 9.0.3
MultiSequenceLearning,S28,9,3126.574191,33.6015625,2.401,5,88.88888888888889,.NET 9.0.3
MultiSequenceLearning,S29,9,3126.574191,33.6015625,2.401,5,88.88888888888889,.NET 9.0.3
MultiSequenceLearning,S30,9,3126.574191,33.6015625,2.401,5,88.88888888888889,.NET 9.0.3
MultiSequenceLearning,S1,49,3126.574191,33.6015625,2.401,5,100,.NET 9.0.3
MultiSequenceLearning,S2,49,3126.574191,33.6015625,2.401,5,97.95918367346938,.NET 9.0.3
MultiSequenceLearning,S3,49,3126.574191,33.6015625,2.401,5,97.95918367346938,.NET 9.0.3
MultiSequenceLearning,S4,9,3126.574191,33.6015625,2.401,5,88.88888888888889,.NET 9.0.3
MultiSequenceLearning,S5,9,3126.574191,33.6015625,2.401,5,88.88888888888889,.NET 9.0.3
MultiSequenceLearning,S6,9,3126.574191,33.6015625,2.401,5,88.88888888888889,.NET 9.0.3
MultiSequenceLearning,S7,9,3126.574191,33.6015625,2.401,5,88.88888888888889,.NET 9.0.3
MultiSequenceLearning,S8,9,3126.574191,33.6015625,2.401,5,88.88888888888889,.NET 9.0.3
MultiSequenceLearning,S9,9,3126.574191,33.6015625,2.401,5,88.88888888888889,.NET 9.0.3
MultiSequenceLearning,S10,9,3126.574191,33.6015625,2.401,5,88.88888888888889,.NET 9.0.3
MultiSequenceLearning,S11,9,3126.574191,33.6015625,2.401,5,88.88888888888889,.NET 9.0.3
MultiSequenceLearning,S12,9,3126.574191,33.6015625,2.401,5,88.88888888888889,.NET 9.0.3
MultiSequenceLearning,S13,9,3126.574191,33.6015625,2.401,5,88.88888888888889,.NET 9.0.3
MultiSequenceLearning,S14,9,3126.574191,33.6015625,2.401,5,88.88888888888889,.NET 9.0.3
MultiSequenceLearning,S15,9,3126.574191,33.6015625,2.401,5,88.88888888888889,.NET 9.0.3
MultiSequenceLearning,S16,9,3126.574191,33.6015625,2.401,5,88.88888888888889,.NET 9.0.3
MultiSequenceLearning,S17,9,3126.574191,33.6015625,2.401,5,88.88888888888889,.NET 9.0.3
MultiSequenceLearning,S18,9,3126.574191,33.6015625,2.401,5,88.88888888888889,.NET 9.0.3
MultiSequenceLearning,S19,9,3126.574191,33.6015625,2.401,5,88.88888888888889,.NET 9.0.3
MultiSequenceLearning,S20,9,3126.574191,33.6015625,2.401,5,88.88888888888889,.NET 9.0.3
MultiSequenceLearning,S21,9,3126.574191,33.6015625,2.401,5,88.88888888888889,.NET 9.0.3
MultiSequenceLearning,S22,9,3126.574191,33.6015625,2.401,5,88.88888888888889,.NET 9.0.3
MultiSequenceLearning,S23,9,3126.574191,33.6015625,2.401,5,88.88888888888889,.NET 9.0.3
MultiSequenceLearning,S24,9,3126.574191,33.6015625,2.401,5,88.88888888888889,.NET 9.0.3
MultiSequenceLearning,S25,9,3126.574191,33.6015625,2.401,5,88.88888888888889,.NET 9.0.3
MultiSequenceLearning,S26,9,3126.574191,33.6015625,2.401,5,88.88888888888889,.NET 9.0.3
MultiSequenceLearning,S27,9,3126.574191,33.6015625,2.401,5,88.88888888888889,.NET 9.0.3
MultiSequenceLearning,S28,9,3126.574191,33.6015625,2.401,5,88.88888888888889,.NET 9.0.3
MultiSequenceLearning,S29,9,3126.574191,33.6015625,2.401,5,88.88888888888889,.NET 9.0.3
MultiSequenceLearning,S30,9,3126.574191,33.6015625,2.401,5,88.88888888888889,.NET 9.0.3
MultiSequenceLearning,S1,49,3126.574191,33.6015625,2.401,5,100,.NET 9.0.3
MultiSequenceLearning,S2,49,3126.574191,33.6015625,2.401,5,97.95918367346938,.NET 9.0.3
MultiSequenceLearning,S3,49,3126.574191,33.6015625,2.401,5,97.95918367346938,.NET 9.0.3
MultiSequenceLearning,S4,9,3126.574191,33.6015625,2.401,5,88.88888888888889,.NET 9.0.3
MultiSequenceLearning,S5,9,3126.574191,33.6015625,2.401,5,88.88888888888889,.NET 9.0.3
MultiSequenceLearning,S6,9,3126.574191,33.6015625,2.401,5,88.88888888888889,.NET 9.0.3
MultiSequenceLearning,S7,9,3126.574191,33.6015625,2.401,5,88.88888888888889,.NET 9.0.3
MultiSequenceLearning,S8,9,3126.574191,33.6015625,2.401,5,88.88888888888889,.NET 9.0.3
MultiSequenceLearning,S9,9,3126.574191,33.6015625,2.401,5,88.88888888888889,.NET 9.0.3
MultiSequenceLearning,S10,9,3126.574191,33.6015625,2.401,5,88.88888888888889,.NET 9.0.3
MultiSequenceLearning,S11,9,3126.574191,33.6015625,2.401,5,88.88888888888889,.NET 9.0.3
MultiSequenceLearning,S12,9,3126.574191,33.6015625,2.401,5,88.88888888888889,.NET 9.0.3
MultiSequenceLearning,S13,9,3126.574191,33.6015625,2.401,5,88.88888888888889,.NET 9.0.3
MultiSequenceLearning,S14,9,3126.574191,33.6015625,2.401,5,88.88888888888889,.NET 9.0.3
MultiSequenceLearning,S15,9,3126.574191,33.6015625,2.401,5,88.88888888888889,.NET 9.0.3
MultiSequenceLearning,S16,9,3126.574191,33.6015625,2.401,5,88.88888888888889,.NET 9.0.3
MultiSequenceLearning,S17,9,3126.574191,33.6015625,2.401,5,88.88888888888889,.NET 9.0.3
MultiSequenceLearning,S18,9,3126.574191,33.6015625,2.401,5,88.88888888888889,.NET 9.0.3
MultiSequenceLearning,S19,9,3126.574191,33.6015625,2.401,5,88.88888888888889,.NET 9.0.3
MultiSequenceLearning,S20,9,3126.574191,33.6015625,2.401,5,88.88888888888889,.NET 9.0.3
MultiSequenceLearning,S21,9,3126.574191,33.6015625,2.401,5,88.88888888888889,.NET 9.0.3
MultiSequenceLearning,S22,9,3126.574191,33.6015625,2.401,5,88.88888888888889,.NET 9.0.3
MultiSequenceLearning,S23,9,3126.574191,33.6015625,2.401,5,88.88888888888889,.NET 9.0.3
MultiSequenceLearning,S24,9,3126.574191,33.6015625,2.401,5,88.88888888888889,.NET 9.0.3
MultiSequenceLearning,S25,9,3126.574191,33.6015625,2.401,5,88.88888888888889,.NET 9.0.3
MultiSequenceLearning,S26,9,3126.574191,33.6015625,2.401,5,88.88888888888889,.NET 9.0.3
MultiSequenceLearning,S27,9,3126.574191,33.6015625,2.401,5,88.88888888888889,.NET 9.0.3
MultiSequenceLearning,S28,9,3126.574191,33.6015625,2.401,5,88.88888888888889,.NET 9.0.3
MultiSequenceLearning,S29,9,3126.574191,33.6015625,2.401,5,88.88888888888889,.NET 9.0.3
MultiSequenceLearning,S30,9,3126.574191,33.6015625,2.401,5,88.88888888888889,.NET 9.0.3
MultiSequenceLearning,S1,49,3126.574191,33.6015625,2.401,5,100,.NET 9.0.3
MultiSequenceLearning,S2,49,3126.574191,33.6015625,2.401,5,97.95918367346938,.NET 9.0.3
MultiSequenceLearning,S3,49,3126.574191,33.6015625,2.401,5,97.95918367346938,.NET 9.0.3
MultiSequenceLearning,S4,9,3126.574191,33.6015625,2.401,5,88.88888888888889,.NET 9.0.3
MultiSequenceLearning,S5,9,3126.574191,33.6015625,2.401,5,88.88888888888889,.NET 9.0.3
MultiSequenceLearning,S6,9,3126.574191,33.6015625,2.401,5,88.88888888888889,.NET 9.0.3
MultiSequenceLearning,S7,9,3126.574191,33.6015625,2.401,5,88.88888888888889,.NET 9.0.3
MultiSequenceLearning,S8,9,3126.574191,33.6015625,2.401,5,88.88888888888889,.NET 9.0.3
MultiSequenceLearning,S9,9,3126.574191,33.6015625,2.401,5,88.88888888888889,.NET 9.0.3
MultiSequenceLearning,S10,9,3126.574191,33.6015625,2.401,5,88.88888888888889,.NET 9.0.3
MultiSequenceLearning,S11,9,3126.574191,33.6015625,2.401,5,88.88888888888889,.NET 9.0.3
MultiSequenceLearning,S12,9,3126.574191,33.6015625,2.401,5,88.88888888888889,.NET 9.0.3
MultiSequenceLearning,S13,9,3126.574191,33.6015625,2.401,5,88.88888888888889,.NET 9.0.3
MultiSequenceLearning,S14,9,3126.574191,33.6015625,2.401,5,88.88888888888889,.NET 9.0.3
MultiSequenceLearning,S15,9,3126.574191,33.6015625,2.401,5,88.88888888888889,.NET 9.0.3
MultiSequenceLearning,S16,9,3126.574191,33.6015625,2.401,5,88.88888888888889,.NET 9.0.3
MultiSequenceLearning,S17,9,3126.574191,33.6015625,2.401,5,88.88888888888889,.NET 9.0.3
MultiSequenceLearning,S18,9,3126.574191,33.6015625,2.401,5,88.88888888888889,.NET 9.0.3
MultiSequenceLearning,S19,9,3126.574191,33.6015625,2.401,5,88.88888888888889,.NET 9.0.3
MultiSequenceLearning,S20,9,3126.574191,33.6015625,2.401,5,88.88888888888889,.NET 9.0.3
MultiSequenceLearning,S21,9,3126.574191,33.6015625,2.401,5,88.88888888888889,.NET 9.0.3
MultiSequenceLearning,S22,9,3126.574191,33.6015625,2.401,5,88.88888888888889,.NET 9.0.3
MultiSequenceLearning,S23,9,3126.574191,33.6015625,2.401,5,88.88888888888889,.NET 9.0.3
MultiSequenceLearning,S24,9,3126.574191,33.6015625,2.401,5,88.88888888888889,.NET 9.0.3
MultiSequenceLearning,S25,9,3126.574191,33.6015625,2.401,5,88.88888888888889,.NET 9.0.3
MultiSequenceLearning,S26,9,3126.574191,33.6015625,2.401,5,88.88888888888889,.NET 9.0.3
MultiSequenceLearning,S27,9,3126.574191,33.6015625,2.401,5,88.88888888888889,.NET 9.0.3
MultiSequenceLearning,S28,9,3126.574191,33.6015625,2.401,5,88.88888888888889,.NET 9.0.3
MultiSequenceLearning,S29,9,3126.574191,33.6015625,2.401,5,88.88888888888889,.NET 9.0.3
MultiSequenceLearning,S30,9,3126.574191,33.6015625,2.401,5,88.88888888888889,.NET 9.0.3
MultiSequenceLearning,S1,49,966.9335687,41.9453125,2.401,6,100,.NET 9.0.3
MultiSequenceLearning,S2,49,966.9335687,41.9453125,2.401,6,97.95918367346938,.NET 9.0.3
MultiSequenceLearning,S3,49,966.9335687,41.9453125,2.401,6,97.95918367346938,.NET 9.0.3
MultiSequenceLearning,S4,9,966.9335687,41.9453125,2.401,6,88.88888888888889,.NET 9.0.3
MultiSequenceLearning,S5,9,966.9335687,41.9453125,2.401,6,88.88888888888889,.NET 9.0.3
MultiSequenceLearning,S6,9,966.9335687,41.9453125,2.401,6,88.88888888888889,.NET 9.0.3
MultiSequenceLearning,S7,9,966.9335687,41.9453125,2.401,6,88.88888888888889,.NET 9.0.3
MultiSequenceLearning,S8,9,966.9335687,41.9453125,2.401,6,88.88888888888889,.NET 9.0.3
MultiSequenceLearning,S9,9,966.9335687,41.9453125,2.401,6,88.88888888888889,.NET 9.0.3
MultiSequenceLearning,S10,9,966.9335687,41.9453125,2.401,6,88.88888888888889,.NET 9.0.3
MultiSequenceLearning,S11,9,966.9335687,41.9453125,2.401,6,88.88888888888889,.NET 9.0.3
MultiSequenceLearning,S12,9,966.9335687,41.9453125,2.401,6,88.88888888888889,.NET 9.0.3
MultiSequenceLearning,S13,9,966.9335687,41.9453125,2.401,6,88.88888888888889,.NET 9.0.3
MultiSequenceLearning,S14,9,966.9335687,41.9453125,2.401,6,88.88888888888889,.NET 9.0.3
MultiSequenceLearning,S15,9,966.9335687,41.9453125,2.401,6,88.88888888888889,.NET 9.0.3
MultiSequenceLearning,S16,9,966.9335687,41.9453125,2.401,6,88.88888888888889,.NET 9.0.3
MultiSequenceLearning,S17,9,966.9335687,41.9453125,2.401,6,88.88888888888889,.NET 9.0.3
MultiSequenceLearning,S18,9,966.9335687,41.9453125,2.401,6,88.88888888888889,.NET 9.0.3
MultiSequenceLearning,S19,9,966.9335687,41.9453125,2.401,6,88.88888888888889,.NET 9.0.3
MultiSequenceLearning,S20,9,966.9335687,41.9453125,2.401,6,88.88888888888889,.NET 9.0.3
MultiSequenceLearning,S21,9,966.9335687,41.9453125,2.401,6,88.88888888888889,.NET 9.0.3
MultiSequenceLearning,S22,9,966.9335687,41.9453125,2.401,6,88.88888888888889,.NET 9.0.3
MultiSequenceLearning,S23,9,966.9335687,41.9453125,2.401,6,88.88888888888889,.NET 9.0.3
MultiSequenceLearning,S24,9,966.9335687,41.9453125,2.401,6,88.88888888888889,.NET 9.0.3
MultiSequenceLearning,S25,9,966.9335687,41.9453125,2.401,6,88.88888888888889,.NET 9.0.3
MultiSequenceLearning,S26,9,966.9335687,41.9453125,2.401,6,88.88888888888889,.NET 9.0.3
MultiSequenceLearning,S27,9,966.9335687,41.9453125,2.401,6,88.88888888888889,.NET 9.0.3
MultiSequenceLearning,S28,9,966.9335687,41.9453125,2.401,6,88.88888888888889,.NET 9.0.3
MultiSequenceLearning,S29,9,966.9335687,41.9453125,2.401,6,88.88888888888889,.NET 9.0.3
MultiSequenceLearning,S30,9,966.9335687,41.9453125,2.401,6,88.88888888888889,.NET 9.0.3
MultiSequenceLearning,S1,49,966.9335687,41.9453125,2.401,6,100,.NET 9.0.3
MultiSequenceLearning,S2,49,966.9335687,41.9453125,2.401,6,97.95918367346938,.NET 9.0.3
MultiSequenceLearning,S3,49,966.9335687,41.9453125,2.401,6,97.95918367346938,.NET 9.0.3
MultiSequenceLearning,S4,9,966.9335687,41.9453125,2.401,6,88.88888888888889,.NET 9.0.3
MultiSequenceLearning,S5,9,966.9335687,41.9453125,2.401,6,88.88888888888889,.NET 9.0.3
MultiSequenceLearning,S6,9,966.9335687,41.9453125,2.401,6,88.88888888888889,.NET 9.0.3
MultiSequenceLearning,S7,9,966.9335687,41.9453125,2.401,6,88.88888888888889,.NET 9.0.3
MultiSequenceLearning,S8,9,966.9335687,41.9453125,2.401,6,88.88888888888889,.NET 9.0.3
MultiSequenceLearning,S9,9,966.9335687,41.9453125,2.401,6,88.88888888888889,.NET 9.0.3
MultiSequenceLearning,S10,9,966.9335687,41.9453125,2.401,6,88.88888888888889,.NET 9.0.3
MultiSequenceLearning,S11,9,966.9335687,41.9453125,2.401,6,88.88888888888889,.NET 9.0.3
MultiSequenceLearning,S12,9,966.9335687,41.9453125,2.401,6,88.88888888888889,.NET 9.0.3
MultiSequenceLearning,S13,9,966.9335687,41.9453125,2.401,6,88.88888888888889,.NET 9.0.3
MultiSequenceLearning,S14,9,966.9335687,41.9453125,2.401,6,88.88888888888889,.NET 9.0.3
MultiSequenceLearning,S15,9,966.9335687,41.9453125,2.401,6,88.88888888888889,.NET 9.0.3
MultiSequenceLearning,S16,9,966.9335687,41.9453125,2.401,6,88.88888888888889,.NET 9.0.3
MultiSequenceLearning,S17,9,966.9335687,41.9453125,2.401,6,88.88888888888889,.NET 9.0.3
MultiSequenceLearning,S18,9,966.9335687,41.9453125,2.401,6,88.88888888888889,.NET 9.0.3
MultiSequenceLearning,S19,9,966.9335687,41.9453125,2.401,6,88.88888888888889,.NET 9.0.3
MultiSequenceLearning,S20,9,966.9335687,41.9453125,2.401,6,88.88888888888889,.NET 9.0.3
MultiSequenceLearning,S21,9,966.9335687,41.9453125,2.401,6,88.88888888888889,.NET 9.0.3
MultiSequenceLearning,S22,9,966.9335687,41.9453125,2.401,6,88.88888888888889,.NET 9.0.3
MultiSequenceLearning,S23,9,966.9335687,41.9453125,2.401,6,88.88888888888889,.NET 9.0.3
MultiSequenceLearning,S24,9,966.9335687,41.9453125,2.401,6,88.88888888888889,.NET 9.0.3
MultiSequenceLearning,S25,9,966.9335687,41.9453125,2.401,6,88.88888888888889,.NET 9.0.3
MultiSequenceLearning,S26,9,966.9335687,41.9453125,2.401,6,88.88888888888889,.NET 9.0.3
MultiSequenceLearning,S27,9,966.9335687,41.9453125,2.401,6,88.88888888888889,.NET 9.0.3
MultiSequenceLearning,S28,9,966.9335687,41.9453125,2.401,6,88.88888888888889,.NET 9.0.3
MultiSequenceLearning,S29,9,966.9335687,41.9453125,2.401,6,88.88888888888889,.NET 9.0.3
MultiSequenceLearning,S30,9,966.9335687,41.9453125,2.401,6,88.88888888888889,.NET 9.0.3
MultiSequenceLearning,S1,49,966.9335687,41.9453125,2.401,6,100,.NET 9.0.3
MultiSequenceLearning,S2,49,966.9335687,41.9453125,2.401,6,97.95918367346938,.NET 9.0.3
MultiSequenceLearning,S3,49,966.9335687,41.9453125,2.401,6,97.95918367346938,.NET 9.0.3
MultiSequenceLearning,S4,9,966.9335687,41.9453125,2.401,6,88.88888888888889,.NET 9.0.3
MultiSequenceLearning,S5,9,966.9335687,41.9453125,2.401,6,88.88888888888889,.NET 9.0.3
MultiSequenceLearning,S6,9,966.9335687,41.9453125,2.401,6,88.88888888888889,.NET 9.0.3
MultiSequenceLearning,S7,9,966.9335687,41.9453125,2.401,6,88.88888888888889,.NET 9.0.3
MultiSequenceLearning,S8,9,966.9335687,41.9453125,2.401,6,88.88888888888889,.NET 9.0.3
MultiSequenceLearning,S9,9,966.9335687,41.9453125,2.401,6,88.88888888888889,.NET 9.0.3
MultiSequenceLearning,S10,9,966.9335687,41.9453125,2.401,6,88.88888888888889,.NET 9.0.3
MultiSequenceLearning,S11,9,966.9335687,41.9453125,2.401,6,88.88888888888889,.NET 9.0.3
MultiSequenceLearning,S12,9,966.9335687,41.9453125,2.401,6,88.88888888888889,.NET 9.0.3
MultiSequenceLearning,S13,9,966.9335687,41.9453125,2.401,6,88.88888888888889,.NET 9.0.3
MultiSequenceLearning,S14,9,966.9335687,41.9453125,2.401,6,88.88888888888889,.NET 9.0.3
MultiSequenceLearning,S15,9,966.9335687,41.9453125,2.401,6,88.88888888888889,.NET 9.0.3
MultiSequenceLearning,S16,9,966.9335687,41.9453125,2.401,6,88.88888888888889,.NET 9.0.3
MultiSequenceLearning,S17,9,966.9335687,41.9453125,2.401,6,88.88888888888889,.NET 9.0.3
MultiSequenceLearning,S18,9,966.9335687,41.9453125,2.401,6,88.88888888888889,.NET 9.0.3
MultiSequenceLearning,S19,9,966.9335687,41.9453125,2.401,6,88.88888888888889,.NET 9.0.3
MultiSequenceLearning,S20,9,966.9335687,41.9453125,2.401,6,88.88888888888889,.NET 9.0.3
MultiSequenceLearning,S21,9,966.9335687,41.9453125,2.401,6,88.88888888888889,.NET 9.0.3
MultiSequenceLearning,S22,9,966.9335687,41.9453125,2.401,6,88.88888888888889,.NET 9.0.3
MultiSequenceLearning,S23,9,966.9335687,41.9453125,2.401,6,88.88888888888889,.NET 9.0.3
MultiSequenceLearning,S24,9,966.9335687,41.9453125,2.401,6,88.88888888888889,.NET 9.0.3
MultiSequenceLearning,S25,9,966.9335687,41.9453125,2.401,6,88.88888888888889,.NET 9.0.3
MultiSequenceLearning,S26,9,966.9335687,41.9453125,2.401,6,88.88888888888889,.NET 9.0.3
MultiSequenceLearning,S27,9,966.9335687,41.9453125,2.401,6,88.88888888888889,.NET 9.0.3
MultiSequenceLearning,S28,9,966.9335687,41.9453125,2.401,6,88.88888888888889,.NET 9.0.3
MultiSequenceLearning,S29,9,966.9335687,41.9453125,2.401,6,88.88888888888889,.NET 9.0.3
MultiSequenceLearning,S30,9,966.9335687,41.9453125,2.401,6,88.88888888888889,.NET 9.0.3
MultiSequenceLearning,S1,49,966.9335687,41.9453125,2.401,6,100,.NET 9.0.3
MultiSequenceLearning,S2,49,966.9335687,41.9453125,2.401,6,97.95918367346938,.NET 9.0.3
MultiSequenceLearning,S3,49,966.9335687,41.9453125,2.401,6,97.95918367346938,.NET 9.0.3
MultiSequenceLearning,S4,9,966.9335687,41.9453125,2.401,6,88.88888888888889,.NET 9.0.3
MultiSequenceLearning,S5,9,966.9335687,41.9453125,2.401,6,88.88888888888889,.NET 9.0.3
MultiSequenceLearning,S6,9,966.9335687,41.9453125,2.401,6,88.88888888888889,.NET 9.0.3
MultiSequenceLearning,S7,9,966.9335687,41.9453125,2.401,6,88.88888888888889,.NET 9.0.3
MultiSequenceLearning,S8,9,966.9335687,41.9453125,2.401,6,88.88888888888889,.NET 9.0.3
MultiSequenceLearning,S9,9,966.9335687,41.9453125,2.401,6,88.88888888888889,.NET 9.0.3
MultiSequenceLearning,S10,9,966.9335687,41.9453125,2.401,6,88.88888888888889,.NET 9.0.3
MultiSequenceLearning,S11,9,966.9335687,41.9453125,2.401,6,88.88888888888889,.NET 9.0.3
MultiSequenceLearning,S12,9,966.9335687,41.9453125,2.401,6,88.88888888888889,.NET 9.0.3
MultiSequenceLearning,S13,9,966.9335687,41.9453125,2.401,6,88.88888888888889,.NET 9.0.3
MultiSequenceLearning,S14,9,966.9335687,41.9453125,2.401,6,88.88888888888889,.NET 9.0.3
MultiSequenceLearning,S15,9,966.9335687,41.9453125,2.401,6,88.88888888888889,.NET 9.0.3
MultiSequenceLearning,S16,9,966.9335687,41.9453125,2.401,6,88.88888888888889,.NET 9.0.3
MultiSequenceLearning,S17,9,966.9335687,41.9453125,2.401,6,88.88888888888889,.NET 9.0.3
MultiSequenceLearning,S18,9,966.9335687,41.9453125,2.401,6,88.88888888888889,.NET 9.0.3
MultiSequenceLearning,S19,9,966.9335687,41.9453125,2.401,6,88.88888888888889,.NET 9.0.3
MultiSequenceLearning,S20,9,966.9335687,41.9453125,2.401,6,88.88888888888889,.NET 9.0.3
MultiSequenceLearning,S21,9,966.9335687,41.9453125,2.401,6,88.88888888888889,.NET 9.0.3
MultiSequenceLearning,S22,9,966.9335687,41.9453125,2.401,6,88.88888888888889,.NET 9.0.3
MultiSequenceLearning,S23,9,966.9335687,41.9453125,2.401,6,88.88888888888889,.NET 9.0.3
MultiSequenceLearning,S24,9,966.9335687,41.9453125,2.401,6,88.88888888888889,.NET 9.0.3
MultiSequenceLearning,S25,9,966.9335687,41.9453125,2.401,6,88.88888888888889,.NET 9.0.3
MultiSequenceLearning,S26,9,966.9335687,41.9453125,2.401,6,88.88888888888889,.NET 9.0.3
MultiSequenceLearning,S27,9,966.9335687,41.9453125,2.401,6,88.88888888888889,.NET 9.0.3
MultiSequenceLearning,S28,9,966.9335687,41.9453125,2.401,6,88.88888888888889,.NET 9.0.3
MultiSequenceLearning,S29,9,966.9335687,41.9453125,2.401,6,88.88888888888889,.NET 9.0.3
MultiSequenceLearning,S30,9,966.9335687,41.9453125,2.401,6,88.88888888888889,.NET 9.0.3
MultiSequenceLearning,S1,49,1044.0610637,39.640625,2.401,7,100,.NET 9.0.3
MultiSequenceLearning,S2,49,1044.0610637,39.640625,2.401,7,97.95918367346938,.NET 9.0.3
MultiSequenceLearning,S3,49,1044.0610637,39.640625,2.401,7,97.95918367346938,.NET 9.0.3
MultiSequenceLearning,S4,9,1044.0610637,39.640625,2.401,7,88.88888888888889,.NET 9.0.3
MultiSequenceLearning,S5,9,1044.0610637,39.640625,2.401,7,88.88888888888889,.NET 9.0.3
MultiSequenceLearning,S6,9,1044.0610637,39.640625,2.401,7,88.88888888888889,.NET 9.0.3
MultiSequenceLearning,S7,9,1044.0610637,39.640625,2.401,7,88.88888888888889,.NET 9.0.3
MultiSequenceLearning,S8,9,1044.0610637,39.640625,2.401,7,88.88888888888889,.NET 9.0.3
MultiSequenceLearning,S9,9,1044.0610637,39.640625,2.401,7,88.88888888888889,.NET 9.0.3
MultiSequenceLearning,S10,9,1044.0610637,39.640625,2.401,7,88.88888888888889,.NET 9.0.3
MultiSequenceLearning,S11,9,1044.0610637,39.640625,2.401,7,88.88888888888889,.NET 9.0.3
MultiSequenceLearning,S12,9,1044.0610637,39.640625,2.401,7,88.88888888888889,.NET 9.0.3
MultiSequenceLearning,S13,9,1044.0610637,39.640625,2.401,7,88.88888888888889,.NET 9.0.3
MultiSequenceLearning,S14,9,1044.0610637,39.640625,2.401,7,88.88888888888889,.NET 9.0.3
MultiSequenceLearning,S15,9,1044.0610637,39.640625,2.401,7,88.88888888888889,.NET 9.0.3
MultiSequenceLearning,S16,9,1044.0610637,39.640625,2.401,7,88.88888888888889,.NET 9.0.3
MultiSequenceLearning,S17,9,1044.0610637,39.640625,2.401,7,88.88888888888889,.NET 9.0.3
MultiSequenceLearning,S18,9,1044.0610637,39.640625,2.401,7,88.88888888888889,.NET 9.0.3
MultiSequenceLearning,S19,9,1044.0610637,39.640625,2.401,7,88.88888888888889,.NET 9.0.3
MultiSequenceLearning,S20,9,1044.0610637,39.640625,2.401,7,88.88888888888889,.NET 9.0.3
MultiSequenceLearning,S21,9,1044.0610637,39.640625,2.401,7,88.88888888888889,.NET 9.0.3
MultiSequenceLearning,S22,9,1044.0610637,39.640625,2.401,7,88.88888888888889,.NET 9.0.3
MultiSequenceLearning,S23,9,1044.0610637,39.640625,2.401,7,88.88888888888889,.NET 9.0.3
MultiSequenceLearning,S24,9,1044.0610637,39.640625,2.401,7,88.88888888888889,.NET 9.0.3
MultiSequenceLearning,S25,9,1044.0610637,39.640625,2.401,7,88.88888888888889,.NET 9.0.3
MultiSequenceLearning,S26,9,1044.0610637,39.640625,2.401,7,88.88888888888889,.NET 9.0.3
MultiSequenceLearning,S27,9,1044.0610637,39.640625,2.401,7,88.88888888888889,.NET 9.0.3
MultiSequenceLearning,S28,9,1044.0610637,39.640625,2.401,7,88.88888888888889,.NET 9.0.3
MultiSequenceLearning,S29,9,1044.0610637,39.640625,2.401,7,88.88888888888889,.NET 9.0.3
MultiSequenceLearning,S30,9,1044.0610637,39.640625,2.401,7,88.88888888888889,.NET 9.0.3
MultiSequenceLearning,S1,49,1044.0610637,39.640625,2.401,7,100,.NET 9.0.3
MultiSequenceLearning,S2,49,1044.0610637,39.640625,2.401,7,97.95918367346938,.NET 9.0.3
MultiSequenceLearning,S3,49,1044.0610637,39.640625,2.401,7,97.95918367346938,.NET 9.0.3
MultiSequenceLearning,S4,9,1044.0610637,39.640625,2.401,7,88.88888888888889,.NET 9.0.3
MultiSequenceLearning,S5,9,1044.0610637,39.640625,2.401,7,88.88888888888889,.NET 9.0.3
MultiSequenceLearning,S6,9,1044.0610637,39.640625,2.401,7,88.88888888888889,.NET 9.0.3
MultiSequenceLearning,S7,9,1044.0610637,39.640625,2.401,7,88.88888888888889,.NET 9.0.3
MultiSequenceLearning,S8,9,1044.0610637,39.640625,2.401,7,88.88888888888889,.NET 9.0.3
MultiSequenceLearning,S9,9,1044.0610637,39.640625,2.401,7,88.88888888888889,.NET 9.0.3
MultiSequenceLearning,S10,9,1044.0610637,39.640625,2.401,7,88.88888888888889,.NET 9.0.3
MultiSequenceLearning,S11,9,1044.0610637,39.640625,2.401,7,88.88888888888889,.NET 9.0.3
MultiSequenceLearning,S12,9,1044.0610637,39.640625,2.401,7,88.88888888888889,.NET 9.0.3
MultiSequenceLearning,S13,9,1044.0610637,39.640625,2.401,7,88.88888888888889,.NET 9.0.3
MultiSequenceLearning,S14,9,1044.0610637,39.640625,2.401,7,88.88888888888889,.NET 9.0.3
MultiSequenceLearning,S15,9,1044.0610637,39.640625,2.401,7,88.88888888888889,.NET 9.0.3
MultiSequenceLearning,S16,9,1044.0610637,39.640625,2.401,7,88.88888888888889,.NET 9.0.3
MultiSequenceLearning,S17,9,1044.0610637,39.640625,2.401,7,88.88888888888889,.NET 9.0.3
MultiSequenceLearning,S18,9,1044.0610637,39.640625,2.401,7,88.88888888888889,.NET 9.0.3
MultiSequenceLearning,S19,9,1044.0610637,39.640625,2.401,7,88.88888888888889,.NET 9.0.3
MultiSequenceLearning,S20,9,1044.0610637,39.640625,2.401,7,88.88888888888889,.NET 9.0.3
MultiSequenceLearning,S21,9,1044.0610637,39.640625,2.401,7,88.88888888888889,.NET 9.0.3
MultiSequenceLearning,S22,9,1044.0610637,39.640625,2.401,7,88.88888888888889,.NET 9.0.3
MultiSequenceLearning,S23,9,1044.0610637,39.640625,2.401,7,88.88888888888889,.NET 9.0.3
MultiSequenceLearning,S24,9,1044.0610637,39.640625,2.401,7,88.88888888888889,.NET 9.0.3
MultiSequenceLearning,S25,9,1044.0610637,39.640625,2.401,7,88.88888888888889,.NET 9.0.3
MultiSequenceLearning,S26,9,1044.0610637,39.640625,2.401,7,88.88888888888889,.NET 9.0.3
MultiSequenceLearning,S27,9,1044.0610637,39.640625,2.401,7,88.88888888888889,.NET 9.0.3
MultiSequenceLearning,S28,9,1044.0610637,39.640625,2.401,7,88.88888888888889,.NET 9.0.3
MultiSequenceLearning,S29,9,1044.0610637,39.640625,2.401,7,88.88888888888889,.NET 9.0.3
MultiSequenceLearning,S30,9,1044.0610637,39.640625,2.401,7,88.88888888888889,.NET 9.0.3
MultiSequenceLearning,S1,49,1044.0610637,39.640625,2.401,7,100,.NET 9.0.3
MultiSequenceLearning,S2,49,1044.0610637,39.640625,2.401,7,97.95918367346938,.NET 9.0.3
MultiSequenceLearning,S3,49,1044.0610637,39.640625,2.401,7,97.95918367346938,.NET 9.0.3
MultiSequenceLearning,S4,9,1044.0610637,39.640625,2.401,7,88.88888888888889,.NET 9.0.3
MultiSequenceLearning,S5,9,1044.0610637,39.640625,2.401,7,88.88888888888889,.NET 9.0.3
MultiSequenceLearning,S6,9,1044.0610637,39.640625,2.401,7,88.88888888888889,.NET 9.0.3
MultiSequenceLearning,S7,9,1044.0610637,39.640625,2.401,7,88.88888888888889,.NET 9.0.3
MultiSequenceLearning,S8,9,1044.0610637,39.640625,2.401,7,88.88888888888889,.NET 9.0.3
MultiSequenceLearning,S9,9,1044.0610637,39.640625,2.401,7,88.88888888888889,.NET 9.0.3
MultiSequenceLearning,S10,9,1044.0610637,39.640625,2.401,7,88.88888888888889,.NET 9.0.3
MultiSequenceLearning,S11,9,1044.0610637,39.640625,2.401,7,88.88888888888889,.NET 9.0.3
MultiSequenceLearning,S12,9,1044.0610637,39.640625,2.401,7,88.88888888888889,.NET 9.0.3
MultiSequenceLearning,S13,9,1044.0610637,39.640625,2.401,7,88.88888888888889,.NET 9.0.3
MultiSequenceLearning,S14,9,1044.0610637,39.640625,2.401,7,88.88888888888889,.NET 9.0.3
MultiSequenceLearning,S15,9,1044.0610637,39.640625,2.401,7,88.88888888888889,.NET 9.0.3
MultiSequenceLearning,S16,9,1044.0610637,39.640625,2.401,7,88.88888888888889,.NET 9.0.3
MultiSequenceLearning,S17,9,1044.0610637,39.640625,2.401,7,88.88888888888889,.NET 9.0.3
MultiSequenceLearning,S18,9,1044.0610637,39.640625,2.401,7,88.88888888888889,.NET 9.0.3
MultiSequenceLearning,S19,9,1044.0610637,39.640625,2.401,7,88.88888888888889,.NET 9.0.3
MultiSequenceLearning,S20,9,1044.0610637,39.640625,2.401,7,88.88888888888889,.NET 9.0.3
MultiSequenceLearning,S21,9,1044.0610637,39.640625,2.401,7,88.88888888888889,.NET 9.0.3
MultiSequenceLearning,S22,9,1044.0610637,39.640625,2.401,7,88.88888888888889,.NET 9.0.3
MultiSequenceLearning,S23,9,1044.0610637,39.640625,2.401,7,88.88888888888889,.NET 9.0.3
MultiSequenceLearning,S24,9,1044.0610637,39.640625,2.401,7,88.88888888888889,.NET 9.0.3
MultiSequenceLearning,S25,9,1044.0610637,39.640625,2.401,7,88.88888888888889,.NET 9.0.3
MultiSequenceLearning,S26,9,1044.0610637,39.640625,2.401,7,88.88888888888889,.NET 9.0.3
MultiSequenceLearning,S27,9,1044.0610637,39.640625,2.401,7,88.88888888888889,.NET 9.0.3
MultiSequenceLearning,S28,9,1044.0610637,39.640625,2.401,7,88.88888888888889,.NET 9.0.3
MultiSequenceLearning,S29,9,1044.0610637,39.640625,2.401,7,88.88888888888889,.NET 9.0.3
MultiSequenceLearning,S30,9,1044.0610637,39.640625,2.401,7,88.88888888888889,.NET 9.0.3
MultiSequenceLearning,S1,49,1044.0610637,39.640625,2.401,7,100,.NET 9.0.3
MultiSequenceLearning,S2,49,1044.0610637,39.640625,2.401,7,97.95918367346938,.NET 9.0.3
MultiSequenceLearning,S3,49,1044.0610637,39.640625,2.401,7,97.95918367346938,.NET 9.0.3
MultiSequenceLearning,S4,9,1044.0610637,39.640625,2.401,7,88.88888888888889,.NET 9.0.3
MultiSequenceLearning,S5,9,1044.0610637,39.640625,2.401,7,88.88888888888889,.NET 9.0.3
MultiSequenceLearning,S6,9,1044.0610637,39.640625,2.401,7,88.88888888888889,.NET 9.0.3
MultiSequenceLearning,S7,9,1044.0610637,39.640625,2.401,7,88.88888888888889,.NET 9.0.3
MultiSequenceLearning,S8,9,1044.0610637,39.640625,2.401,7,88.88888888888889,.NET 9.0.3
MultiSequenceLearning,S9,9,1044.0610637,39.640625,2.401,7,88.88888888888889,.NET 9.0.3
MultiSequenceLearning,S10,9,1044.0610637,39.640625,2.401,7,88.88888888888889,.NET 9.0.3
MultiSequenceLearning,S11,9,1044.0610637,39.640625,2.401,7,88.88888888888889,.NET 9.0.3
MultiSequenceLearning,S12,9,1044.0610637,39.640625,2.401,7,88.88888888888889,.NET 9.0.3
MultiSequenceLearning,S13,9,1044.0610637,39.640625,2.401,7,88.88888888888889,.NET 9.0.3
MultiSequenceLearning,S14,9,1044.0610637,39.640625,2.401,7,88.88888888888889,.NET 9.0.3
MultiSequenceLearning,S15,9,1044.0610637,39.640625,2.401,7,88.88888888888889,.NET 9.0.3
MultiSequenceLearning,S16,9,1044.0610637,39.640625,2.401,7,88.88888888888889,.NET 9.0.3
MultiSequenceLearning,S17,9,1044.0610637,39.640625,2.401,7,88.88888888888889,.NET 9.0.3
MultiSequenceLearning,S18,9,1044.0610637,39.640625,2.401,7,88.88888888888889,.NET 9.0.3
MultiSequenceLearning,S19,9,1044.0610637,39.640625,2.401,7,88.88888888888889,.NET 9.0.3
MultiSequenceLearning,S20,9,1044.0610637,39.640625,2.401,7,88.88888888888889,.NET 9.0.3
MultiSequenceLearning,S21,9,1044.0610637,39.640625,2.401,7,88.88888888888889,.NET 9.0.3
MultiSequenceLearning,S22,9,1044.0610637,39.640625,2.401,7,88.88888888888889,.NET 9.0.3
MultiSequenceLearning,S23,9,1044.0610637,39.640625,2.401,7,88.88888888888889,.NET 9.0.3
MultiSequenceLearning,S24,9,1044.0610637,39.640625,2.401,7,88.88888888888889,.NET 9.0.3
MultiSequenceLearning,S25,9,1044.0610637,39.640625,2.401,7,88.88888888888889,.NET 9.0.3
MultiSequenceLearning,S26,9,1044.0610637,39.640625,2.401,7,88.88888888888889,.NET 9.0.3
MultiSequenceLearning,S27,9,1044.0610637,39.640625,2.401,7,88.88888888888889,.NET 9.0.3
MultiSequenceLearning,S28,9,1044.0610637,39.640625,2.401,7,88.88888888888889,.NET 9.0.3
MultiSequenceLearning,S29,9,1044.0610637,39.640625,2.401,7,88.88888888888889,.NET 9.0.3
MultiSequenceLearning,S30,9,1044.0610637,39.640625,2.401,7,88.88888888888889,.NET 9.0.3
MultiSequenceLearning,S1,49,1039.9938868,40.9609375,2.401,8,100,.NET 9.0.3
MultiSequenceLearning,S2,49,1039.9938868,40.9609375,2.401,8,97.95918367346938,.NET 9.0.3
MultiSequenceLearning,S3,49,1039.9938868,40.9609375,2.401,8,97.95918367346938,.NET 9.0.3
MultiSequenceLearning,S4,9,1039.9938868,40.9609375,2.401,8,88.88888888888889,.NET 9.0.3
MultiSequenceLearning,S5,9,1039.9938868,40.9609375,2.401,8,88.88888888888889,.NET 9.0.3
MultiSequenceLearning,S6,9,1039.9938868,40.9609375,2.401,8,88.88888888888889,.NET 9.0.3
MultiSequenceLearning,S7,9,1039.9938868,40.9609375,2.401,8,88.88888888888889,.NET 9.0.3
MultiSequenceLearning,S8,9,1039.9938868,40.9609375,2.401,8,88.88888888888889,.NET 9.0.3
MultiSequenceLearning,S9,9,1039.9938868,40.9609375,2.401,8,88.88888888888889,.NET 9.0.3
MultiSequenceLearning,S10,9,1039.9938868,40.9609375,2.401,8,88.88888888888889,.NET 9.0.3
MultiSequenceLearning,S11,9,1039.9938868,40.9609375,2.401,8,88.88888888888889,.NET 9.0.3
MultiSequenceLearning,S12,9,1039.9938868,40.9609375,2.401,8,88.88888888888889,.NET 9.0.3
MultiSequenceLearning,S13,9,1039.9938868,40.9609375,2.401,8,88.88888888888889,.NET 9.0.3
MultiSequenceLearning,S14,9,1039.9938868,40.9609375,2.401,8,88.88888888888889,.NET 9.0.3
MultiSequenceLearning,S15,9,1039.9938868,40.9609375,2.401,8,88.88888888888889,.NET 9.0.3
MultiSequenceLearning,S16,9,1039.9938868,40.9609375,2.401,8,88.88888888888889,.NET 9.0.3
MultiSequenceLearning,S17,9,1039.9938868,40.9609375,2.401,8,88.88888888888889,.NET 9.0.3
MultiSequenceLearning,S18,9,1039.9938868,40.9609375,2.401,8,88.88888888888889,.NET 9.0.3
MultiSequenceLearning,S19,9,1039.9938868,40.9609375,2.401,8,88.88888888888889,.NET 9.0.3
MultiSequenceLearning,S20,9,1039.9938868,40.9609375,2.401,8,88.88888888888889,.NET 9.0.3
MultiSequenceLearning,S21,9,1039.9938868,40.9609375,2.401,8,88.88888888888889,.NET 9.0.3
MultiSequenceLearning,S22,9,1039.9938868,40.9609375,2.401,8,88.88888888888889,.NET 9.0.3
MultiSequenceLearning,S23,9,1039.9938868,40.9609375,2.401,8,88.88888888888889,.NET 9.0.3
MultiSequenceLearning,S24,9,1039.9938868,40.9609375,2.401,8,88.88888888888889,.NET 9.0.3
MultiSequenceLearning,S25,9,1039.9938868,40.9609375,2.401,8,88.88888888888889,.NET 9.0.3
MultiSequenceLearning,S26,9,1039.9938868,40.9609375,2.401,8,88.88888888888889,.NET 9.0.3
MultiSequenceLearning,S27,9,1039.9938868,40.9609375,2.401,8,88.88888888888889,.NET 9.0.3
MultiSequenceLearning,S28,9,1039.9938868,40.9609375,2.401,8,88.88888888888889,.NET 9.0.3
MultiSequenceLearning,S29,9,1039.9938868,40.9609375,2.401,8,88.88888888888889,.NET 9.0.3
MultiSequenceLearning,S30,9,1039.9938868,40.9609375,2.401,8,88.88888888888889,.NET 9.0.3
MultiSequenceLearning,S1,49,1039.9938868,40.9609375,2.401,8,100,.NET 9.0.3
MultiSequenceLearning,S2,49,1039.9938868,40.9609375,2.401,8,97.95918367346938,.NET 9.0.3
MultiSequenceLearning,S3,49,1039.9938868,40.9609375,2.401,8,97.95918367346938,.NET 9.0.3
MultiSequenceLearning,S4,9,1039.9938868,40.9609375,2.401,8,88.88888888888889,.NET 9.0.3
MultiSequenceLearning,S5,9,1039.9938868,40.9609375,2.401,8,88.88888888888889,.NET 9.0.3
MultiSequenceLearning,S6,9,1039.9938868,40.9609375,2.401,8,88.88888888888889,.NET 9.0.3
MultiSequenceLearning,S7,9,1039.9938868,40.9609375,2.401,8,88.88888888888889,.NET 9.0.3
MultiSequenceLearning,S8,9,1039.9938868,40.9609375,2.401,8,88.88888888888889,.NET 9.0.3
MultiSequenceLearning,S9,9,1039.9938868,40.9609375,2.401,8,88.88888888888889,.NET 9.0.3
MultiSequenceLearning,S10,9,1039.9938868,40.9609375,2.401,8,88.88888888888889,.NET 9.0.3
MultiSequenceLearning,S11,9,1039.9938868,40.9609375,2.401,8,88.88888888888889,.NET 9.0.3
MultiSequenceLearning,S12,9,1039.9938868,40.9609375,2.401,8,88.88888888888889,.NET 9.0.3
MultiSequenceLearning,S13,9,1039.9938868,40.9609375,2.401,8,88.88888888888889,.NET 9.0.3
MultiSequenceLearning,S14,9,1039.9938868,40.9609375,2.401,8,88.88888888888889,.NET 9.0.3
MultiSequenceLearning,S15,9,1039.9938868,40.9609375,2.401,8,88.88888888888889,.NET 9.0.3
MultiSequenceLearning,S16,9,1039.9938868,40.9609375,2.401,8,88.88888888888889,.NET 9.0.3
MultiSequenceLearning,S17,9,1039.9938868,40.9609375,2.401,8,88.88888888888889,.NET 9.0.3
MultiSequenceLearning,S18,9,1039.9938868,40.9609375,2.401,8,88.88888888888889,.NET 9.0.3
MultiSequenceLearning,S19,9,1039.9938868,40.9609375,2.401,8,88.88888888888889,.NET 9.0.3
MultiSequenceLearning,S20,9,1039.9938868,40.9609375,2.401,8,88.88888888888889,.NET 9.0.3
MultiSequenceLearning,S21,9,1039.9938868,40.9609375,2.401,8,88.88888888888889,.NET 9.0.3
MultiSequenceLearning,S22,9,1039.9938868,40.9609375,2.401,8,88.88888888888889,.NET 9.0.3
MultiSequenceLearning,S23,9,1039.9938868,40.9609375,2.401,8,88.88888888888889,.NET 9.0.3
MultiSequenceLearning,S24,9,1039.9938868,40.9609375,2.401,8,88.88888888888889,.NET 9.0.3
MultiSequenceLearning,S25,9,1039.9938868,40.9609375,2.401,8,88.88888888888889,.NET 9.0.3
MultiSequenceLearning,S26,9,1039.9938868,40.9609375,2.401,8,88.88888888888889,.NET 9.0.3
MultiSequenceLearning,S27,9,1039.9938868,40.9609375,2.401,8,88.88888888888889,.NET 9.0.3
MultiSequenceLearning,S28,9,1039.9938868,40.9609375,2.401,8,88.88888888888889,.NET 9.0.3
MultiSequenceLearning,S29,9,1039.9938868,40.9609375,2.401,8,88.88888888888889,.NET 9.0.3
MultiSequenceLearning,S30,9,1039.9938868,40.9609375,2.401,8,88.88888888888889,.NET 9.0.3
MultiSequenceLearning,S1,49,1039.9938868,40.9609375,2.401,8,100,.NET 9.0.3
MultiSequenceLearning,S2,49,1039.9938868,40.9609375,2.401,8,97.95918367346938,.NET 9.0.3
MultiSequenceLearning,S3,49,1039.9938868,40.9609375,2.401,8,97.95918367346938,.NET 9.0.3
MultiSequenceLearning,S4,9,1039.9938868,40.9609375,2.401,8,88.88888888888889,.NET 9.0.3
MultiSequenceLearning,S5,9,1039.9938868,40.9609375,2.401,8,88.88888888888889,.NET 9.0.3
MultiSequenceLearning,S6,9,1039.9938868,40.9609375,2.401,8,88.88888888888889,.NET 9.0.3
MultiSequenceLearning,S7,9,1039.9938868,40.9609375,2.401,8,88.88888888888889,.NET 9.0.3
MultiSequenceLearning,S8,9,1039.9938868,40.9609375,2.401,8,88.88888888888889,.NET 9.0.3
MultiSequenceLearning,S9,9,1039.9938868,40.9609375,2.401,8,88.88888888888889,.NET 9.0.3
MultiSequenceLearning,S10,9,1039.9938868,40.9609375,2.401,8,88.88888888888889,.NET 9.0.3
MultiSequenceLearning,S11,9,1039.9938868,40.9609375,2.401,8,88.88888888888889,.NET 9.0.3
MultiSequenceLearning,S12,9,1039.9938868,40.9609375,2.401,8,88.88888888888889,.NET 9.0.3
MultiSequenceLearning,S13,9,1039.9938868,40.9609375,2.401,8,88.88888888888889,.NET 9.0.3
MultiSequenceLearning,S14,9,1039.9938868,40.9609375,2.401,8,88.88888888888889,.NET 9.0.3
MultiSequenceLearning,S15,9,1039.9938868,40.9609375,2.401,8,88.88888888888889,.NET 9.0.3
MultiSequenceLearning,S16,9,1039.9938868,40.9609375,2.401,8,88.88888888888889,.NET 9.0.3
MultiSequenceLearning,S17,9,1039.9938868,40.9609375,2.401,8,88.88888888888889,.NET 9.0.3
MultiSequenceLearning,S18,9,1039.9938868,40.9609375,2.401,8,88.88888888888889,.NET 9.0.3
MultiSequenceLearning,S19,9,1039.9938868,40.9609375,2.401,8,88.88888888888889,.NET 9.0.3
MultiSequenceLearning,S20,9,1039.9938868,40.9609375,2.401,8,88.88888888888889,.NET 9.0.3
MultiSequenceLearning,S21,9,1039.9938868,40.9609375,2.401,8,88.88888888888889,.NET 9.0.3
MultiSequenceLearning,S22,9,1039.9938868,40.9609375,2.401,8,88.88888888888889,.NET 9.0.3
MultiSequenceLearning,S23,9,1039.9938868,40.9609375,2.401,8,88.88888888888889,.NET 9.0.3
MultiSequenceLearning,S24,9,1039.9938868,40.9609375,2.401,8,88.88888888888889,.NET 9.0.3
MultiSequenceLearning,S25,9,1039.9938868,40.9609375,2.401,8,88.88888888888889,.NET 9.0.3
MultiSequenceLearning,S26,9,1039.9938868,40.9609375,2.401,8,88.88888888888889,.NET 9.0.3
MultiSequenceLearning,S27,9,1039.9938868,40.9609375,2.401,8,88.88888888888889,.NET 9.0.3
MultiSequenceLearning,S28,9,1039.9938868,40.9609375,2.401,8,88.88888888888889,.NET 9.0.3
MultiSequenceLearning,S29,9,1039.9938868,40.9609375,2.401,8,88.88888888888889,.NET 9.0.3
MultiSequenceLearning,S30,9,1039.9938868,40.9609375,2.401,8,88.88888888888889,.NET 9.0.3
MultiSequenceLearning,S1,49,1039.9938868,40.9609375,2.401,8,100,.NET 9.0.3
MultiSequenceLearning,S2,49,1039.9938868,40.9609375,2.401,8,97.95918367346938,.NET 9.0.3
MultiSequenceLearning,S3,49,1039.9938868,40.9609375,2.401,8,97.95918367346938,.NET 9.0.3
MultiSequenceLearning,S4,9,1039.9938868,40.9609375,2.401,8,88.88888888888889,.NET 9.0.3
MultiSequenceLearning,S5,9,1039.9938868,40.9609375,2.401,8,88.88888888888889,.NET 9.0.3
MultiSequenceLearning,S6,9,1039.9938868,40.9609375,2.401,8,88.88888888888889,.NET 9.0.3
MultiSequenceLearning,S7,9,1039.9938868,40.9609375,2.401,8,88.88888888888889,.NET 9.0.3
MultiSequenceLearning,S8,9,1039.9938868,40.9609375,2.401,8,88.88888888888889,.NET 9.0.3
MultiSequenceLearning,S9,9,1039.9938868,40.9609375,2.401,8,88.88888888888889,.NET 9.0.3
MultiSequenceLearning,S10,9,1039.9938868,40.9609375,2.401,8,88.88888888888889,.NET 9.0.3
MultiSequenceLearning,S11,9,1039.9938868,40.9609375,2.401,8,88.88888888888889,.NET 9.0.3
MultiSequenceLearning,S12,9,1039.9938868,40.9609375,2.401,8,88.88888888888889,.NET 9.0.3
MultiSequenceLearning,S13,9,1039.9938868,40.9609375,2.401,8,88.88888888888889,.NET 9.0.3
MultiSequenceLearning,S14,9,1039.9938868,40.9609375,2.401,8,88.88888888888889,.NET 9.0.3
MultiSequenceLearning,S15,9,1039.9938868,40.9609375,2.401,8,88.88888888888889,.NET 9.0.3
MultiSequenceLearning,S16,9,1039.9938868,40.9609375,2.401,8,88.88888888888889,.NET 9.0.3
MultiSequenceLearning,S17,9,1039.9938868,40.9609375,2.401,8,88.88888888888889,.NET 9.0.3
MultiSequenceLearning,S18,9,1039.9938868,40.9609375,2.401,8,88.88888888888889,.NET 9.0.3
MultiSequenceLearning,S19,9,1039.9938868,40.9609375,2.401,8,88.88888888888889,.NET 9.0.3
MultiSequenceLearning,S20,9,1039.9938868,40.9609375,2.401,8,88.88888888888889,.NET 9.0.3
MultiSequenceLearning,S21,9,1039.9938868,40.9609375,2.401,8,88.88888888888889,.NET 9.0.3
MultiSequenceLearning,S22,9,1039.9938868,40.9609375,2.401,8,88.88888888888889,.NET 9.0.3
MultiSequenceLearning,S23,9,1039.9938868,40.9609375,2.401,8,88.88888888888889,.NET 9.0.3
MultiSequenceLearning,S24,9,1039.9938868,40.9609375,2.401,8,88.88888888888889,.NET 9.0.3
MultiSequenceLearning,S25,9,1039.9938868,40.9609375,2.401,8,88.88888888888889,.NET 9.0.3
MultiSequenceLearning,S26,9,1039.9938868,40.9609375,2.401,8,88.88888888888889,.NET 9.0.3
MultiSequenceLearning,S27,9,1039.9938868,40.9609375,2.401,8,88.88888888888889,.NET 9.0.3
MultiSequenceLearning,S28,9,1039.9938868,40.9609375,2.401,8,88.88888888888889,.NET 9.0.3
MultiSequenceLearning,S29,9,1039.9938868,40.9609375,2.401,8,88.88888888888889,.NET 9.0.3
MultiSequenceLearning,S30,9,1039.9938868,40.9609375,2.401,8,88.88888888888889,.NET 9.0.3
MultiSequenceLearning,S1,49,993.1275833,37.578125,2.401,8,100,.NET 9.0.3
MultiSequenceLearning,S2,49,993.1275833,37.578125,2.401,8,97.95918367346938,.NET 9.0.3
MultiSequenceLearning,S3,49,993.1275833,37.578125,2.401,8,97.95918367346938,.NET 9.0.3
MultiSequenceLearning,S4,9,993.1275833,37.578125,2.401,8,88.88888888888889,.NET 9.0.3
MultiSequenceLearning,S5,9,993.1275833,37.578125,2.401,8,88.88888888888889,.NET 9.0.3
MultiSequenceLearning,S6,9,993.1275833,37.578125,2.401,8,88.88888888888889,.NET 9.0.3
MultiSequenceLearning,S7,9,993.1275833,37.578125,2.401,8,88.88888888888889,.NET 9.0.3
MultiSequenceLearning,S8,9,993.1275833,37.578125,2.401,8,88.88888888888889,.NET 9.0.3
MultiSequenceLearning,S9,9,993.1275833,37.578125,2.401,8,88.88888888888889,.NET 9.0.3
MultiSequenceLearning,S10,9,993.1275833,37.578125,2.401,8,88.88888888888889,.NET 9.0.3
MultiSequenceLearning,S11,9,993.1275833,37.578125,2.401,8,88.88888888888889,.NET 9.0.3
MultiSequenceLearning,S12,9,993.1275833,37.578125,2.401,8,88.88888888888889,.NET 9.0.3
MultiSequenceLearning,S13,9,993.1275833,37.578125,2.401,8,88.88888888888889,.NET 9.0.3
MultiSequenceLearning,S14,9,993.1275833,37.578125,2.401,8,88.88888888888889,.NET 9.0.3
MultiSequenceLearning,S15,9,993.1275833,37.578125,2.401,8,88.88888888888889,.NET 9.0.3
MultiSequenceLearning,S16,9,993.1275833,37.578125,2.401,8,88.88888888888889,.NET 9.0.3
MultiSequenceLearning,S17,9,993.1275833,37.578125,2.401,8,88.88888888888889,.NET 9.0.3
MultiSequenceLearning,S18,9,993.1275833,37.578125,2.401,8,88.88888888888889,.NET 9.0.3
MultiSequenceLearning,S19,9,993.1275833,37.578125,2.401,8,88.88888888888889,.NET 9.0.3
MultiSequenceLearning,S20,9,993.1275833,37.578125,2.401,8,88.88888888888889,.NET 9.0.3
MultiSequenceLearning,S21,9,993.1275833,37.578125,2.401,8,88.88888888888889,.NET 9.0.3
MultiSequenceLearning,S22,9,993.1275833,37.578125,2.401,8,88.88888888888889,.NET 9.0.3
MultiSequenceLearning,S23,9,993.1275833,37.578125,2.401,8,88.88888888888889,.NET 9.0.3
MultiSequenceLearning,S24,9,993.1275833,37.578125,2.401,8,88.88888888888889,.NET 9.0.3
MultiSequenceLearning,S25,9,993.1275833,37.578125,2.401,8,88.88888888888889,.NET 9.0.3
MultiSequenceLearning,S26,9,993.1275833,37.578125,2.401,8,88.88888888888889,.NET 9.0.3
MultiSequenceLearning,S27,9,993.1275833,37.578125,2.401,8,88.88888888888889,.NET 9.0.3
MultiSequenceLearning,S28,9,993.1275833,37.578125,2.401,8,88.88888888888889,.NET 9.0.3
MultiSequenceLearning,S29,9,993.1275833,37.578125,2.401,8,88.88888888888889,.NET 9.0.3
MultiSequenceLearning,S30,9,993.1275833,37.578125,2.401,8,88.88888888888889,.NET 9.0.3
MultiSequenceLearning,S1,49,993.1275833,37.578125,2.401,8,100,.NET 9.0.3
MultiSequenceLearning,S2,49,993.1275833,37.578125,2.401,8,97.95918367346938,.NET 9.0.3
MultiSequenceLearning,S3,49,993.1275833,37.578125,2.401,8,97.95918367346938,.NET 9.0.3
MultiSequenceLearning,S4,9,993.1275833,37.578125,2.401,8,88.88888888888889,.NET 9.0.3
MultiSequenceLearning,S5,9,993.1275833,37.578125,2.401,8,88.88888888888889,.NET 9.0.3
MultiSequenceLearning,S6,9,993.1275833,37.578125,2.401,8,88.88888888888889,.NET 9.0.3
MultiSequenceLearning,S7,9,993.1275833,37.578125,2.401,8,88.88888888888889,.NET 9.0.3
MultiSequenceLearning,S8,9,993.1275833,37.578125,2.401,8,88.88888888888889,.NET 9.0.3
MultiSequenceLearning,S9,9,993.1275833,37.578125,2.401,8,88.88888888888889,.NET 9.0.3
MultiSequenceLearning,S10,9,993.1275833,37.578125,2.401,8,88.88888888888889,.NET 9.0.3
MultiSequenceLearning,S11,9,993.1275833,37.578125,2.401,8,88.88888888888889,.NET 9.0.3
MultiSequenceLearning,S12,9,993.1275833,37.578125,2.401,8,88.88888888888889,.NET 9.0.3
MultiSequenceLearning,S13,9,993.1275833,37.578125,2.401,8,88.88888888888889,.NET 9.0.3
MultiSequenceLearning,S14,9,993.1275833,37.578125,2.401,8,88.88888888888889,.NET 9.0.3
MultiSequenceLearning,S15,9,993.1275833,37.578125,2.401,8,88.88888888888889,.NET 9.0.3
MultiSequenceLearning,S16,9,993.1275833,37.578125,2.401,8,88.88888888888889,.NET 9.0.3
MultiSequenceLearning,S17,9,993.1275833,37.578125,2.401,8,88.88888888888889,.NET 9.0.3
MultiSequenceLearning,S18,9,993.1275833,37.578125,2.401,8,88.88888888888889,.NET 9.0.3
MultiSequenceLearning,S19,9,993.1275833,37.578125,2.401,8,88.88888888888889,.NET 9.0.3
MultiSequenceLearning,S20,9,993.1275833,37.578125,2.401,8,88.88888888888889,.NET 9.0.3
MultiSequenceLearning,S21,9,993.1275833,37.578125,2.401,8,88.88888888888889,.NET 9.0.3
MultiSequenceLearning,S22,9,993.1275833,37.578125,2.401,8,88.88888888888889,.NET 9.0.3
MultiSequenceLearning,S23,9,993.1275833,37.578125,2.401,8,88.88888888888889,.NET 9.0.3
MultiSequenceLearning,S24,9,993.1275833,37.578125,2.401,8,88.88888888888889,.NET 9.0.3
MultiSequenceLearning,S25,9,993.1275833,37.578125,2.401,8,88.88888888888889,.NET 9.0.3
MultiSequenceLearning,S26,9,993.1275833,37.578125,2.401,8,88.88888888888889,.NET 9.0.3
MultiSequenceLearning,S27,9,993.1275833,37.578125,2.401,8,88.88888888888889,.NET 9.0.3
MultiSequenceLearning,S28,9,993.1275833,37.578125,2.401,8,88.88888888888889,.NET 9.0.3
MultiSequenceLearning,S29,9,993.1275833,37.578125,2.401,8,88.88888888888889,.NET 9.0.3
MultiSequenceLearning,S30,9,993.1275833,37.578125,2.401,8,88.88888888888889,.NET 9.0.3
MultiSequenceLearning,S1,49,993.1275833,37.578125,2.401,8,100,.NET 9.0.3
MultiSequenceLearning,S2,49,993.1275833,37.578125,2.401,8,97.95918367346938,.NET 9.0.3
MultiSequenceLearning,S3,49,993.1275833,37.578125,2.401,8,97.95918367346938,.NET 9.0.3
MultiSequenceLearning,S4,9,993.1275833,37.578125,2.401,8,88.88888888888889,.NET 9.0.3
MultiSequenceLearning,S5,9,993.1275833,37.578125,2.401,8,88.88888888888889,.NET 9.0.3
MultiSequenceLearning,S6,9,993.1275833,37.578125,2.401,8,88.88888888888889,.NET 9.0.3
MultiSequenceLearning,S7,9,993.1275833,37.578125,2.401,8,88.88888888888889,.NET 9.0.3
MultiSequenceLearning,S8,9,993.1275833,37.578125,2.401,8,88.88888888888889,.NET 9.0.3
MultiSequenceLearning,S9,9,993.1275833,37.578125,2.401,8,88.88888888888889,.NET 9.0.3
MultiSequenceLearning,S10,9,993.1275833,37.578125,2.401,8,88.88888888888889,.NET 9.0.3
MultiSequenceLearning,S11,9,993.1275833,37.578125,2.401,8,88.88888888888889,.NET 9.0.3
MultiSequenceLearning,S12,9,993.1275833,37.578125,2.401,8,88.88888888888889,.NET 9.0.3
MultiSequenceLearning,S13,9,993.1275833,37.578125,2.401,8,88.88888888888889,.NET 9.0.3
MultiSequenceLearning,S14,9,993.1275833,37.578125,2.401,8,88.88888888888889,.NET 9.0.3
MultiSequenceLearning,S15,9,993.1275833,37.578125,2.401,8,88.88888888888889,.NET 9.0.3
MultiSequenceLearning,S16,9,993.1275833,37.578125,2.401,8,88.88888888888889,.NET 9.0.3
MultiSequenceLearning,S17,9,993.1275833,37.578125,2.401,8,88.88888888888889,.NET 9.0.3
MultiSequenceLearning,S18,9,993.1275833,37.578125,2.401,8,88.88888888888889,.NET 9.0.3
MultiSequenceLearning,S19,9,993.1275833,37.578125,2.401,8,88.88888888888889,.NET 9.0.3
MultiSequenceLearning,S20,9,993.1275833,37.578125,2.401,8,88.88888888888889,.NET 9.0.3
MultiSequenceLearning,S21,9,993.1275833,37.578125,2.401,8,88.88888888888889,.NET 9.0.3
MultiSequenceLearning,S22,9,993.1275833,37.578125,2.401,8,88.88888888888889,.NET 9.0.3
MultiSequenceLearning,S23,9,993.1275833,37.578125,2.401,8,88.88888888888889,.NET 9.0.3
MultiSequenceLearning,S24,9,993.1275833,37.578125,2.401,8,88.88888888888889,.NET 9.0.3
MultiSequenceLearning,S25,9,993.1275833,37.578125,2.401,8,88.88888888888889,.NET 9.0.3
MultiSequenceLearning,S26,9,993.1275833,37.578125,2.401,8,88.88888888888889,.NET 9.0.3
MultiSequenceLearning,S27,9,993.1275833,37.578125,2.401,8,88.88888888888889,.NET 9.0.3
MultiSequenceLearning,S28,9,993.1275833,37.578125,2.401,8,88.88888888888889,.NET 9.0.3
MultiSequenceLearning,S29,9,993.1275833,37.578125,2.401,8,88.88888888888889,.NET 9.0.3
MultiSequenceLearning,S30,9,993.1275833,37.578125,2.401,8,88.88888888888889,.NET 9.0.3
MultiSequenceLearning,S1,49,993.1275833,37.578125,2.401,8,100,.NET 9.0.3
MultiSequenceLearning,S2,49,993.1275833,37.578125,2.401,8,97.95918367346938,.NET 9.0.3
MultiSequenceLearning,S3,49,993.1275833,37.578125,2.401,8,97.95918367346938,.NET 9.0.3
MultiSequenceLearning,S4,9,993.1275833,37.578125,2.401,8,88.88888888888889,.NET 9.0.3
MultiSequenceLearning,S5,9,993.1275833,37.578125,2.401,8,88.88888888888889,.NET 9.0.3
MultiSequenceLearning,S6,9,993.1275833,37.578125,2.401,8,88.88888888888889,.NET 9.0.3
MultiSequenceLearning,S7,9,993.1275833,37.578125,2.401,8,88.88888888888889,.NET 9.0.3
MultiSequenceLearning,S8,9,993.1275833,37.578125,2.401,8,88.88888888888889,.NET 9.0.3
MultiSequenceLearning,S9,9,993.1275833,37.578125,2.401,8,88.88888888888889,.NET 9.0.3
MultiSequenceLearning,S10,9,993.1275833,37.578125,2.401,8,88.88888888888889,.NET 9.0.3
MultiSequenceLearning,S11,9,993.1275833,37.578125,2.401,8,88.88888888888889,.NET 9.0.3
MultiSequenceLearning,S12,9,993.1275833,37.578125,2.401,8,88.88888888888889,.NET 9.0.3
MultiSequenceLearning,S13,9,993.1275833,37.578125,2.401,8,88.88888888888889,.NET 9.0.3
MultiSequenceLearning,S14,9,993.1275833,37.578125,2.401,8,88.88888888888889,.NET 9.0.3
MultiSequenceLearning,S15,9,993.1275833,37.578125,2.401,8,88.88888888888889,.NET 9.0.3
MultiSequenceLearning,S16,9,993.1275833,37.578125,2.401,8,88.88888888888889,.NET 9.0.3
MultiSequenceLearning,S17,9,993.1275833,37.578125,2.401,8,88.88888888888889,.NET 9.0.3
MultiSequenceLearning,S18,9,993.1275833,37.578125,2.401,8,88.88888888888889,.NET 9.0.3
MultiSequenceLearning,S19,9,993.1275833,37.578125,2.401,8,88.88888888888889,.NET 9.0.3
MultiSequenceLearning,S20,9,993.1275833,37.578125,2.401,8,88.88888888888889,.NET 9.0.3
MultiSequenceLearning,S21,9,993.1275833,37.578125,2.401,8,88.88888888888889,.NET 9.0.3
MultiSequenceLearning,S22,9,993.1275833,37.578125,2.401,8,88.88888888888889,.NET 9.0.3
MultiSequenceLearning,S23,9,993.1275833,37.578125,2.401,8,88.88888888888889,.NET 9.0.3
MultiSequenceLearning,S24,9,993.1275833,37.578125,2.401,8,88.88888888888889,.NET 9.0.3
MultiSequenceLearning,S25,9,993.1275833,37.578125,2.401,8,88.88888888888889,.NET 9.0.3
MultiSequenceLearning,S26,9,993.1275833,37.578125,2.401,8,88.88888888888889,.NET 9.0.3
MultiSequenceLearning,S27,9,993.1275833,37.578125,2.401,8,88.88888888888889,.NET 9.0.3
MultiSequenceLearning,S28,9,993.1275833,37.578125,2.401,8,88.88888888888889,.NET 9.0.3
MultiSequenceLearning,S29,9,993.1275833,37.578125,2.401,8,88.88888888888889,.NET 9.0.3
MultiSequenceLearning,S30,9,993.1275833,37.578125,2.401,8,88.88888888888889,.NET 9.0.3
MultiSequenceLearning,S1,49,1038.3676502,40.703125,2.401,8,100,.NET 8.0.14
MultiSequenceLearning,S2,49,1038.3676502,40.703125,2.401,8,97.95918367346938,.NET 8.0.14
MultiSequenceLearning,S3,49,1038.3676502,40.703125,2.401,8,97.95918367346938,.NET 8.0.14
MultiSequenceLearning,S4,9,1038.3676502,40.703125,2.401,8,88.88888888888889,.NET 8.0.14
MultiSequenceLearning,S5,9,1038.3676502,40.703125,2.401,8,88.88888888888889,.NET 8.0.14
MultiSequenceLearning,S6,9,1038.3676502,40.703125,2.401,8,88.88888888888889,.NET 8.0.14
MultiSequenceLearning,S7,9,1038.3676502,40.703125,2.401,8,88.88888888888889,.NET 8.0.14
MultiSequenceLearning,S8,9,1038.3676502,40.703125,2.401,8,88.88888888888889,.NET 8.0.14
MultiSequenceLearning,S9,9,1038.3676502,40.703125,2.401,8,88.88888888888889,.NET 8.0.14
MultiSequenceLearning,S10,9,1038.3676502,40.703125,2.401,8,88.88888888888889,.NET 8.0.14
MultiSequenceLearning,S11,9,1038.3676502,40.703125,2.401,8,88.88888888888889,.NET 8.0.14
MultiSequenceLearning,S12,9,1038.3676502,40.703125,2.401,8,88.88888888888889,.NET 8.0.14
MultiSequenceLearning,S13,9,1038.3676502,40.703125,2.401,8,88.88888888888889,.NET 8.0.14
MultiSequenceLearning,S14,9,1038.3676502,40.703125,2.401,8,88.88888888888889,.NET 8.0.14
MultiSequenceLearning,S15,9,1038.3676502,40.703125,2.401,8,88.88888888888889,.NET 8.0.14
MultiSequenceLearning,S16,9,1038.3676502,40.703125,2.401,8,88.88888888888889,.NET 8.0.14
MultiSequenceLearning,S17,9,1038.3676502,40.703125,2.401,8,88.88888888888889,.NET 8.0.14
MultiSequenceLearning,S18,9,1038.3676502,40.703125,2.401,8,88.88888888888889,.NET 8.0.14
MultiSequenceLearning,S19,9,1038.3676502,40.703125,2.401,8,88.88888888888889,.NET 8.0.14
MultiSequenceLearning,S20,9,1038.3676502,40.703125,2.401,8,88.88888888888889,.NET 8.0.14
MultiSequenceLearning,S21,9,1038.3676502,40.703125,2.401,8,88.88888888888889,.NET 8.0.14
MultiSequenceLearning,S22,9,1038.3676502,40.703125,2.401,8,88.88888888888889,.NET 8.0.14
MultiSequenceLearning,S23,9,1038.3676502,40.703125,2.401,8,88.88888888888889,.NET 8.0.14
MultiSequenceLearning,S24,9,1038.3676502,40.703125,2.401,8,88.88888888888889,.NET 8.0.14
MultiSequenceLearning,S25,9,1038.3676502,40.703125,2.401,8,88.88888888888889,.NET 8.0.14
MultiSequenceLearning,S26,9,1038.3676502,40.703125,2.401,8,88.88888888888889,.NET 8.0.14
MultiSequenceLearning,S27,9,1038.3676502,40.703125,2.401,8,88.88888888888889,.NET 8.0.14
MultiSequenceLearning,S28,9,1038.3676502,40.703125,2.401,8,88.88888888888889,.NET 8.0.14
MultiSequenceLearning,S29,9,1038.3676502,40.703125,2.401,8,88.88888888888889,.NET 8.0.14
MultiSequenceLearning,S30,9,1038.3676502,40.703125,2.401,8,88.88888888888889,.NET 8.0.14
MultiSequenceLearning,S1,49,1038.3676502,40.703125,2.401,8,100,.NET 8.0.14
MultiSequenceLearning,S2,49,1038.3676502,40.703125,2.401,8,97.95918367346938,.NET 8.0.14
MultiSequenceLearning,S3,49,1038.3676502,40.703125,2.401,8,97.95918367346938,.NET 8.0.14
MultiSequenceLearning,S4,9,1038.3676502,40.703125,2.401,8,88.88888888888889,.NET 8.0.14
MultiSequenceLearning,S5,9,1038.3676502,40.703125,2.401,8,88.88888888888889,.NET 8.0.14
MultiSequenceLearning,S6,9,1038.3676502,40.703125,2.401,8,88.88888888888889,.NET 8.0.14
MultiSequenceLearning,S7,9,1038.3676502,40.703125,2.401,8,88.88888888888889,.NET 8.0.14
MultiSequenceLearning,S8,9,1038.3676502,40.703125,2.401,8,88.88888888888889,.NET 8.0.14
MultiSequenceLearning,S9,9,1038.3676502,40.703125,2.401,8,88.88888888888889,.NET 8.0.14
MultiSequenceLearning,S10,9,1038.3676502,40.703125,2.401,8,88.88888888888889,.NET 8.0.14
MultiSequenceLearning,S11,9,1038.3676502,40.703125,2.401,8,88.88888888888889,.NET 8.0.14
MultiSequenceLearning,S12,9,1038.3676502,40.703125,2.401,8,88.88888888888889,.NET 8.0.14
MultiSequenceLearning,S13,9,1038.3676502,40.703125,2.401,8,88.88888888888889,.NET 8.0.14
MultiSequenceLearning,S14,9,1038.3676502,40.703125,2.401,8,88.88888888888889,.NET 8.0.14
MultiSequenceLearning,S15,9,1038.3676502,40.703125,2.401,8,88.88888888888889,.NET 8.0.14
MultiSequenceLearning,S16,9,1038.3676502,40.703125,2.401,8,88.88888888888889,.NET 8.0.14
MultiSequenceLearning,S17,9,1038.3676502,40.703125,2.401,8,88.88888888888889,.NET 8.0.14
MultiSequenceLearning,S18,9,1038.3676502,40.703125,2.401,8,88.88888888888889,.NET 8.0.14
MultiSequenceLearning,S19,9,1038.3676502,40.703125,2.401,8,88.88888888888889,.NET 8.0.14
MultiSequenceLearning,S20,9,1038.3676502,40.703125,2.401,8,88.88888888888889,.NET 8.0.14
MultiSequenceLearning,S21,9,1038.3676502,40.703125,2.401,8,88.88888888888889,.NET 8.0.14
MultiSequenceLearning,S22,9,1038.3676502,40.703125,2.401,8,88.88888888888889,.NET 8.0.14
MultiSequenceLearning,S23,9,1038.3676502,40.703125,2.401,8,88.88888888888889,.NET 8.0.14
MultiSequenceLearning,S24,9,1038.3676502,40.703125,2.401,8,88.88888888888889,.NET 8.0.14
MultiSequenceLearning,S25,9,1038.3676502,40.703125,2.401,8,88.88888888888889,.NET 8.0.14
MultiSequenceLearning,S26,9,1038.3676502,40.703125,2.401,8,88.88888888888889,.NET 8.0.14
MultiSequenceLearning,S27,9,1038.3676502,40.703125,2.401,8,88.88888888888889,.NET 8.0.14
MultiSequenceLearning,S28,9,1038.3676502,40.703125,2.401,8,88.88888888888889,.NET 8.0.14
MultiSequenceLearning,S29,9,1038.3676502,40.703125,2.401,8,88.88888888888889,.NET 8.0.14
MultiSequenceLearning,S30,9,1038.3676502,40.703125,2.401,8,88.88888888888889,.NET 8.0.14
MultiSequenceLearning,S1,49,1038.3676502,40.703125,2.401,8,100,.NET 8.0.14
MultiSequenceLearning,S2,49,1038.3676502,40.703125,2.401,8,97.95918367346938,.NET 8.0.14
MultiSequenceLearning,S3,49,1038.3676502,40.703125,2.401,8,97.95918367346938,.NET 8.0.14
MultiSequenceLearning,S4,9,1038.3676502,40.703125,2.401,8,88.88888888888889,.NET 8.0.14
MultiSequenceLearning,S5,9,1038.3676502,40.703125,2.401,8,88.88888888888889,.NET 8.0.14
MultiSequenceLearning,S6,9,1038.3676502,40.703125,2.401,8,88.88888888888889,.NET 8.0.14
MultiSequenceLearning,S7,9,1038.3676502,40.703125,2.401,8,88.88888888888889,.NET 8.0.14
MultiSequenceLearning,S8,9,1038.3676502,40.703125,2.401,8,88.88888888888889,.NET 8.0.14
MultiSequenceLearning,S9,9,1038.3676502,40.703125,2.401,8,88.88888888888889,.NET 8.0.14
MultiSequenceLearning,S10,9,1038.3676502,40.703125,2.401,8,88.88888888888889,.NET 8.0.14
MultiSequenceLearning,S11,9,1038.3676502,40.703125,2.401,8,88.88888888888889,.NET 8.0.14
MultiSequenceLearning,S12,9,1038.3676502,40.703125,2.401,8,88.88888888888889,.NET 8.0.14
MultiSequenceLearning,S13,9,1038.3676502,40.703125,2.401,8,88.88888888888889,.NET 8.0.14
MultiSequenceLearning,S14,9,1038.3676502,40.703125,2.401,8,88.88888888888889,.NET 8.0.14
MultiSequenceLearning,S15,9,1038.3676502,40.703125,2.401,8,88.88888888888889,.NET 8.0.14
MultiSequenceLearning,S16,9,1038.3676502,40.703125,2.401,8,88.88888888888889,.NET 8.0.14
MultiSequenceLearning,S17,9,1038.3676502,40.703125,2.401,8,88.88888888888889,.NET 8.0.14
MultiSequenceLearning,S18,9,1038.3676502,40.703125,2.401,8,88.88888888888889,.NET 8.0.14
MultiSequenceLearning,S19,9,1038.3676502,40.703125,2.401,8,88.88888888888889,.NET 8.0.14
MultiSequenceLearning,S20,9,1038.3676502,40.703125,2.401,8,88.88888888888889,.NET 8.0.14
MultiSequenceLearning,S21,9,1038.3676502,40.703125,2.401,8,88.88888888888889,.NET 8.0.14
MultiSequenceLearning,S22,9,1038.3676502,40.703125,2.401,8,88.88888888888889,.NET 8.0.14
MultiSequenceLearning,S23,9,1038.3676502,40.703125,2.401,8,88.88888888888889,.NET 8.0.14
MultiSequenceLearning,S24,9,1038.3676502,40.703125,2.401,8,88.88888888888889,.NET 8.0.14
MultiSequenceLearning,S25,9,1038.3676502,40.703125,2.401,8,88.88888888888889,.NET 8.0.14
MultiSequenceLearning,S26,9,1038.3676502,40.703125,2.401,8,88.88888888888889,.NET 8.0.14
MultiSequenceLearning,S27,9,1038.3676502,40.703125,2.401,8,88.88888888888889,.NET 8.0.14
MultiSequenceLearning,S28,9,1038.3676502,40.703125,2.401,8,88.88888888888889,.NET 8.0.14
MultiSequenceLearning,S29,9,1038.3676502,40.703125,2.401,8,88.88888888888889,.NET 8.0.14
MultiSequenceLearning,S30,9,1038.3676502,40.703125,2.401,8,88.88888888888889,.NET 8.0.14
MultiSequenceLearning,S1,49,1038.3676502,40.703125,2.401,8,100,.NET 8.0.14
MultiSequenceLearning,S2,49,1038.3676502,40.703125,2.401,8,97.95918367346938,.NET 8.0.14
MultiSequenceLearning,S3,49,1038.3676502,40.703125,2.401,8,97.95918367346938,.NET 8.0.14
MultiSequenceLearning,S4,9,1038.3676502,40.703125,2.401,8,88.88888888888889,.NET 8.0.14
MultiSequenceLearning,S5,9,1038.3676502,40.703125,2.401,8,88.88888888888889,.NET 8.0.14
MultiSequenceLearning,S6,9,1038.3676502,40.703125,2.401,8,88.88888888888889,.NET 8.0.14
MultiSequenceLearning,S7,9,1038.3676502,40.703125,2.401,8,88.88888888888889,.NET 8.0.14
MultiSequenceLearning,S8,9,1038.3676502,40.703125,2.401,8,88.88888888888889,.NET 8.0.14
MultiSequenceLearning,S9,9,1038.3676502,40.703125,2.401,8,88.88888888888889,.NET 8.0.14
MultiSequenceLearning,S10,9,1038.3676502,40.703125,2.401,8,88.88888888888889,.NET 8.0.14
MultiSequenceLearning,S11,9,1038.3676502,40.703125,2.401,8,88.88888888888889,.NET 8.0.14
MultiSequenceLearning,S12,9,1038.3676502,40.703125,2.401,8,88.88888888888889,.NET 8.0.14
MultiSequenceLearning,S13,9,1038.3676502,40.703125,2.401,8,88.88888888888889,.NET 8.0.14
MultiSequenceLearning,S14,9,1038.3676502,40.703125,2.401,8,88.88888888888889,.NET 8.0.14
MultiSequenceLearning,S15,9,1038.3676502,40.703125,2.401,8,88.88888888888889,.NET 8.0.14
MultiSequenceLearning,S16,9,1038.3676502,40.703125,2.401,8,88.88888888888889,.NET 8.0.14
MultiSequenceLearning,S17,9,1038.3676502,40.703125,2.401,8,88.88888888888889,.NET 8.0.14
MultiSequenceLearning,S18,9,1038.3676502,40.703125,2.401,8,88.88888888888889,.NET 8.0.14
MultiSequenceLearning,S19,9,1038.3676502,40.703125,2.401,8,88.88888888888889,.NET 8.0.14
MultiSequenceLearning,S20,9,1038.3676502,40.703125,2.401,8,88.88888888888889,.NET 8.0.14
MultiSequenceLearning,S21,9,1038.3676502,40.703125,2.401,8,88.88888888888889,.NET 8.0.14
MultiSequenceLearning,S22,9,1038.3676502,40.703125,2.401,8,88.88888888888889,.NET 8.0.14
MultiSequenceLearning,S23,9,1038.3676502,40.703125,2.401,8,88.88888888888889,.NET 8.0.14
MultiSequenceLearning,S24,9,1038.3676502,40.703125,2.401,8,88.88888888888889,.NET 8.0.14
MultiSequenceLearning,S25,9,1038.3676502,40.703125,2.401,8,88.88888888888889,.NET 8.0.14
MultiSequenceLearning,S26,9,1038.3676502,40.703125,2.401,8,88.88888888888889,.NET 8.0.14
MultiSequenceLearning,S27,9,1038.3676502,40.703125,2.401,8,88.88888888888889,.NET 8.0.14
MultiSequenceLearning,S28,9,1038.3676502,40.703125,2.401,8,88.88888888888889,.NET 8.0.14
MultiSequenceLearning,S29,9,1038.3676502,40.703125,2.401,8,88.88888888888889,.NET 8.0.14
MultiSequenceLearning,S30,9,1038.3676502,40.703125,2.401,8,88.88888888888889,.NET 8.0.14
MultiSequenceLearning,S1,49,1463.4773365,37.1796875,2.401,7,100,.NET 8.0.14
MultiSequenceLearning,S2,49,1463.4773365,37.1796875,2.401,7,97.95918367346938,.NET 8.0.14
MultiSequenceLearning,S3,49,1463.4773365,37.1796875,2.401,7,97.95918367346938,.NET 8.0.14
MultiSequenceLearning,S4,9,1463.4773365,37.1796875,2.401,7,88.88888888888889,.NET 8.0.14
MultiSequenceLearning,S5,9,1463.4773365,37.1796875,2.401,7,88.88888888888889,.NET 8.0.14
MultiSequenceLearning,S6,9,1463.4773365,37.1796875,2.401,7,88.88888888888889,.NET 8.0.14
MultiSequenceLearning,S7,9,1463.4773365,37.1796875,2.401,7,88.88888888888889,.NET 8.0.14
MultiSequenceLearning,S8,9,1463.4773365,37.1796875,2.401,7,88.88888888888889,.NET 8.0.14
MultiSequenceLearning,S9,9,1463.4773365,37.1796875,2.401,7,88.88888888888889,.NET 8.0.14
MultiSequenceLearning,S10,9,1463.4773365,37.1796875,2.401,7,88.88888888888889,.NET 8.0.14
MultiSequenceLearning,S11,9,1463.4773365,37.1796875,2.401,7,88.88888888888889,.NET 8.0.14
MultiSequenceLearning,S12,9,1463.4773365,37.1796875,2.401,7,88.88888888888889,.NET 8.0.14
MultiSequenceLearning,S13,9,1463.4773365,37.1796875,2.401,7,88.88888888888889,.NET 8.0.14
MultiSequenceLearning,S14,9,1463.4773365,37.1796875,2.401,7,88.88888888888889,.NET 8.0.14
MultiSequenceLearning,S15,9,1463.4773365,37.1796875,2.401,7,88.88888888888889,.NET 8.0.14
MultiSequenceLearning,S16,9,1463.4773365,37.1796875,2.401,7,88.88888888888889,.NET 8.0.14
MultiSequenceLearning,S17,9,1463.4773365,37.1796875,2.401,7,88.88888888888889,.NET 8.0.14
MultiSequenceLearning,S18,9,1463.4773365,37.1796875,2.401,7,88.88888888888889,.NET 8.0.14
MultiSequenceLearning,S19,9,1463.4773365,37.1796875,2.401,7,88.88888888888889,.NET 8.0.14
MultiSequenceLearning,S20,9,1463.4773365,37.1796875,2.401,7,88.88888888888889,.NET 8.0.14
MultiSequenceLearning,S21,9,1463.4773365,37.1796875,2.401,7,88.88888888888889,.NET 8.0.14
MultiSequenceLearning,S22,9,1463.4773365,37.1796875,2.401,7,88.88888888888889,.NET 8.0.14
MultiSequenceLearning,S23,9,1463.4773365,37.1796875,2.401,7,88.88888888888889,.NET 8.0.14
MultiSequenceLearning,S24,9,1463.4773365,37.1796875,2.401,7,88.88888888888889,.NET 8.0.14
MultiSequenceLearning,S25,9,1463.4773365,37.1796875,2.401,7,88.88888888888889,.NET 8.0.14
MultiSequenceLearning,S26,9,1463.4773365,37.1796875,2.401,7,88.88888888888889,.NET 8.0.14
MultiSequenceLearning,S27,9,1463.4773365,37.1796875,2.401,7,88.88888888888889,.NET 8.0.14
MultiSequenceLearning,S28,9,1463.4773365,37.1796875,2.401,7,88.88888888888889,.NET 8.0.14
MultiSequenceLearning,S29,9,1463.4773365,37.1796875,2.401,7,88.88888888888889,.NET 8.0.14
MultiSequenceLearning,S30,9,1463.4773365,37.1796875,2.401,7,88.88888888888889,.NET 8.0.14
MultiSequenceLearning,S1,49,1463.4773365,37.1796875,2.401,7,100,.NET 8.0.14
MultiSequenceLearning,S2,49,1463.4773365,37.1796875,2.401,7,97.95918367346938,.NET 8.0.14
MultiSequenceLearning,S3,49,1463.4773365,37.1796875,2.401,7,97.95918367346938,.NET 8.0.14
MultiSequenceLearning,S4,9,1463.4773365,37.1796875,2.401,7,88.88888888888889,.NET 8.0.14
MultiSequenceLearning,S5,9,1463.4773365,37.1796875,2.401,7,88.88888888888889,.NET 8.0.14
MultiSequenceLearning,S6,9,1463.4773365,37.1796875,2.401,7,88.88888888888889,.NET 8.0.14
MultiSequenceLearning,S7,9,1463.4773365,37.1796875,2.401,7,88.88888888888889,.NET 8.0.14
MultiSequenceLearning,S8,9,1463.4773365,37.1796875,2.401,7,88.88888888888889,.NET 8.0.14
MultiSequenceLearning,S9,9,1463.4773365,37.1796875,2.401,7,88.88888888888889,.NET 8.0.14
MultiSequenceLearning,S10,9,1463.4773365,37.1796875,2.401,7,88.88888888888889,.NET 8.0.14
MultiSequenceLearning,S11,9,1463.4773365,37.1796875,2.401,7,88.88888888888889,.NET 8.0.14
MultiSequenceLearning,S12,9,1463.4773365,37.1796875,2.401,7,88.88888888888889,.NET 8.0.14
MultiSequenceLearning,S13,9,1463.4773365,37.1796875,2.401,7,88.88888888888889,.NET 8.0.14
MultiSequenceLearning,S14,9,1463.4773365,37.1796875,2.401,7,88.88888888888889,.NET 8.0.14
MultiSequenceLearning,S15,9,1463.4773365,37.1796875,2.401,7,88.88888888888889,.NET 8.0.14
MultiSequenceLearning,S16,9,1463.4773365,37.1796875,2.401,7,88.88888888888889,.NET 8.0.14
MultiSequenceLearning,S17,9,1463.4773365,37.1796875,2.401,7,88.88888888888889,.NET 8.0.14
MultiSequenceLearning,S18,9,1463.4773365,37.1796875,2.401,7,88.88888888888889,.NET 8.0.14
MultiSequenceLearning,S19,9,1463.4773365,37.1796875,2.401,7,88.88888888888889,.NET 8.0.14
MultiSequenceLearning,S20,9,1463.4773365,37.1796875,2.401,7,88.88888888888889,.NET 8.0.14
MultiSequenceLearning,S21,9,1463.4773365,37.1796875,2.401,7,88.88888888888889,.NET 8.0.14
MultiSequenceLearning,S22,9,1463.4773365,37.1796875,2.401,7,88.88888888888889,.NET 8.0.14
MultiSequenceLearning,S23,9,1463.4773365,37.1796875,2.401,7,88.88888888888889,.NET 8.0.14
MultiSequenceLearning,S24,9,1463.4773365,37.1796875,2.401,7,88.88888888888889,.NET 8.0.14
MultiSequenceLearning,S25,9,1463.4773365,37.1796875,2.401,7,88.88888888888889,.NET 8.0.14
MultiSequenceLearning,S26,9,1463.4773365,37.1796875,2.401,7,88.88888888888889,.NET 8.0.14
MultiSequenceLearning,S27,9,1463.4773365,37.1796875,2.401,7,88.88888888888889,.NET 8.0.14
MultiSequenceLearning,S28,9,1463.4773365,37.1796875,2.401,7,88.88888888888889,.NET 8.0.14
MultiSequenceLearning,S29,9,1463.4773365,37.1796875,2.401,7,88.88888888888889,.NET 8.0.14
MultiSequenceLearning,S30,9,1463.4773365,37.1796875,2.401,7,88.88888888888889,.NET 8.0.14
MultiSequenceLearning,S1,49,1463.4773365,37.1796875,2.401,7,100,.NET 8.0.14
MultiSequenceLearning,S2,49,1463.4773365,37.1796875,2.401,7,97.95918367346938,.NET 8.0.14
MultiSequenceLearning,S3,49,1463.4773365,37.1796875,2.401,7,97.95918367346938,.NET 8.0.14
MultiSequenceLearning,S4,9,1463.4773365,37.1796875,2.401,7,88.88888888888889,.NET 8.0.14
MultiSequenceLearning,S5,9,1463.4773365,37.1796875,2.401,7,88.88888888888889,.NET 8.0.14
MultiSequenceLearning,S6,9,1463.4773365,37.1796875,2.401,7,88.88888888888889,.NET 8.0.14
MultiSequenceLearning,S7,9,1463.4773365,37.1796875,2.401,7,88.88888888888889,.NET 8.0.14
MultiSequenceLearning,S8,9,1463.4773365,37.1796875,2.401,7,88.88888888888889,.NET 8.0.14
MultiSequenceLearning,S9,9,1463.4773365,37.1796875,2.401,7,88.88888888888889,.NET 8.0.14
MultiSequenceLearning,S10,9,1463.4773365,37.1796875,2.401,7,88.88888888888889,.NET 8.0.14
MultiSequenceLearning,S11,9,1463.4773365,37.1796875,2.401,7,88.88888888888889,.NET 8.0.14
MultiSequenceLearning,S12,9,1463.4773365,37.1796875,2.401,7,88.88888888888889,.NET 8.0.14
MultiSequenceLearning,S13,9,1463.4773365,37.1796875,2.401,7,88.88888888888889,.NET 8.0.14
MultiSequenceLearning,S14,9,1463.4773365,37.1796875,2.401,7,88.88888888888889,.NET 8.0.14
MultiSequenceLearning,S15,9,1463.4773365,37.1796875,2.401,7,88.88888888888889,.NET 8.0.14
MultiSequenceLearning,S16,9,1463.4773365,37.1796875,2.401,7,88.88888888888889,.NET 8.0.14
MultiSequenceLearning,S17,9,1463.4773365,37.1796875,2.401,7,88.88888888888889,.NET 8.0.14
MultiSequenceLearning,S18,9,1463.4773365,37.1796875,2.401,7,88.88888888888889,.NET 8.0.14
MultiSequenceLearning,S19,9,1463.4773365,37.1796875,2.401,7,88.88888888888889,.NET 8.0.14
MultiSequenceLearning,S20,9,1463.4773365,37.1796875,2.401,7,88.88888888888889,.NET 8.0.14
MultiSequenceLearning,S21,9,1463.4773365,37.1796875,2.401,7,88.88888888888889,.NET 8.0.14
MultiSequenceLearning,S22,9,1463.4773365,37.1796875,2.401,7,88.88888888888889,.NET 8.0.14
MultiSequenceLearning,S23,9,1463.4773365,37.1796875,2.401,7,88.88888888888889,.NET 8.0.14
MultiSequenceLearning,S24,9,1463.4773365,37.1796875,2.401,7,88.88888888888889,.NET 8.0.14
MultiSequenceLearning,S25,9,1463.4773365,37.1796875,2.401,7,88.88888888888889,.NET 8.0.14
MultiSequenceLearning,S26,9,1463.4773365,37.1796875,2.401,7,88.88888888888889,.NET 8.0.14
MultiSequenceLearning,S27,9,1463.4773365,37.1796875,2.401,7,88.88888888888889,.NET 8.0.14
MultiSequenceLearning,S28,9,1463.4773365,37.1796875,2.401,7,88.88888888888889,.NET 8.0.14
MultiSequenceLearning,S29,9,1463.4773365,37.1796875,2.401,7,88.88888888888889,.NET 8.0.14
MultiSequenceLearning,S30,9,1463.4773365,37.1796875,2.401,7,88.88888888888889,.NET 8.0.14
MultiSequenceLearning,S1,49,1463.4773365,37.1796875,2.401,7,100,.NET 8.0.14
MultiSequenceLearning,S2,49,1463.4773365,37.1796875,2.401,7,97.95918367346938,.NET 8.0.14
MultiSequenceLearning,S3,49,1463.4773365,37.1796875,2.401,7,97.95918367346938,.NET 8.0.14
MultiSequenceLearning,S4,9,1463.4773365,37.1796875,2.401,7,88.88888888888889,.NET 8.0.14
MultiSequenceLearning,S5,9,1463.4773365,37.1796875,2.401,7,88.88888888888889,.NET 8.0.14
MultiSequenceLearning,S6,9,1463.4773365,37.1796875,2.401,7,88.88888888888889,.NET 8.0.14
MultiSequenceLearning,S7,9,1463.4773365,37.1796875,2.401,7,88.88888888888889,.NET 8.0.14
MultiSequenceLearning,S8,9,1463.4773365,37.1796875,2.401,7,88.88888888888889,.NET 8.0.14
MultiSequenceLearning,S9,9,1463.4773365,37.1796875,2.401,7,88.88888888888889,.NET 8.0.14
MultiSequenceLearning,S10,9,1463.4773365,37.1796875,2.401,7,88.88888888888889,.NET 8.0.14
MultiSequenceLearning,S11,9,1463.4773365,37.1796875,2.401,7,88.88888888888889,.NET 8.0.14
MultiSequenceLearning,S12,9,1463.4773365,37.1796875,2.401,7,88.88888888888889,.NET 8.0.14
MultiSequenceLearning,S13,9,1463.4773365,37.1796875,2.401,7,88.88888888888889,.NET 8.0.14
MultiSequenceLearning,S14,9,1463.4773365,37.1796875,2.401,7,88.88888888888889,.NET 8.0.14
MultiSequenceLearning,S15,9,1463.4773365,37.1796875,2.401,7,88.88888888888889,.NET 8.0.14
MultiSequenceLearning,S16,9,1463.4773365,37.1796875,2.401,7,88.88888888888889,.NET 8.0.14
MultiSequenceLearning,S17,9,1463.4773365,37.1796875,2.401,7,88.88888888888889,.NET 8.0.14
MultiSequenceLearning,S18,9,1463.4773365,37.1796875,2.401,7,88.88888888888889,.NET 8.0.14
MultiSequenceLearning,S19,9,1463.4773365,37.1796875,2.401,7,88.88888888888889,.NET 8.0.14
MultiSequenceLearning,S20,9,1463.4773365,37.1796875,2.401,7,88.88888888888889,.NET 8.0.14
MultiSequenceLearning,S21,9,1463.4773365,37.1796875,2.401,7,88.88888888888889,.NET 8.0.14
MultiSequenceLearning,S22,9,1463.4773365,37.1796875,2.401,7,88.88888888888889,.NET 8.0.14
MultiSequenceLearning,S23,9,1463.4773365,37.1796875,2.401,7,88.88888888888889,.NET 8.0.14
MultiSequenceLearning,S24,9,1463.4773365,37.1796875,2.401,7,88.88888888888889,.NET 8.0.14
MultiSequenceLearning,S25,9,1463.4773365,37.1796875,2.401,7,88.88888888888889,.NET 8.0.14
MultiSequenceLearning,S26,9,1463.4773365,37.1796875,2.401,7,88.88888888888889,.NET 8.0.14
MultiSequenceLearning,S27,9,1463.4773365,37.1796875,2.401,7,88.88888888888889,.NET 8.0.14
MultiSequenceLearning,S28,9,1463.4773365,37.1796875,2.401,7,88.88888888888889,.NET 8.0.14
MultiSequenceLearning,S29,9,1463.4773365,37.1796875,2.401,7,88.88888888888889,.NET 8.0.14
MultiSequenceLearning,S30,9,1463.4773365,37.1796875,2.401,7,88.88888888888889,.NET 8.0.14
MultiSequenceLearning,S1,49,2073.1554345,37.8984375,2.401,6,100,.NET 8.0.14
MultiSequenceLearning,S2,49,2073.1554345,37.8984375,2.401,6,97.95918367346938,.NET 8.0.14
MultiSequenceLearning,S3,49,2073.1554345,37.8984375,2.401,6,97.95918367346938,.NET 8.0.14
MultiSequenceLearning,S4,9,2073.1554345,37.8984375,2.401,6,88.88888888888889,.NET 8.0.14
MultiSequenceLearning,S5,9,2073.1554345,37.8984375,2.401,6,88.88888888888889,.NET 8.0.14
MultiSequenceLearning,S6,9,2073.1554345,37.8984375,2.401,6,88.88888888888889,.NET 8.0.14
MultiSequenceLearning,S7,9,2073.1554345,37.8984375,2.401,6,88.88888888888889,.NET 8.0.14
MultiSequenceLearning,S8,9,2073.1554345,37.8984375,2.401,6,88.88888888888889,.NET 8.0.14
MultiSequenceLearning,S9,9,2073.1554345,37.8984375,2.401,6,88.88888888888889,.NET 8.0.14
MultiSequenceLearning,S10,9,2073.1554345,37.8984375,2.401,6,88.88888888888889,.NET 8.0.14
MultiSequenceLearning,S11,9,2073.1554345,37.8984375,2.401,6,88.88888888888889,.NET 8.0.14
MultiSequenceLearning,S12,9,2073.1554345,37.8984375,2.401,6,88.88888888888889,.NET 8.0.14
MultiSequenceLearning,S13,9,2073.1554345,37.8984375,2.401,6,88.88888888888889,.NET 8.0.14
MultiSequenceLearning,S14,9,2073.1554345,37.8984375,2.401,6,88.88888888888889,.NET 8.0.14
MultiSequenceLearning,S15,9,2073.1554345,37.8984375,2.401,6,88.88888888888889,.NET 8.0.14
MultiSequenceLearning,S16,9,2073.1554345,37.8984375,2.401,6,88.88888888888889,.NET 8.0.14
MultiSequenceLearning,S17,9,2073.1554345,37.8984375,2.401,6,88.88888888888889,.NET 8.0.14
MultiSequenceLearning,S18,9,2073.1554345,37.8984375,2.401,6,88.88888888888889,.NET 8.0.14
MultiSequenceLearning,S19,9,2073.1554345,37.8984375,2.401,6,88.88888888888889,.NET 8.0.14
MultiSequenceLearning,S20,9,2073.1554345,37.8984375,2.401,6,88.88888888888889,.NET 8.0.14
MultiSequenceLearning,S21,9,2073.1554345,37.8984375,2.401,6,88.88888888888889,.NET 8.0.14
MultiSequenceLearning,S22,9,2073.1554345,37.8984375,2.401,6,88.88888888888889,.NET 8.0.14
MultiSequenceLearning,S23,9,2073.1554345,37.8984375,2.401,6,88.88888888888889,.NET 8.0.14
MultiSequenceLearning,S24,9,2073.1554345,37.8984375,2.401,6,88.88888888888889,.NET 8.0.14
MultiSequenceLearning,S25,9,2073.1554345,37.8984375,2.401,6,88.88888888888889,.NET 8.0.14
MultiSequenceLearning,S26,9,2073.1554345,37.8984375,2.401,6,88.88888888888889,.NET 8.0.14
MultiSequenceLearning,S27,9,2073.1554345,37.8984375,2.401,6,88.88888888888889,.NET 8.0.14
MultiSequenceLearning,S28,9,2073.1554345,37.8984375,2.401,6,88.88888888888889,.NET 8.0.14
MultiSequenceLearning,S29,9,2073.1554345,37.8984375,2.401,6,88.88888888888889,.NET 8.0.14
MultiSequenceLearning,S30,9,2073.1554345,37.8984375,2.401,6,88.88888888888889,.NET 8.0.14
MultiSequenceLearning,S1,49,2073.1554345,37.8984375,2.401,6,100,.NET 8.0.14
MultiSequenceLearning,S2,49,2073.1554345,37.8984375,2.401,6,97.95918367346938,.NET 8.0.14
MultiSequenceLearning,S3,49,2073.1554345,37.8984375,2.401,6,97.95918367346938,.NET 8.0.14
MultiSequenceLearning,S4,9,2073.1554345,37.8984375,2.401,6,88.88888888888889,.NET 8.0.14
MultiSequenceLearning,S5,9,2073.1554345,37.8984375,2.401,6,88.88888888888889,.NET 8.0.14
MultiSequenceLearning,S6,9,2073.1554345,37.8984375,2.401,6,88.88888888888889,.NET 8.0.14
MultiSequenceLearning,S7,9,2073.1554345,37.8984375,2.401,6,88.88888888888889,.NET 8.0.14
MultiSequenceLearning,S8,9,2073.1554345,37.8984375,2.401,6,88.88888888888889,.NET 8.0.14
MultiSequenceLearning,S9,9,2073.1554345,37.8984375,2.401,6,88.88888888888889,.NET 8.0.14
MultiSequenceLearning,S10,9,2073.1554345,37.8984375,2.401,6,88.88888888888889,.NET 8.0.14
MultiSequenceLearning,S11,9,2073.1554345,37.8984375,2.401,6,88.88888888888889,.NET 8.0.14
MultiSequenceLearning,S12,9,2073.1554345,37.8984375,2.401,6,88.88888888888889,.NET 8.0.14
MultiSequenceLearning,S13,9,2073.1554345,37.8984375,2.401,6,88.88888888888889,.NET 8.0.14
MultiSequenceLearning,S14,9,2073.1554345,37.8984375,2.401,6,88.88888888888889,.NET 8.0.14
MultiSequenceLearning,S15,9,2073.1554345,37.8984375,2.401,6,88.88888888888889,.NET 8.0.14
MultiSequenceLearning,S16,9,2073.1554345,37.8984375,2.401,6,88.88888888888889,.NET 8.0.14
MultiSequenceLearning,S17,9,2073.1554345,37.8984375,2.401,6,88.88888888888889,.NET 8.0.14
MultiSequenceLearning,S18,9,2073.1554345,37.8984375,2.401,6,88.88888888888889,.NET 8.0.14
MultiSequenceLearning,S19,9,2073.1554345,37.8984375,2.401,6,88.88888888888889,.NET 8.0.14
MultiSequenceLearning,S20,9,2073.1554345,37.8984375,2.401,6,88.88888888888889,.NET 8.0.14
MultiSequenceLearning,S21,9,2073.1554345,37.8984375,2.401,6,88.88888888888889,.NET 8.0.14
MultiSequenceLearning,S22,9,2073.1554345,37.8984375,2.401,6,88.88888888888889,.NET 8.0.14
MultiSequenceLearning,S23,9,2073.1554345,37.8984375,2.401,6,88.88888888888889,.NET 8.0.14
MultiSequenceLearning,S24,9,2073.1554345,37.8984375,2.401,6,88.88888888888889,.NET 8.0.14
MultiSequenceLearning,S25,9,2073.1554345,37.8984375,2.401,6,88.88888888888889,.NET 8.0.14
MultiSequenceLearning,S26,9,2073.1554345,37.8984375,2.401,6,88.88888888888889,.NET 8.0.14
MultiSequenceLearning,S27,9,2073.1554345,37.8984375,2.401,6,88.88888888888889,.NET 8.0.14
MultiSequenceLearning,S28,9,2073.1554345,37.8984375,2.401,6,88.88888888888889,.NET 8.0.14
MultiSequenceLearning,S29,9,2073.1554345,37.8984375,2.401,6,88.88888888888889,.NET 8.0.14
MultiSequenceLearning,S30,9,2073.1554345,37.8984375,2.401,6,88.88888888888889,.NET 8.0.14
MultiSequenceLearning,S1,49,2073.1554345,37.8984375,2.401,6,100,.NET 8.0.14
MultiSequenceLearning,S2,49,2073.1554345,37.8984375,2.401,6,97.95918367346938,.NET 8.0.14
MultiSequenceLearning,S3,49,2073.1554345,37.8984375,2.401,6,97.95918367346938,.NET 8.0.14
MultiSequenceLearning,S4,9,2073.1554345,37.8984375,2.401,6,88.88888888888889,.NET 8.0.14
MultiSequenceLearning,S5,9,2073.1554345,37.8984375,2.401,6,88.88888888888889,.NET 8.0.14
MultiSequenceLearning,S6,9,2073.1554345,37.8984375,2.401,6,88.88888888888889,.NET 8.0.14
MultiSequenceLearning,S7,9,2073.1554345,37.8984375,2.401,6,88.88888888888889,.NET 8.0.14
MultiSequenceLearning,S8,9,2073.1554345,37.8984375,2.401,6,88.88888888888889,.NET 8.0.14
MultiSequenceLearning,S9,9,2073.1554345,37.8984375,2.401,6,88.88888888888889,.NET 8.0.14
MultiSequenceLearning,S10,9,2073.1554345,37.8984375,2.401,6,88.88888888888889,.NET 8.0.14
MultiSequenceLearning,S11,9,2073.1554345,37.8984375,2.401,6,88.88888888888889,.NET 8.0.14
MultiSequenceLearning,S12,9,2073.1554345,37.8984375,2.401,6,88.88888888888889,.NET 8.0.14
MultiSequenceLearning,S13,9,2073.1554345,37.8984375,2.401,6,88.88888888888889,.NET 8.0.14
MultiSequenceLearning,S14,9,2073.1554345,37.8984375,2.401,6,88.88888888888889,.NET 8.0.14
MultiSequenceLearning,S15,9,2073.1554345,37.8984375,2.401,6,88.88888888888889,.NET 8.0.14
MultiSequenceLearning,S16,9,2073.1554345,37.8984375,2.401,6,88.88888888888889,.NET 8.0.14
MultiSequenceLearning,S17,9,2073.1554345,37.8984375,2.401,6,88.88888888888889,.NET 8.0.14
MultiSequenceLearning,S18,9,2073.1554345,37.8984375,2.401,6,88.88888888888889,.NET 8.0.14
MultiSequenceLearning,S19,9,2073.1554345,37.8984375,2.401,6,88.88888888888889,.NET 8.0.14
MultiSequenceLearning,S20,9,2073.1554345,37.8984375,2.401,6,88.88888888888889,.NET 8.0.14
MultiSequenceLearning,S21,9,2073.1554345,37.8984375,2.401,6,88.88888888888889,.NET 8.0.14
MultiSequenceLearning,S22,9,2073.1554345,37.8984375,2.401,6,88.88888888888889,.NET 8.0.14
MultiSequenceLearning,S23,9,2073.1554345,37.8984375,2.401,6,88.88888888888889,.NET 8.0.14
MultiSequenceLearning,S24,9,2073.1554345,37.8984375,2.401,6,88.88888888888889,.NET 8.0.14
MultiSequenceLearning,S25,9,2073.1554345,37.8984375,2.401,6,88.88888888888889,.NET 8.0.14
MultiSequenceLearning,S26,9,2073.1554345,37.8984375,2.401,6,88.88888888888889,.NET 8.0.14
MultiSequenceLearning,S27,9,2073.1554345,37.8984375,2.401,6,88.88888888888889,.NET 8.0.14
MultiSequenceLearning,S28,9,2073.1554345,37.8984375,2.401,6,88.88888888888889,.NET 8.0.14
MultiSequenceLearning,S29,9,2073.1554345,37.8984375,2.401,6,88.88888888888889,.NET 8.0.14
MultiSequenceLearning,S30,9,2073.1554345,37.8984375,2.401,6,88.88888888888889,.NET 8.0.14
MultiSequenceLearning,S1,49,2073.1554345,37.8984375,2.401,6,100,.NET 8.0.14
MultiSequenceLearning,S2,49,2073.1554345,37.8984375,2.401,6,97.95918367346938,.NET 8.0.14
MultiSequenceLearning,S3,49,2073.1554345,37.8984375,2.401,6,97.95918367346938,.NET 8.0.14
MultiSequenceLearning,S4,9,2073.1554345,37.8984375,2.401,6,88.88888888888889,.NET 8.0.14
MultiSequenceLearning,S5,9,2073.1554345,37.8984375,2.401,6,88.88888888888889,.NET 8.0.14
MultiSequenceLearning,S6,9,2073.1554345,37.8984375,2.401,6,88.88888888888889,.NET 8.0.14
MultiSequenceLearning,S7,9,2073.1554345,37.8984375,2.401,6,88.88888888888889,.NET 8.0.14
MultiSequenceLearning,S8,9,2073.1554345,37.8984375,2.401,6,88.88888888888889,.NET 8.0.14
MultiSequenceLearning,S9,9,2073.1554345,37.8984375,2.401,6,88.88888888888889,.NET 8.0.14
MultiSequenceLearning,S10,9,2073.1554345,37.8984375,2.401,6,88.88888888888889,.NET 8.0.14
MultiSequenceLearning,S11,9,2073.1554345,37.8984375,2.401,6,88.88888888888889,.NET 8.0.14
MultiSequenceLearning,S12,9,2073.1554345,37.8984375,2.401,6,88.88888888888889,.NET 8.0.14
MultiSequenceLearning,S13,9,2073.1554345,37.8984375,2.401,6,88.88888888888889,.NET 8.0.14
MultiSequenceLearning,S14,9,2073.1554345,37.8984375,2.401,6,88.88888888888889,.NET 8.0.14
MultiSequenceLearning,S15,9,2073.1554345,37.8984375,2.401,6,88.88888888888889,.NET 8.0.14
MultiSequenceLearning,S16,9,2073.1554345,37.8984375,2.401,6,88.88888888888889,.NET 8.0.14
MultiSequenceLearning,S17,9,2073.1554345,37.8984375,2.401,6,88.88888888888889,.NET 8.0.14
MultiSequenceLearning,S18,9,2073.1554345,37.8984375,2.401,6,88.88888888888889,.NET 8.0.14
MultiSequenceLearning,S19,9,2073.1554345,37.8984375,2.401,6,88.88888888888889,.NET 8.0.14
MultiSequenceLearning,S20,9,2073.1554345,37.8984375,2.401,6,88.88888888888889,.NET 8.0.14
MultiSequenceLearning,S21,9,2073.1554345,37.8984375,2.401,6,88.88888888888889,.NET 8.0.14
MultiSequenceLearning,S22,9,2073.1554345,37.8984375,2.401,6,88.88888888888889,.NET 8.0.14
MultiSequenceLearning,S23,9,2073.1554345,37.8984375,2.401,6,88.88888888888889,.NET 8.0.14
MultiSequenceLearning,S24,9,2073.1554345,37.8984375,2.401,6,88.88888888888889,.NET 8.0.14
MultiSequenceLearning,S25,9,2073.1554345,37.8984375,2.401,6,88.88888888888889,.NET 8.0.14
MultiSequenceLearning,S26,9,2073.1554345,37.8984375,2.401,6,88.88888888888889,.NET 8.0.14
MultiSequenceLearning,S27,9,2073.1554345,37.8984375,2.401,6,88.88888888888889,.NET 8.0.14
MultiSequenceLearning,S28,9,2073.1554345,37.8984375,2.401,6,88.88888888888889,.NET 8.0.14
MultiSequenceLearning,S29,9,2073.1554345,37.8984375,2.401,6,88.88888888888889,.NET 8.0.14
MultiSequenceLearning,S30,9,2073.1554345,37.8984375,2.401,6,88.88888888888889,.NET 8.0.14
MultiSequenceLearning,S1,49,1717.4668615,40.37890625,2.401,4,100,.NET 8.0.14
MultiSequenceLearning,S2,49,1717.4668615,40.37890625,2.401,4,97.95918367346938,.NET 8.0.14
MultiSequenceLearning,S3,49,1717.4668615,40.37890625,2.401,4,97.95918367346938,.NET 8.0.14
MultiSequenceLearning,S4,9,1717.4668615,40.37890625,2.401,4,88.88888888888889,.NET 8.0.14
MultiSequenceLearning,S5,9,1717.4668615,40.37890625,2.401,4,88.88888888888889,.NET 8.0.14
MultiSequenceLearning,S6,9,1717.4668615,40.37890625,2.401,4,88.88888888888889,.NET 8.0.14
MultiSequenceLearning,S7,9,1717.4668615,40.37890625,2.401,4,88.88888888888889,.NET 8.0.14
MultiSequenceLearning,S8,9,1717.4668615,40.37890625,2.401,4,88.88888888888889,.NET 8.0.14
MultiSequenceLearning,S9,9,1717.4668615,40.37890625,2.401,4,88.88888888888889,.NET 8.0.14
MultiSequenceLearning,S10,9,1717.4668615,40.37890625,2.401,4,88.88888888888889,.NET 8.0.14
MultiSequenceLearning,S11,9,1717.4668615,40.37890625,2.401,4,88.88888888888889,.NET 8.0.14
MultiSequenceLearning,S12,9,1717.4668615,40.37890625,2.401,4,88.88888888888889,.NET 8.0.14
MultiSequenceLearning,S13,9,1717.4668615,40.37890625,2.401,4,88.88888888888889,.NET 8.0.14
MultiSequenceLearning,S14,9,1717.4668615,40.37890625,2.401,4,88.88888888888889,.NET 8.0.14
MultiSequenceLearning,S15,9,1717.4668615,40.37890625,2.401,4,88.88888888888889,.NET 8.0.14
MultiSequenceLearning,S16,9,1717.4668615,40.37890625,2.401,4,88.88888888888889,.NET 8.0.14
MultiSequenceLearning,S17,9,1717.4668615,40.37890625,2.401,4,88.88888888888889,.NET 8.0.14
MultiSequenceLearning,S18,9,1717.4668615,40.37890625,2.401,4,88.88888888888889,.NET 8.0.14
MultiSequenceLearning,S19,9,1717.4668615,40.37890625,2.401,4,88.88888888888889,.NET 8.0.14
MultiSequenceLearning,S20,9,1717.4668615,40.37890625,2.401,4,88.88888888888889,.NET 8.0.14
MultiSequenceLearning,S21,9,1717.4668615,40.37890625,2.401,4,88.88888888888889,.NET 8.0.14
MultiSequenceLearning,S22,9,1717.4668615,40.37890625,2.401,4,88.88888888888889,.NET 8.0.14
MultiSequenceLearning,S23,9,1717.4668615,40.37890625,2.401,4,88.88888888888889,.NET 8.0.14
MultiSequenceLearning,S24,9,1717.4668615,40.37890625,2.401,4,88.88888888888889,.NET 8.0.14
MultiSequenceLearning,S25,9,1717.4668615,40.37890625,2.401,4,88.88888888888889,.NET 8.0.14
MultiSequenceLearning,S26,9,1717.4668615,40.37890625,2.401,4,88.88888888888889,.NET 8.0.14
MultiSequenceLearning,S27,9,1717.4668615,40.37890625,2.401,4,88.88888888888889,.NET 8.0.14
MultiSequenceLearning,S28,9,1717.4668615,40.37890625,2.401,4,88.88888888888889,.NET 8.0.14
MultiSequenceLearning,S29,9,1717.4668615,40.37890625,2.401,4,88.88888888888889,.NET 8.0.14
MultiSequenceLearning,S30,9,1717.4668615,40.37890625,2.401,4,88.88888888888889,.NET 8.0.14
MultiSequenceLearning,S1,49,1717.4668615,40.37890625,2.401,4,100,.NET 8.0.14
MultiSequenceLearning,S2,49,1717.4668615,40.37890625,2.401,4,97.95918367346938,.NET 8.0.14
MultiSequenceLearning,S3,49,1717.4668615,40.37890625,2.401,4,97.95918367346938,.NET 8.0.14
MultiSequenceLearning,S4,9,1717.4668615,40.37890625,2.401,4,88.88888888888889,.NET 8.0.14
MultiSequenceLearning,S5,9,1717.4668615,40.37890625,2.401,4,88.88888888888889,.NET 8.0.14
MultiSequenceLearning,S6,9,1717.4668615,40.37890625,2.401,4,88.88888888888889,.NET 8.0.14
MultiSequenceLearning,S7,9,1717.4668615,40.37890625,2.401,4,88.88888888888889,.NET 8.0.14
MultiSequenceLearning,S8,9,1717.4668615,40.37890625,2.401,4,88.88888888888889,.NET 8.0.14
MultiSequenceLearning,S9,9,1717.4668615,40.37890625,2.401,4,88.88888888888889,.NET 8.0.14
MultiSequenceLearning,S10,9,1717.4668615,40.37890625,2.401,4,88.88888888888889,.NET 8.0.14
MultiSequenceLearning,S11,9,1717.4668615,40.37890625,2.401,4,88.88888888888889,.NET 8.0.14
MultiSequenceLearning,S12,9,1717.4668615,40.37890625,2.401,4,88.88888888888889,.NET 8.0.14
MultiSequenceLearning,S13,9,1717.4668615,40.37890625,2.401,4,88.88888888888889,.NET 8.0.14
MultiSequenceLearning,S14,9,1717.4668615,40.37890625,2.401,4,88.88888888888889,.NET 8.0.14
MultiSequenceLearning,S15,9,1717.4668615,40.37890625,2.401,4,88.88888888888889,.NET 8.0.14
MultiSequenceLearning,S16,9,1717.4668615,40.37890625,2.401,4,88.88888888888889,.NET 8.0.14
MultiSequenceLearning,S17,9,1717.4668615,40.37890625,2.401,4,88.88888888888889,.NET 8.0.14
MultiSequenceLearning,S18,9,1717.4668615,40.37890625,2.401,4,88.88888888888889,.NET 8.0.14
MultiSequenceLearning,S19,9,1717.4668615,40.37890625,2.401,4,88.88888888888889,.NET 8.0.14
MultiSequenceLearning,S20,9,1717.4668615,40.37890625,2.401,4,88.88888888888889,.NET 8.0.14
MultiSequenceLearning,S21,9,1717.4668615,40.37890625,2.401,4,88.88888888888889,.NET 8.0.14
MultiSequenceLearning,S22,9,1717.4668615,40.37890625,2.401,4,88.88888888888889,.NET 8.0.14
MultiSequenceLearning,S23,9,1717.4668615,40.37890625,2.401,4,88.88888888888889,.NET 8.0.14
MultiSequenceLearning,S24,9,1717.4668615,40.37890625,2.401,4,88.88888888888889,.NET 8.0.14
MultiSequenceLearning,S25,9,1717.4668615,40.37890625,2.401,4,88.88888888888889,.NET 8.0.14
MultiSequenceLearning,S26,9,1717.4668615,40.37890625,2.401,4,88.88888888888889,.NET 8.0.14
MultiSequenceLearning,S27,9,1717.4668615,40.37890625,2.401,4,88.88888888888889,.NET 8.0.14
MultiSequenceLearning,S28,9,1717.4668615,40.37890625,2.401,4,88.88888888888889,.NET 8.0.14
MultiSequenceLearning,S29,9,1717.4668615,40.37890625,2.401,4,88.88888888888889,.NET 8.0.14
MultiSequenceLearning,S30,9,1717.4668615,40.37890625,2.401,4,88.88888888888889,.NET 8.0.14
MultiSequenceLearning,S1,49,1717.4668615,40.37890625,2.401,4,100,.NET 8.0.14
MultiSequenceLearning,S2,49,1717.4668615,40.37890625,2.401,4,97.95918367346938,.NET 8.0.14
MultiSequenceLearning,S3,49,1717.4668615,40.37890625,2.401,4,97.95918367346938,.NET 8.0.14
MultiSequenceLearning,S4,9,1717.4668615,40.37890625,2.401,4,88.88888888888889,.NET 8.0.14
MultiSequenceLearning,S5,9,1717.4668615,40.37890625,2.401,4,88.88888888888889,.NET 8.0.14
MultiSequenceLearning,S6,9,1717.4668615,40.37890625,2.401,4,88.88888888888889,.NET 8.0.14
MultiSequenceLearning,S7,9,1717.4668615,40.37890625,2.401,4,88.88888888888889,.NET 8.0.14
MultiSequenceLearning,S8,9,1717.4668615,40.37890625,2.401,4,88.88888888888889,.NET 8.0.14
MultiSequenceLearning,S9,9,1717.4668615,40.37890625,2.401,4,88.88888888888889,.NET 8.0.14
MultiSequenceLearning,S10,9,1717.4668615,40.37890625,2.401,4,88.88888888888889,.NET 8.0.14
MultiSequenceLearning,S11,9,1717.4668615,40.37890625,2.401,4,88.88888888888889,.NET 8.0.14
MultiSequenceLearning,S12,9,1717.4668615,40.37890625,2.401,4,88.88888888888889,.NET 8.0.14
MultiSequenceLearning,S13,9,1717.4668615,40.37890625,2.401,4,88.88888888888889,.NET 8.0.14
MultiSequenceLearning,S14,9,1717.4668615,40.37890625,2.401,4,88.88888888888889,.NET 8.0.14
MultiSequenceLearning,S15,9,1717.4668615,40.37890625,2.401,4,88.88888888888889,.NET 8.0.14
MultiSequenceLearning,S16,9,1717.4668615,40.37890625,2.401,4,88.88888888888889,.NET 8.0.14
MultiSequenceLearning,S17,9,1717.4668615,40.37890625,2.401,4,88.88888888888889,.NET 8.0.14
MultiSequenceLearning,S18,9,1717.4668615,40.37890625,2.401,4,88.88888888888889,.NET 8.0.14
MultiSequenceLearning,S19,9,1717.4668615,40.37890625,2.401,4,88.88888888888889,.NET 8.0.14
MultiSequenceLearning,S20,9,1717.4668615,40.37890625,2.401,4,88.88888888888889,.NET 8.0.14
MultiSequenceLearning,S21,9,1717.4668615,40.37890625,2.401,4,88.88888888888889,.NET 8.0.14
MultiSequenceLearning,S22,9,1717.4668615,40.37890625,2.401,4,88.88888888888889,.NET 8.0.14
MultiSequenceLearning,S23,9,1717.4668615,40.37890625,2.401,4,88.88888888888889,.NET 8.0.14
MultiSequenceLearning,S24,9,1717.4668615,40.37890625,2.401,4,88.88888888888889,.NET 8.0.14
MultiSequenceLearning,S25,9,1717.4668615,40.37890625,2.401,4,88.88888888888889,.NET 8.0.14
MultiSequenceLearning,S26,9,1717.4668615,40.37890625,2.401,4,88.88888888888889,.NET 8.0.14
MultiSequenceLearning,S27,9,1717.4668615,40.37890625,2.401,4,88.88888888888889,.NET 8.0.14
MultiSequenceLearning,S28,9,1717.4668615,40.37890625,2.401,4,88.88888888888889,.NET 8.0.14
MultiSequenceLearning,S29,9,1717.4668615,40.37890625,2.401,4,88.88888888888889,.NET 8.0.14
MultiSequenceLearning,S30,9,1717.4668615,40.37890625,2.401,4,88.88888888888889,.NET 8.0.14
MultiSequenceLearning,S1,49,1717.4668615,40.37890625,2.401,4,100,.NET 8.0.14
MultiSequenceLearning,S2,49,1717.4668615,40.37890625,2.401,4,97.95918367346938,.NET 8.0.14
MultiSequenceLearning,S3,49,1717.4668615,40.37890625,2.401,4,97.95918367346938,.NET 8.0.14
MultiSequenceLearning,S4,9,1717.4668615,40.37890625,2.401,4,88.88888888888889,.NET 8.0.14
MultiSequenceLearning,S5,9,1717.4668615,40.37890625,2.401,4,88.88888888888889,.NET 8.0.14
MultiSequenceLearning,S6,9,1717.4668615,40.37890625,2.401,4,88.88888888888889,.NET 8.0.14
MultiSequenceLearning,S7,9,1717.4668615,40.37890625,2.401,4,88.88888888888889,.NET 8.0.14
MultiSequenceLearning,S8,9,1717.4668615,40.37890625,2.401,4,88.88888888888889,.NET 8.0.14
MultiSequenceLearning,S9,9,1717.4668615,40.37890625,2.401,4,88.88888888888889,.NET 8.0.14
MultiSequenceLearning,S10,9,1717.4668615,40.37890625,2.401,4,88.88888888888889,.NET 8.0.14
MultiSequenceLearning,S11,9,1717.4668615,40.37890625,2.401,4,88.88888888888889,.NET 8.0.14
MultiSequenceLearning,S12,9,1717.4668615,40.37890625,2.401,4,88.88888888888889,.NET 8.0.14
MultiSequenceLearning,S13,9,1717.4668615,40.37890625,2.401,4,88.88888888888889,.NET 8.0.14
MultiSequenceLearning,S14,9,1717.4668615,40.37890625,2.401,4,88.88888888888889,.NET 8.0.14
MultiSequenceLearning,S15,9,1717.4668615,40.37890625,2.401,4,88.88888888888889,.NET 8.0.14
MultiSequenceLearning,S16,9,1717.4668615,40.37890625,2.401,4,88.88888888888889,.NET 8.0.14
MultiSequenceLearning,S17,9,1717.4668615,40.37890625,2.401,4,88.88888888888889,.NET 8.0.14
MultiSequenceLearning,S18,9,1717.4668615,40.37890625,2.401,4,88.88888888888889,.NET 8.0.14
MultiSequenceLearning,S19,9,1717.4668615,40.37890625,2.401,4,88.88888888888889,.NET 8.0.14
MultiSequenceLearning,S20,9,1717.4668615,40.37890625,2.401,4,88.88888888888889,.NET 8.0.14
MultiSequenceLearning,S21,9,1717.4668615,40.37890625,2.401,4,88.88888888888889,.NET 8.0.14
MultiSequenceLearning,S22,9,1717.4668615,40.37890625,2.401,4,88.88888888888889,.NET 8.0.14
MultiSequenceLearning,S23,9,1717.4668615,40.37890625,2.401,4,88.88888888888889,.NET 8.0.14
MultiSequenceLearning,S24,9,1717.4668615,40.37890625,2.401,4,88.88888888888889,.NET 8.0.14
MultiSequenceLearning,S25,9,1717.4668615,40.37890625,2.401,4,88.88888888888889,.NET 8.0.14
MultiSequenceLearning,S26,9,1717.4668615,40.37890625,2.401,4,88.88888888888889,.NET 8.0.14
MultiSequenceLearning,S27,9,1717.4668615,40.37890625,2.401,4,88.88888888888889,.NET 8.0.14
MultiSequenceLearning,S28,9,1717.4668615,40.37890625,2.401,4,88.88888888888889,.NET 8.0.14
MultiSequenceLearning,S29,9,1717.4668615,40.37890625,2.401,4,88.88888888888889,.NET 8.0.14
MultiSequenceLearning,S30,9,1717.4668615,40.37890625,2.401,4,88.88888888888889,.NET 8.0.14
MultiSequenceLearning,S1,49,1037.4761004,36.69921875,2.401,5,100,.NET 8.0.14
MultiSequenceLearning,S2,49,1037.4761004,36.69921875,2.401,5,97.95918367346938,.NET 8.0.14
MultiSequenceLearning,S3,49,1037.4761004,36.69921875,2.401,5,97.95918367346938,.NET 8.0.14
MultiSequenceLearning,S4,9,1037.4761004,36.69921875,2.401,5,88.88888888888889,.NET 8.0.14
MultiSequenceLearning,S5,9,1037.4761004,36.69921875,2.401,5,88.88888888888889,.NET 8.0.14
MultiSequenceLearning,S6,9,1037.4761004,36.69921875,2.401,5,88.88888888888889,.NET 8.0.14
MultiSequenceLearning,S7,9,1037.4761004,36.69921875,2.401,5,88.88888888888889,.NET 8.0.14
MultiSequenceLearning,S8,9,1037.4761004,36.69921875,2.401,5,88.88888888888889,.NET 8.0.14
MultiSequenceLearning,S9,9,1037.4761004,36.69921875,2.401,5,88.88888888888889,.NET 8.0.14
MultiSequenceLearning,S10,9,1037.4761004,36.69921875,2.401,5,88.88888888888889,.NET 8.0.14
MultiSequenceLearning,S11,9,1037.4761004,36.69921875,2.401,5,88.88888888888889,.NET 8.0.14
MultiSequenceLearning,S12,9,1037.4761004,36.69921875,2.401,5,88.88888888888889,.NET 8.0.14
MultiSequenceLearning,S13,9,1037.4761004,36.69921875,2.401,5,88.88888888888889,.NET 8.0.14
MultiSequenceLearning,S14,9,1037.4761004,36.69921875,2.401,5,88.88888888888889,.NET 8.0.14
MultiSequenceLearning,S15,9,1037.4761004,36.69921875,2.401,5,88.88888888888889,.NET 8.0.14
MultiSequenceLearning,S16,9,1037.4761004,36.69921875,2.401,5,88.88888888888889,.NET 8.0.14
MultiSequenceLearning,S17,9,1037.4761004,36.69921875,2.401,5,88.88888888888889,.NET 8.0.14
MultiSequenceLearning,S18,9,1037.4761004,36.69921875,2.401,5,88.88888888888889,.NET 8.0.14
MultiSequenceLearning,S19,9,1037.4761004,36.69921875,2.401,5,88.88888888888889,.NET 8.0.14
MultiSequenceLearning,S20,9,1037.4761004,36.69921875,2.401,5,88.88888888888889,.NET 8.0.14
MultiSequenceLearning,S21,9,1037.4761004,36.69921875,2.401,5,88.88888888888889,.NET 8.0.14
MultiSequenceLearning,S22,9,1037.4761004,36.69921875,2.401,5,88.88888888888889,.NET 8.0.14
MultiSequenceLearning,S23,9,1037.4761004,36.69921875,2.401,5,88.88888888888889,.NET 8.0.14
MultiSequenceLearning,S24,9,1037.4761004,36.69921875,2.401,5,88.88888888888889,.NET 8.0.14
MultiSequenceLearning,S25,9,1037.4761004,36.69921875,2.401,5,88.88888888888889,.NET 8.0.14
MultiSequenceLearning,S26,9,1037.4761004,36.69921875,2.401,5,88.88888888888889,.NET 8.0.14
MultiSequenceLearning,S27,9,1037.4761004,36.69921875,2.401,5,88.88888888888889,.NET 8.0.14
MultiSequenceLearning,S28,9,1037.4761004,36.69921875,2.401,5,88.88888888888889,.NET 8.0.14
MultiSequenceLearning,S29,9,1037.4761004,36.69921875,2.401,5,88.88888888888889,.NET 8.0.14
MultiSequenceLearning,S30,9,1037.4761004,36.69921875,2.401,5,88.88888888888889,.NET 8.0.14
MultiSequenceLearning,S1,49,1037.4761004,36.69921875,2.401,5,100,.NET 8.0.14
MultiSequenceLearning,S2,49,1037.4761004,36.69921875,2.401,5,97.95918367346938,.NET 8.0.14
MultiSequenceLearning,S3,49,1037.4761004,36.69921875,2.401,5,97.95918367346938,.NET 8.0.14
MultiSequenceLearning,S4,9,1037.4761004,36.69921875,2.401,5,88.88888888888889,.NET 8.0.14
MultiSequenceLearning,S5,9,1037.4761004,36.69921875,2.401,5,88.88888888888889,.NET 8.0.14
MultiSequenceLearning,S6,9,1037.4761004,36.69921875,2.401,5,88.88888888888889,.NET 8.0.14
MultiSequenceLearning,S7,9,1037.4761004,36.69921875,2.401,5,88.88888888888889,.NET 8.0.14
MultiSequenceLearning,S8,9,1037.4761004,36.69921875,2.401,5,88.88888888888889,.NET 8.0.14
MultiSequenceLearning,S9,9,1037.4761004,36.69921875,2.401,5,88.88888888888889,.NET 8.0.14
MultiSequenceLearning,S10,9,1037.4761004,36.69921875,2.401,5,88.88888888888889,.NET 8.0.14
MultiSequenceLearning,S11,9,1037.4761004,36.69921875,2.401,5,88.88888888888889,.NET 8.0.14
MultiSequenceLearning,S12,9,1037.4761004,36.69921875,2.401,5,88.88888888888889,.NET 8.0.14
MultiSequenceLearning,S13,9,1037.4761004,36.69921875,2.401,5,88.88888888888889,.NET 8.0.14
MultiSequenceLearning,S14,9,1037.4761004,36.69921875,2.401,5,88.88888888888889,.NET 8.0.14
MultiSequenceLearning,S15,9,1037.4761004,36.69921875,2.401,5,88.88888888888889,.NET 8.0.14
MultiSequenceLearning,S16,9,1037.4761004,36.69921875,2.401,5,88.88888888888889,.NET 8.0.14
MultiSequenceLearning,S17,9,1037.4761004,36.69921875,2.401,5,88.88888888888889,.NET 8.0.14
MultiSequenceLearning,S18,9,1037.4761004,36.69921875,2.401,5,88.88888888888889,.NET 8.0.14
MultiSequenceLearning,S19,9,1037.4761004,36.69921875,2.401,5,88.88888888888889,.NET 8.0.14
MultiSequenceLearning,S20,9,1037.4761004,36.69921875,2.401,5,88.88888888888889,.NET 8.0.14
MultiSequenceLearning,S21,9,1037.4761004,36.69921875,2.401,5,88.88888888888889,.NET 8.0.14
MultiSequenceLearning,S22,9,1037.4761004,36.69921875,2.401,5,88.88888888888889,.NET 8.0.14
MultiSequenceLearning,S23,9,1037.4761004,36.69921875,2.401,5,88.88888888888889,.NET 8.0.14
MultiSequenceLearning,S24,9,1037.4761004,36.69921875,2.401,5,88.88888888888889,.NET 8.0.14
MultiSequenceLearning,S25,9,1037.4761004,36.69921875,2.401,5,88.88888888888889,.NET 8.0.14
MultiSequenceLearning,S26,9,1037.4761004,36.69921875,2.401,5,88.88888888888889,.NET 8.0.14
MultiSequenceLearning,S27,9,1037.4761004,36.69921875,2.401,5,88.88888888888889,.NET 8.0.14
MultiSequenceLearning,S28,9,1037.4761004,36.69921875,2.401,5,88.88888888888889,.NET 8.0.14
MultiSequenceLearning,S29,9,1037.4761004,36.69921875,2.401,5,88.88888888888889,.NET 8.0.14
MultiSequenceLearning,S30,9,1037.4761004,36.69921875,2.401,5,88.88888888888889,.NET 8.0.14
MultiSequenceLearning,S1,49,1037.4761004,36.69921875,2.401,5,100,.NET 8.0.14
MultiSequenceLearning,S2,49,1037.4761004,36.69921875,2.401,5,97.95918367346938,.NET 8.0.14
MultiSequenceLearning,S3,49,1037.4761004,36.69921875,2.401,5,97.95918367346938,.NET 8.0.14
MultiSequenceLearning,S4,9,1037.4761004,36.69921875,2.401,5,88.88888888888889,.NET 8.0.14
MultiSequenceLearning,S5,9,1037.4761004,36.69921875,2.401,5,88.88888888888889,.NET 8.0.14
MultiSequenceLearning,S6,9,1037.4761004,36.69921875,2.401,5,88.88888888888889,.NET 8.0.14
MultiSequenceLearning,S7,9,1037.4761004,36.69921875,2.401,5,88.88888888888889,.NET 8.0.14
MultiSequenceLearning,S8,9,1037.4761004,36.69921875,2.401,5,88.88888888888889,.NET 8.0.14
MultiSequenceLearning,S9,9,1037.4761004,36.69921875,2.401,5,88.88888888888889,.NET 8.0.14
MultiSequenceLearning,S10,9,1037.4761004,36.69921875,2.401,5,88.88888888888889,.NET 8.0.14
MultiSequenceLearning,S11,9,1037.4761004,36.69921875,2.401,5,88.88888888888889,.NET 8.0.14
MultiSequenceLearning,S12,9,1037.4761004,36.69921875,2.401,5,88.88888888888889,.NET 8.0.14
MultiSequenceLearning,S13,9,1037.4761004,36.69921875,2.401,5,88.88888888888889,.NET 8.0.14
MultiSequenceLearning,S14,9,1037.4761004,36.69921875,2.401,5,88.88888888888889,.NET 8.0.14
MultiSequenceLearning,S15,9,1037.4761004,36.69921875,2.401,5,88.88888888888889,.NET 8.0.14
MultiSequenceLearning,S16,9,1037.4761004,36.69921875,2.401,5,88.88888888888889,.NET 8.0.14
MultiSequenceLearning,S17,9,1037.4761004,36.69921875,2.401,5,88.88888888888889,.NET 8.0.14
MultiSequenceLearning,S18,9,1037.4761004,36.69921875,2.401,5,88.88888888888889,.NET 8.0.14
MultiSequenceLearning,S19,9,1037.4761004,36.69921875,2.401,5,88.88888888888889,.NET 8.0.14
MultiSequenceLearning,S20,9,1037.4761004,36.69921875,2.401,5,88.88888888888889,.NET 8.0.14
MultiSequenceLearning,S21,9,1037.4761004,36.69921875,2.401,5,88.88888888888889,.NET 8.0.14
MultiSequenceLearning,S22,9,1037.4761004,36.69921875,2.401,5,88.88888888888889,.NET 8.0.14
MultiSequenceLearning,S23,9,1037.4761004,36.69921875,2.401,5,88.88888888888889,.NET 8.0.14
MultiSequenceLearning,S24,9,1037.4761004,36.69921875,2.401,5,88.88888888888889,.NET 8.0.14
MultiSequenceLearning,S25,9,1037.4761004,36.69921875,2.401,5,88.88888888888889,.NET 8.0.14
MultiSequenceLearning,S26,9,1037.4761004,36.69921875,2.401,5,88.88888888888889,.NET 8.0.14
MultiSequenceLearning,S27,9,1037.4761004,36.69921875,2.401,5,88.88888888888889,.NET 8.0.14
MultiSequenceLearning,S28,9,1037.4761004,36.69921875,2.401,5,88.88888888888889,.NET 8.0.14
MultiSequenceLearning,S29,9,1037.4761004,36.69921875,2.401,5,88.88888888888889,.NET 8.0.14
MultiSequenceLearning,S30,9,1037.4761004,36.69921875,2.401,5,88.88888888888889,.NET 8.0.14
MultiSequenceLearning,S1,49,1037.4761004,36.69921875,2.401,5,100,.NET 8.0.14
MultiSequenceLearning,S2,49,1037.4761004,36.69921875,2.401,5,97.95918367346938,.NET 8.0.14
MultiSequenceLearning,S3,49,1037.4761004,36.69921875,2.401,5,97.95918367346938,.NET 8.0.14
MultiSequenceLearning,S4,9,1037.4761004,36.69921875,2.401,5,88.88888888888889,.NET 8.0.14
MultiSequenceLearning,S5,9,1037.4761004,36.69921875,2.401,5,88.88888888888889,.NET 8.0.14
MultiSequenceLearning,S6,9,1037.4761004,36.69921875,2.401,5,88.88888888888889,.NET 8.0.14
MultiSequenceLearning,S7,9,1037.4761004,36.69921875,2.401,5,88.88888888888889,.NET 8.0.14
MultiSequenceLearning,S8,9,1037.4761004,36.69921875,2.401,5,88.88888888888889,.NET 8.0.14
MultiSequenceLearning,S9,9,1037.4761004,36.69921875,2.401,5,88.88888888888889,.NET 8.0.14
MultiSequenceLearning,S10,9,1037.4761004,36.69921875,2.401,5,88.88888888888889,.NET 8.0.14
MultiSequenceLearning,S11,9,1037.4761004,36.69921875,2.401,5,88.88888888888889,.NET 8.0.14
MultiSequenceLearning,S12,9,1037.4761004,36.69921875,2.401,5,88.88888888888889,.NET 8.0.14
MultiSequenceLearning,S13,9,1037.4761004,36.69921875,2.401,5,88.88888888888889,.NET 8.0.14
MultiSequenceLearning,S14,9,1037.4761004,36.69921875,2.401,5,88.88888888888889,.NET 8.0.14
MultiSequenceLearning,S15,9,1037.4761004,36.69921875,2.401,5,88.88888888888889,.NET 8.0.14
MultiSequenceLearning,S16,9,1037.4761004,36.69921875,2.401,5,88.88888888888889,.NET 8.0.14
MultiSequenceLearning,S17,9,1037.4761004,36.69921875,2.401,5,88.88888888888889,.NET 8.0.14
MultiSequenceLearning,S18,9,1037.4761004,36.69921875,2.401,5,88.88888888888889,.NET 8.0.14
MultiSequenceLearning,S19,9,1037.4761004,36.69921875,2.401,5,88.88888888888889,.NET 8.0.14
MultiSequenceLearning,S20,9,1037.4761004,36.69921875,2.401,5,88.88888888888889,.NET 8.0.14
MultiSequenceLearning,S21,9,1037.4761004,36.69921875,2.401,5,88.88888888888889,.NET 8.0.14
MultiSequenceLearning,S22,9,1037.4761004,36.69921875,2.401,5,88.88888888888889,.NET 8.0.14
MultiSequenceLearning,S23,9,1037.4761004,36.69921875,2.401,5,88.88888888888889,.NET 8.0.14
MultiSequenceLearning,S24,9,1037.4761004,36.69921875,2.401,5,88.88888888888889,.NET 8.0.14
MultiSequenceLearning,S25,9,1037.4761004,36.69921875,2.401,5,88.88888888888889,.NET 8.0.14
MultiSequenceLearning,S26,9,1037.4761004,36.69921875,2.401,5,88.88888888888889,.NET 8.0.14
MultiSequenceLearning,S27,9,1037.4761004,36.69921875,2.401,5,88.88888888888889,.NET 8.0.14
MultiSequenceLearning,S28,9,1037.4761004,36.69921875,2.401,5,88.88888888888889,.NET 8.0.14
MultiSequenceLearning,S29,9,1037.4761004,36.69921875,2.401,5,88.88888888888889,.NET 8.0.14
MultiSequenceLearning,S30,9,1037.4761004,36.69921875,2.401,5,88.88888888888889,.NET 8.0.14
MultiSequenceLearning,S1,49,1091.6226857,41.96875,2.401,4,100,.NET 8.0.14
MultiSequenceLearning,S2,49,1091.6226857,41.96875,2.401,4,97.95918367346938,.NET 8.0.14
MultiSequenceLearning,S3,49,1091.6226857,41.96875,2.401,4,97.95918367346938,.NET 8.0.14
MultiSequenceLearning,S4,9,1091.6226857,41.96875,2.401,4,88.88888888888889,.NET 8.0.14
MultiSequenceLearning,S5,9,1091.6226857,41.96875,2.401,4,88.88888888888889,.NET 8.0.14
MultiSequenceLearning,S6,9,1091.6226857,41.96875,2.401,4,88.88888888888889,.NET 8.0.14
MultiSequenceLearning,S7,9,1091.6226857,41.96875,2.401,4,88.88888888888889,.NET 8.0.14
MultiSequenceLearning,S8,9,1091.6226857,41.96875,2.401,4,88.88888888888889,.NET 8.0.14
MultiSequenceLearning,S9,9,1091.6226857,41.96875,2.401,4,88.88888888888889,.NET 8.0.14
MultiSequenceLearning,S10,9,1091.6226857,41.96875,2.401,4,88.88888888888889,.NET 8.0.14
MultiSequenceLearning,S11,9,1091.6226857,41.96875,2.401,4,88.88888888888889,.NET 8.0.14
MultiSequenceLearning,S12,9,1091.6226857,41.96875,2.401,4,88.88888888888889,.NET 8.0.14
MultiSequenceLearning,S13,9,1091.6226857,41.96875,2.401,4,88.88888888888889,.NET 8.0.14
MultiSequenceLearning,S14,9,1091.6226857,41.96875,2.401,4,88.88888888888889,.NET 8.0.14
MultiSequenceLearning,S15,9,1091.6226857,41.96875,2.401,4,88.88888888888889,.NET 8.0.14
MultiSequenceLearning,S16,9,1091.6226857,41.96875,2.401,4,88.88888888888889,.NET 8.0.14
MultiSequenceLearning,S17,9,1091.6226857,41.96875,2.401,4,88.88888888888889,.NET 8.0.14
MultiSequenceLearning,S18,9,1091.6226857,41.96875,2.401,4,88.88888888888889,.NET 8.0.14
MultiSequenceLearning,S19,9,1091.6226857,41.96875,2.401,4,88.88888888888889,.NET 8.0.14
MultiSequenceLearning,S20,9,1091.6226857,41.96875,2.401,4,88.88888888888889,.NET 8.0.14
MultiSequenceLearning,S21,9,1091.6226857,41.96875,2.401,4,88.88888888888889,.NET 8.0.14
MultiSequenceLearning,S22,9,1091.6226857,41.96875,2.401,4,88.88888888888889,.NET 8.0.14
MultiSequenceLearning,S23,9,1091.6226857,41.96875,2.401,4,88.88888888888889,.NET 8.0.14
MultiSequenceLearning,S24,9,1091.6226857,41.96875,2.401,4,88.88888888888889,.NET 8.0.14
MultiSequenceLearning,S25,9,1091.6226857,41.96875,2.401,4,88.88888888888889,.NET 8.0.14
MultiSequenceLearning,S26,9,1091.6226857,41.96875,2.401,4,88.88888888888889,.NET 8.0.14
MultiSequenceLearning,S27,9,1091.6226857,41.96875,2.401,4,88.88888888888889,.NET 8.0.14
MultiSequenceLearning,S28,9,1091.6226857,41.96875,2.401,4,88.88888888888889,.NET 8.0.14
MultiSequenceLearning,S29,9,1091.6226857,41.96875,2.401,4,88.88888888888889,.NET 8.0.14
MultiSequenceLearning,S30,9,1091.6226857,41.96875,2.401,4,88.88888888888889,.NET 8.0.14
MultiSequenceLearning,S1,49,1091.6226857,41.96875,2.401,4,100,.NET 8.0.14
MultiSequenceLearning,S2,49,1091.6226857,41.96875,2.401,4,97.95918367346938,.NET 8.0.14
MultiSequenceLearning,S3,49,1091.6226857,41.96875,2.401,4,97.95918367346938,.NET 8.0.14
MultiSequenceLearning,S4,9,1091.6226857,41.96875,2.401,4,88.88888888888889,.NET 8.0.14
MultiSequenceLearning,S5,9,1091.6226857,41.96875,2.401,4,88.88888888888889,.NET 8.0.14
MultiSequenceLearning,S6,9,1091.6226857,41.96875,2.401,4,88.88888888888889,.NET 8.0.14
MultiSequenceLearning,S7,9,1091.6226857,41.96875,2.401,4,88.88888888888889,.NET 8.0.14
MultiSequenceLearning,S8,9,1091.6226857,41.96875,2.401,4,88.88888888888889,.NET 8.0.14
MultiSequenceLearning,S9,9,1091.6226857,41.96875,2.401,4,88.88888888888889,.NET 8.0.14
MultiSequenceLearning,S10,9,1091.6226857,41.96875,2.401,4,88.88888888888889,.NET 8.0.14
MultiSequenceLearning,S11,9,1091.6226857,41.96875,2.401,4,88.88888888888889,.NET 8.0.14
MultiSequenceLearning,S12,9,1091.6226857,41.96875,2.401,4,88.88888888888889,.NET 8.0.14
MultiSequenceLearning,S13,9,1091.6226857,41.96875,2.401,4,88.88888888888889,.NET 8.0.14
MultiSequenceLearning,S14,9,1091.6226857,41.96875,2.401,4,88.88888888888889,.NET 8.0.14
MultiSequenceLearning,S15,9,1091.6226857,41.96875,2.401,4,88.88888888888889,.NET 8.0.14
MultiSequenceLearning,S16,9,1091.6226857,41.96875,2.401,4,88.88888888888889,.NET 8.0.14
MultiSequenceLearning,S17,9,1091.6226857,41.96875,2.401,4,88.88888888888889,.NET 8.0.14
MultiSequenceLearning,S18,9,1091.6226857,41.96875,2.401,4,88.88888888888889,.NET 8.0.14
MultiSequenceLearning,S19,9,1091.6226857,41.96875,2.401,4,88.88888888888889,.NET 8.0.14
MultiSequenceLearning,S20,9,1091.6226857,41.96875,2.401,4,88.88888888888889,.NET 8.0.14
MultiSequenceLearning,S21,9,1091.6226857,41.96875,2.401,4,88.88888888888889,.NET 8.0.14
MultiSequenceLearning,S22,9,1091.6226857,41.96875,2.401,4,88.88888888888889,.NET 8.0.14
MultiSequenceLearning,S23,9,1091.6226857,41.96875,2.401,4,88.88888888888889,.NET 8.0.14
MultiSequenceLearning,S24,9,1091.6226857,41.96875,2.401,4,88.88888888888889,.NET 8.0.14
MultiSequenceLearning,S25,9,1091.6226857,41.96875,2.401,4,88.88888888888889,.NET 8.0.14
MultiSequenceLearning,S26,9,1091.6226857,41.96875,2.401,4,88.88888888888889,.NET 8.0.14
MultiSequenceLearning,S27,9,1091.6226857,41.96875,2.401,4,88.88888888888889,.NET 8.0.14
MultiSequenceLearning,S28,9,1091.6226857,41.96875,2.401,4,88.88888888888889,.NET 8.0.14
MultiSequenceLearning,S29,9,1091.6226857,41.96875,2.401,4,88.88888888888889,.NET 8.0.14
MultiSequenceLearning,S30,9,1091.6226857,41.96875,2.401,4,88.88888888888889,.NET 8.0.14
MultiSequenceLearning,S1,49,1091.6226857,41.96875,2.401,4,100,.NET 8.0.14
MultiSequenceLearning,S2,49,1091.6226857,41.96875,2.401,4,97.95918367346938,.NET 8.0.14
MultiSequenceLearning,S3,49,1091.6226857,41.96875,2.401,4,97.95918367346938,.NET 8.0.14
MultiSequenceLearning,S4,9,1091.6226857,41.96875,2.401,4,88.88888888888889,.NET 8.0.14
MultiSequenceLearning,S5,9,1091.6226857,41.96875,2.401,4,88.88888888888889,.NET 8.0.14
MultiSequenceLearning,S6,9,1091.6226857,41.96875,2.401,4,88.88888888888889,.NET 8.0.14
MultiSequenceLearning,S7,9,1091.6226857,41.96875,2.401,4,88.88888888888889,.NET 8.0.14
MultiSequenceLearning,S8,9,1091.6226857,41.96875,2.401,4,88.88888888888889,.NET 8.0.14
MultiSequenceLearning,S9,9,1091.6226857,41.96875,2.401,4,88.88888888888889,.NET 8.0.14
MultiSequenceLearning,S10,9,1091.6226857,41.96875,2.401,4,88.88888888888889,.NET 8.0.14
MultiSequenceLearning,S11,9,1091.6226857,41.96875,2.401,4,88.88888888888889,.NET 8.0.14
MultiSequenceLearning,S12,9,1091.6226857,41.96875,2.401,4,88.88888888888889,.NET 8.0.14
MultiSequenceLearning,S13,9,1091.6226857,41.96875,2.401,4,88.88888888888889,.NET 8.0.14
MultiSequenceLearning,S14,9,1091.6226857,41.96875,2.401,4,88.88888888888889,.NET 8.0.14
MultiSequenceLearning,S15,9,1091.6226857,41.96875,2.401,4,88.88888888888889,.NET 8.0.14
MultiSequenceLearning,S16,9,1091.6226857,41.96875,2.401,4,88.88888888888889,.NET 8.0.14
MultiSequenceLearning,S17,9,1091.6226857,41.96875,2.401,4,88.88888888888889,.NET 8.0.14
MultiSequenceLearning,S18,9,1091.6226857,41.96875,2.401,4,88.88888888888889,.NET 8.0.14
MultiSequenceLearning,S19,9,1091.6226857,41.96875,2.401,4,88.88888888888889,.NET 8.0.14
MultiSequenceLearning,S20,9,1091.6226857,41.96875,2.401,4,88.88888888888889,.NET 8.0.14
MultiSequenceLearning,S21,9,1091.6226857,41.96875,2.401,4,88.88888888888889,.NET 8.0.14
MultiSequenceLearning,S22,9,1091.6226857,41.96875,2.401,4,88.88888888888889,.NET 8.0.14
MultiSequenceLearning,S23,9,1091.6226857,41.96875,2.401,4,88.88888888888889,.NET 8.0.14
MultiSequenceLearning,S24,9,1091.6226857,41.96875,2.401,4,88.88888888888889,.NET 8.0.14
MultiSequenceLearning,S25,9,1091.6226857,41.96875,2.401,4,88.88888888888889,.NET 8.0.14
MultiSequenceLearning,S26,9,1091.6226857,41.96875,2.401,4,88.88888888888889,.NET 8.0.14
MultiSequenceLearning,S27,9,1091.6226857,41.96875,2.401,4,88.88888888888889,.NET 8.0.14
MultiSequenceLearning,S28,9,1091.6226857,41.96875,2.401,4,88.88888888888889,.NET 8.0.14
MultiSequenceLearning,S29,9,1091.6226857,41.96875,2.401,4,88.88888888888889,.NET 8.0.14
MultiSequenceLearning,S30,9,1091.6226857,41.96875,2.401,4,88.88888888888889,.NET 8.0.14
MultiSequenceLearning,S1,49,1091.6226857,41.96875,2.401,4,100,.NET 8.0.14
MultiSequenceLearning,S2,49,1091.6226857,41.96875,2.401,4,97.95918367346938,.NET 8.0.14
MultiSequenceLearning,S3,49,1091.6226857,41.96875,2.401,4,97.95918367346938,.NET 8.0.14
MultiSequenceLearning,S4,9,1091.6226857,41.96875,2.401,4,88.88888888888889,.NET 8.0.14
MultiSequenceLearning,S5,9,1091.6226857,41.96875,2.401,4,88.88888888888889,.NET 8.0.14
MultiSequenceLearning,S6,9,1091.6226857,41.96875,2.401,4,88.88888888888889,.NET 8.0.14
MultiSequenceLearning,S7,9,1091.6226857,41.96875,2.401,4,88.88888888888889,.NET 8.0.14
MultiSequenceLearning,S8,9,1091.6226857,41.96875,2.401,4,88.88888888888889,.NET 8.0.14
MultiSequenceLearning,S9,9,1091.6226857,41.96875,2.401,4,88.88888888888889,.NET 8.0.14
MultiSequenceLearning,S10,9,1091.6226857,41.96875,2.401,4,88.88888888888889,.NET 8.0.14
MultiSequenceLearning,S11,9,1091.6226857,41.96875,2.401,4,88.88888888888889,.NET 8.0.14
MultiSequenceLearning,S12,9,1091.6226857,41.96875,2.401,4,88.88888888888889,.NET 8.0.14
MultiSequenceLearning,S13,9,1091.6226857,41.96875,2.401,4,88.88888888888889,.NET 8.0.14
MultiSequenceLearning,S14,9,1091.6226857,41.96875,2.401,4,88.88888888888889,.NET 8.0.14
MultiSequenceLearning,S15,9,1091.6226857,41.96875,2.401,4,88.88888888888889,.NET 8.0.14
MultiSequenceLearning,S16,9,1091.6226857,41.96875,2.401,4,88.88888888888889,.NET 8.0.14
MultiSequenceLearning,S17,9,1091.6226857,41.96875,2.401,4,88.88888888888889,.NET 8.0.14
MultiSequenceLearning,S18,9,1091.6226857,41.96875,2.401,4,88.88888888888889,.NET 8.0.14
MultiSequenceLearning,S19,9,1091.6226857,41.96875,2.401,4,88.88888888888889,.NET 8.0.14
MultiSequenceLearning,S20,9,1091.6226857,41.96875,2.401,4,88.88888888888889,.NET 8.0.14
MultiSequenceLearning,S21,9,1091.6226857,41.96875,2.401,4,88.88888888888889,.NET 8.0.14
MultiSequenceLearning,S22,9,1091.6226857,41.96875,2.401,4,88.88888888888889,.NET 8.0.14
MultiSequenceLearning,S23,9,1091.6226857,41.96875,2.401,4,88.88888888888889,.NET 8.0.14
MultiSequenceLearning,S24,9,1091.6226857,41.96875,2.401,4,88.88888888888889,.NET 8.0.14
MultiSequenceLearning,S25,9,1091.6226857,41.96875,2.401,4,88.88888888888889,.NET 8.0.14
MultiSequenceLearning,S26,9,1091.6226857,41.96875,2.401,4,88.88888888888889,.NET 8.0.14
MultiSequenceLearning,S27,9,1091.6226857,41.96875,2.401,4,88.88888888888889,.NET 8.0.14
MultiSequenceLearning,S28,9,1091.6226857,41.96875,2.401,4,88.88888888888889,.NET 8.0.14
MultiSequenceLearning,S29,9,1091.6226857,41.96875,2.401,4,88.88888888888889,.NET 8.0.14
MultiSequenceLearning,S30,9,1091.6226857,41.96875,2.401,4,88.88888888888889,.NET 8.0.14
MultiSequenceLearning,S1,49,1017.3467795,37.078125,2.401,3,100,.NET 8.0.14
MultiSequenceLearning,S2,49,1017.3467795,37.078125,2.401,3,97.95918367346938,.NET 8.0.14
MultiSequenceLearning,S3,49,1017.3467795,37.078125,2.401,3,97.95918367346938,.NET 8.0.14
MultiSequenceLearning,S4,9,1017.3467795,37.078125,2.401,3,88.88888888888889,.NET 8.0.14
MultiSequenceLearning,S5,9,1017.3467795,37.078125,2.401,3,88.88888888888889,.NET 8.0.14
MultiSequenceLearning,S6,9,1017.3467795,37.078125,2.401,3,88.88888888888889,.NET 8.0.14
MultiSequenceLearning,S7,9,1017.3467795,37.078125,2.401,3,88.88888888888889,.NET 8.0.14
MultiSequenceLearning,S8,9,1017.3467795,37.078125,2.401,3,88.88888888888889,.NET 8.0.14
MultiSequenceLearning,S9,9,1017.3467795,37.078125,2.401,3,88.88888888888889,.NET 8.0.14
MultiSequenceLearning,S10,9,1017.3467795,37.078125,2.401,3,88.88888888888889,.NET 8.0.14
MultiSequenceLearning,S11,9,1017.3467795,37.078125,2.401,3,88.88888888888889,.NET 8.0.14
MultiSequenceLearning,S12,9,1017.3467795,37.078125,2.401,3,88.88888888888889,.NET 8.0.14
MultiSequenceLearning,S13,9,1017.3467795,37.078125,2.401,3,88.88888888888889,.NET 8.0.14
MultiSequenceLearning,S14,9,1017.3467795,37.078125,2.401,3,88.88888888888889,.NET 8.0.14
MultiSequenceLearning,S15,9,1017.3467795,37.078125,2.401,3,88.88888888888889,.NET 8.0.14
MultiSequenceLearning,S16,9,1017.3467795,37.078125,2.401,3,88.88888888888889,.NET 8.0.14
MultiSequenceLearning,S17,9,1017.3467795,37.078125,2.401,3,88.88888888888889,.NET 8.0.14
MultiSequenceLearning,S18,9,1017.3467795,37.078125,2.401,3,88.88888888888889,.NET 8.0.14
MultiSequenceLearning,S19,9,1017.3467795,37.078125,2.401,3,88.88888888888889,.NET 8.0.14
MultiSequenceLearning,S20,9,1017.3467795,37.078125,2.401,3,88.88888888888889,.NET 8.0.14
MultiSequenceLearning,S21,9,1017.3467795,37.078125,2.401,3,88.88888888888889,.NET 8.0.14
MultiSequenceLearning,S22,9,1017.3467795,37.078125,2.401,3,88.88888888888889,.NET 8.0.14
MultiSequenceLearning,S23,9,1017.3467795,37.078125,2.401,3,88.88888888888889,.NET 8.0.14
MultiSequenceLearning,S24,9,1017.3467795,37.078125,2.401,3,88.88888888888889,.NET 8.0.14
MultiSequenceLearning,S25,9,1017.3467795,37.078125,2.401,3,88.88888888888889,.NET 8.0.14
MultiSequenceLearning,S26,9,1017.3467795,37.078125,2.401,3,88.88888888888889,.NET 8.0.14
MultiSequenceLearning,S27,9,1017.3467795,37.078125,2.401,3,88.88888888888889,.NET 8.0.14
MultiSequenceLearning,S28,9,1017.3467795,37.078125,2.401,3,88.88888888888889,.NET 8.0.14
MultiSequenceLearning,S29,9,1017.3467795,37.078125,2.401,3,88.88888888888889,.NET 8.0.14
MultiSequenceLearning,S30,9,1017.3467795,37.078125,2.401,3,88.88888888888889,.NET 8.0.14
MultiSequenceLearning,S1,49,1017.3467795,37.078125,2.401,3,100,.NET 8.0.14
MultiSequenceLearning,S2,49,1017.3467795,37.078125,2.401,3,97.95918367346938,.NET 8.0.14
MultiSequenceLearning,S3,49,1017.3467795,37.078125,2.401,3,97.95918367346938,.NET 8.0.14
MultiSequenceLearning,S4,9,1017.3467795,37.078125,2.401,3,88.88888888888889,.NET 8.0.14
MultiSequenceLearning,S5,9,1017.3467795,37.078125,2.401,3,88.88888888888889,.NET 8.0.14
MultiSequenceLearning,S6,9,1017.3467795,37.078125,2.401,3,88.88888888888889,.NET 8.0.14
MultiSequenceLearning,S7,9,1017.3467795,37.078125,2.401,3,88.88888888888889,.NET 8.0.14
MultiSequenceLearning,S8,9,1017.3467795,37.078125,2.401,3,88.88888888888889,.NET 8.0.14
MultiSequenceLearning,S9,9,1017.3467795,37.078125,2.401,3,88.88888888888889,.NET 8.0.14
MultiSequenceLearning,S10,9,1017.3467795,37.078125,2.401,3,88.88888888888889,.NET 8.0.14
MultiSequenceLearning,S11,9,1017.3467795,37.078125,2.401,3,88.88888888888889,.NET 8.0.14
MultiSequenceLearning,S12,9,1017.3467795,37.078125,2.401,3,88.88888888888889,.NET 8.0.14
MultiSequenceLearning,S13,9,1017.3467795,37.078125,2.401,3,88.88888888888889,.NET 8.0.14
MultiSequenceLearning,S14,9,1017.3467795,37.078125,2.401,3,88.88888888888889,.NET 8.0.14
MultiSequenceLearning,S15,9,1017.3467795,37.078125,2.401,3,88.88888888888889,.NET 8.0.14
MultiSequenceLearning,S16,9,1017.3467795,37.078125,2.401,3,88.88888888888889,.NET 8.0.14
MultiSequenceLearning,S17,9,1017.3467795,37.078125,2.401,3,88.88888888888889,.NET 8.0.14
MultiSequenceLearning,S18,9,1017.3467795,37.078125,2.401,3,88.88888888888889,.NET 8.0.14
MultiSequenceLearning,S19,9,1017.3467795,37.078125,2.401,3,88.88888888888889,.NET 8.0.14
MultiSequenceLearning,S20,9,1017.3467795,37.078125,2.401,3,88.88888888888889,.NET 8.0.14
MultiSequenceLearning,S21,9,1017.3467795,37.078125,2.401,3,88.88888888888889,.NET 8.0.14
MultiSequenceLearning,S22,9,1017.3467795,37.078125,2.401,3,88.88888888888889,.NET 8.0.14
MultiSequenceLearning,S23,9,1017.3467795,37.078125,2.401,3,88.88888888888889,.NET 8.0.14
MultiSequenceLearning,S24,9,1017.3467795,37.078125,2.401,3,88.88888888888889,.NET 8.0.14
MultiSequenceLearning,S25,9,1017.3467795,37.078125,2.401,3,88.88888888888889,.NET 8.0.14
MultiSequenceLearning,S26,9,1017.3467795,37.078125,2.401,3,88.88888888888889,.NET 8.0.14
MultiSequenceLearning,S27,9,1017.3467795,37.078125,2.401,3,88.88888888888889,.NET 8.0.14
MultiSequenceLearning,S28,9,1017.3467795,37.078125,2.401,3,88.88888888888889,.NET 8.0.14
MultiSequenceLearning,S29,9,1017.3467795,37.078125,2.401,3,88.88888888888889,.NET 8.0.14
MultiSequenceLearning,S30,9,1017.3467795,37.078125,2.401,3,88.88888888888889,.NET 8.0.14
MultiSequenceLearning,S1,49,1017.3467795,37.078125,2.401,3,100,.NET 8.0.14
MultiSequenceLearning,S2,49,1017.3467795,37.078125,2.401,3,97.95918367346938,.NET 8.0.14
MultiSequenceLearning,S3,49,1017.3467795,37.078125,2.401,3,97.95918367346938,.NET 8.0.14
MultiSequenceLearning,S4,9,1017.3467795,37.078125,2.401,3,88.88888888888889,.NET 8.0.14
MultiSequenceLearning,S5,9,1017.3467795,37.078125,2.401,3,88.88888888888889,.NET 8.0.14
MultiSequenceLearning,S6,9,1017.3467795,37.078125,2.401,3,88.88888888888889,.NET 8.0.14
MultiSequenceLearning,S7,9,1017.3467795,37.078125,2.401,3,88.88888888888889,.NET 8.0.14
MultiSequenceLearning,S8,9,1017.3467795,37.078125,2.401,3,88.88888888888889,.NET 8.0.14
MultiSequenceLearning,S9,9,1017.3467795,37.078125,2.401,3,88.88888888888889,.NET 8.0.14
MultiSequenceLearning,S10,9,1017.3467795,37.078125,2.401,3,88.88888888888889,.NET 8.0.14
MultiSequenceLearning,S11,9,1017.3467795,37.078125,2.401,3,88.88888888888889,.NET 8.0.14
MultiSequenceLearning,S12,9,1017.3467795,37.078125,2.401,3,88.88888888888889,.NET 8.0.14
MultiSequenceLearning,S13,9,1017.3467795,37.078125,2.401,3,88.88888888888889,.NET 8.0.14
MultiSequenceLearning,S14,9,1017.3467795,37.078125,2.401,3,88.88888888888889,.NET 8.0.14
MultiSequenceLearning,S15,9,1017.3467795,37.078125,2.401,3,88.88888888888889,.NET 8.0.14
MultiSequenceLearning,S16,9,1017.3467795,37.078125,2.401,3,88.88888888888889,.NET 8.0.14
MultiSequenceLearning,S17,9,1017.3467795,37.078125,2.401,3,88.88888888888889,.NET 8.0.14
MultiSequenceLearning,S18,9,1017.3467795,37.078125,2.401,3,88.88888888888889,.NET 8.0.14
MultiSequenceLearning,S19,9,1017.3467795,37.078125,2.401,3,88.88888888888889,.NET 8.0.14
MultiSequenceLearning,S20,9,1017.3467795,37.078125,2.401,3,88.88888888888889,.NET 8.0.14
MultiSequenceLearning,S21,9,1017.3467795,37.078125,2.401,3,88.88888888888889,.NET 8.0.14
MultiSequenceLearning,S22,9,1017.3467795,37.078125,2.401,3,88.88888888888889,.NET 8.0.14
MultiSequenceLearning,S23,9,1017.3467795,37.078125,2.401,3,88.88888888888889,.NET 8.0.14
MultiSequenceLearning,S24,9,1017.3467795,37.078125,2.401,3,88.88888888888889,.NET 8.0.14
MultiSequenceLearning,S25,9,1017.3467795,37.078125,2.401,3,88.88888888888889,.NET 8.0.14
MultiSequenceLearning,S26,9,1017.3467795,37.078125,2.401,3,88.88888888888889,.NET 8.0.14
MultiSequenceLearning,S27,9,1017.3467795,37.078125,2.401,3,88.88888888888889,.NET 8.0.14
MultiSequenceLearning,S28,9,1017.3467795,37.078125,2.401,3,88.88888888888889,.NET 8.0.14
MultiSequenceLearning,S29,9,1017.3467795,37.078125,2.401,3,88.88888888888889,.NET 8.0.14
MultiSequenceLearning,S30,9,1017.3467795,37.078125,2.401,3,88.88888888888889,.NET 8.0.14
MultiSequenceLearning,S1,49,1017.3467795,37.078125,2.401,3,100,.NET 8.0.14
MultiSequenceLearning,S2,49,1017.3467795,37.078125,2.401,3,97.95918367346938,.NET 8.0.14
MultiSequenceLearning,S3,49,1017.3467795,37.078125,2.401,3,97.95918367346938,.NET 8.0.14
MultiSequenceLearning,S4,9,1017.3467795,37.078125,2.401,3,88.88888888888889,.NET 8.0.14
MultiSequenceLearning,S5,9,1017.3467795,37.078125,2.401,3,88.88888888888889,.NET 8.0.14
MultiSequenceLearning,S6,9,1017.3467795,37.078125,2.401,3,88.88888888888889,.NET 8.0.14
MultiSequenceLearning,S7,9,1017.3467795,37.078125,2.401,3,88.88888888888889,.NET 8.0.14
MultiSequenceLearning,S8,9,1017.3467795,37.078125,2.401,3,88.88888888888889,.NET 8.0.14
MultiSequenceLearning,S9,9,1017.3467795,37.078125,2.401,3,88.88888888888889,.NET 8.0.14
MultiSequenceLearning,S10,9,1017.3467795,37.078125,2.401,3,88.88888888888889,.NET 8.0.14
MultiSequenceLearning,S11,9,1017.3467795,37.078125,2.401,3,88.88888888888889,.NET 8.0.14
MultiSequenceLearning,S12,9,1017.3467795,37.078125,2.401,3,88.88888888888889,.NET 8.0.14
MultiSequenceLearning,S13,9,1017.3467795,37.078125,2.401,3,88.88888888888889,.NET 8.0.14
MultiSequenceLearning,S14,9,1017.3467795,37.078125,2.401,3,88.88888888888889,.NET 8.0.14
MultiSequenceLearning,S15,9,1017.3467795,37.078125,2.401,3,88.88888888888889,.NET 8.0.14
MultiSequenceLearning,S16,9,1017.3467795,37.078125,2.401,3,88.88888888888889,.NET 8.0.14
MultiSequenceLearning,S17,9,1017.3467795,37.078125,2.401,3,88.88888888888889,.NET 8.0.14
MultiSequenceLearning,S18,9,1017.3467795,37.078125,2.401,3,88.88888888888889,.NET 8.0.14
MultiSequenceLearning,S19,9,1017.3467795,37.078125,2.401,3,88.88888888888889,.NET 8.0.14
MultiSequenceLearning,S20,9,1017.3467795,37.078125,2.401,3,88.88888888888889,.NET 8.0.14
MultiSequenceLearning,S21,9,1017.3467795,37.078125,2.401,3,88.88888888888889,.NET 8.0.14
MultiSequenceLearning,S22,9,1017.3467795,37.078125,2.401,3,88.88888888888889,.NET 8.0.14
MultiSequenceLearning,S23,9,1017.3467795,37.078125,2.401,3,88.88888888888889,.NET 8.0.14
MultiSequenceLearning,S24,9,1017.3467795,37.078125,2.401,3,88.88888888888889,.NET 8.0.14
MultiSequenceLearning,S25,9,1017.3467795,37.078125,2.401,3,88.88888888888889,.NET 8.0.14
MultiSequenceLearning,S26,9,1017.3467795,37.078125,2.401,3,88.88888888888889,.NET 8.0.14
MultiSequenceLearning,S27,9,1017.3467795,37.078125,2.401,3,88.88888888888889,.NET 8.0.14
MultiSequenceLearning,S28,9,1017.3467795,37.078125,2.401,3,88.88888888888889,.NET 8.0.14
MultiSequenceLearning,S29,9,1017.3467795,37.078125,2.401,3,88.88888888888889,.NET 8.0.14
MultiSequenceLearning,S30,9,1017.3467795,37.078125,2.401,3,88.88888888888889,.NET 8.0.14
MultiSequenceLearning,S1,49,1249.5014372,38.21875,2.401,2,100,.NET 8.0.14
MultiSequenceLearning,S2,49,1249.5014372,38.21875,2.401,2,97.95918367346938,.NET 8.0.14
MultiSequenceLearning,S3,49,1249.5014372,38.21875,2.401,2,97.95918367346938,.NET 8.0.14
MultiSequenceLearning,S4,9,1249.5014372,38.21875,2.401,2,88.88888888888889,.NET 8.0.14
MultiSequenceLearning,S5,9,1249.5014372,38.21875,2.401,2,88.88888888888889,.NET 8.0.14
MultiSequenceLearning,S6,9,1249.5014372,38.21875,2.401,2,88.88888888888889,.NET 8.0.14
MultiSequenceLearning,S7,9,1249.5014372,38.21875,2.401,2,88.88888888888889,.NET 8.0.14
MultiSequenceLearning,S8,9,1249.5014372,38.21875,2.401,2,88.88888888888889,.NET 8.0.14
MultiSequenceLearning,S9,9,1249.5014372,38.21875,2.401,2,88.88888888888889,.NET 8.0.14
MultiSequenceLearning,S10,9,1249.5014372,38.21875,2.401,2,88.88888888888889,.NET 8.0.14
MultiSequenceLearning,S11,9,1249.5014372,38.21875,2.401,2,88.88888888888889,.NET 8.0.14
MultiSequenceLearning,S12,9,1249.5014372,38.21875,2.401,2,88.88888888888889,.NET 8.0.14
MultiSequenceLearning,S13,9,1249.5014372,38.21875,2.401,2,88.88888888888889,.NET 8.0.14
MultiSequenceLearning,S14,9,1249.5014372,38.21875,2.401,2,88.88888888888889,.NET 8.0.14
MultiSequenceLearning,S15,9,1249.5014372,38.21875,2.401,2,88.88888888888889,.NET 8.0.14
MultiSequenceLearning,S16,9,1249.5014372,38.21875,2.401,2,88.88888888888889,.NET 8.0.14
MultiSequenceLearning,S17,9,1249.5014372,38.21875,2.401,2,88.88888888888889,.NET 8.0.14
MultiSequenceLearning,S18,9,1249.5014372,38.21875,2.401,2,88.88888888888889,.NET 8.0.14
MultiSequenceLearning,S19,9,1249.5014372,38.21875,2.401,2,88.88888888888889,.NET 8.0.14
MultiSequenceLearning,S20,9,1249.5014372,38.21875,2.401,2,88.88888888888889,.NET 8.0.14
MultiSequenceLearning,S21,9,1249.5014372,38.21875,2.401,2,88.88888888888889,.NET 8.0.14
MultiSequenceLearning,S22,9,1249.5014372,38.21875,2.401,2,88.88888888888889,.NET 8.0.14
MultiSequenceLearning,S23,9,1249.5014372,38.21875,2.401,2,88.88888888888889,.NET 8.0.14
MultiSequenceLearning,S24,9,1249.5014372,38.21875,2.401,2,88.88888888888889,.NET 8.0.14
MultiSequenceLearning,S25,9,1249.5014372,38.21875,2.401,2,88.88888888888889,.NET 8.0.14
MultiSequenceLearning,S26,9,1249.5014372,38.21875,2.401,2,88.88888888888889,.NET 8.0.14
MultiSequenceLearning,S27,9,1249.5014372,38.21875,2.401,2,88.88888888888889,.NET 8.0.14
MultiSequenceLearning,S28,9,1249.5014372,38.21875,2.401,2,88.88888888888889,.NET 8.0.14
MultiSequenceLearning,S29,9,1249.5014372,38.21875,2.401,2,88.88888888888889,.NET 8.0.14
MultiSequenceLearning,S30,9,1249.5014372,38.21875,2.401,2,88.88888888888889,.NET 8.0.14
MultiSequenceLearning,S1,49,1249.5014372,38.21875,2.401,2,100,.NET 8.0.14
MultiSequenceLearning,S2,49,1249.5014372,38.21875,2.401,2,97.95918367346938,.NET 8.0.14
MultiSequenceLearning,S3,49,1249.5014372,38.21875,2.401,2,97.95918367346938,.NET 8.0.14
MultiSequenceLearning,S4,9,1249.5014372,38.21875,2.401,2,88.88888888888889,.NET 8.0.14
MultiSequenceLearning,S5,9,1249.5014372,38.21875,2.401,2,88.88888888888889,.NET 8.0.14
MultiSequenceLearning,S6,9,1249.5014372,38.21875,2.401,2,88.88888888888889,.NET 8.0.14
MultiSequenceLearning,S7,9,1249.5014372,38.21875,2.401,2,88.88888888888889,.NET 8.0.14
MultiSequenceLearning,S8,9,1249.5014372,38.21875,2.401,2,88.88888888888889,.NET 8.0.14
MultiSequenceLearning,S9,9,1249.5014372,38.21875,2.401,2,88.88888888888889,.NET 8.0.14
MultiSequenceLearning,S10,9,1249.5014372,38.21875,2.401,2,88.88888888888889,.NET 8.0.14
MultiSequenceLearning,S11,9,1249.5014372,38.21875,2.401,2,88.88888888888889,.NET 8.0.14
MultiSequenceLearning,S12,9,1249.5014372,38.21875,2.401,2,88.88888888888889,.NET 8.0.14
MultiSequenceLearning,S13,9,1249.5014372,38.21875,2.401,2,88.88888888888889,.NET 8.0.14
MultiSequenceLearning,S14,9,1249.5014372,38.21875,2.401,2,88.88888888888889,.NET 8.0.14
MultiSequenceLearning,S15,9,1249.5014372,38.21875,2.401,2,88.88888888888889,.NET 8.0.14
MultiSequenceLearning,S16,9,1249.5014372,38.21875,2.401,2,88.88888888888889,.NET 8.0.14
MultiSequenceLearning,S17,9,1249.5014372,38.21875,2.401,2,88.88888888888889,.NET 8.0.14
MultiSequenceLearning,S18,9,1249.5014372,38.21875,2.401,2,88.88888888888889,.NET 8.0.14
MultiSequenceLearning,S19,9,1249.5014372,38.21875,2.401,2,88.88888888888889,.NET 8.0.14
MultiSequenceLearning,S20,9,1249.5014372,38.21875,2.401,2,88.88888888888889,.NET 8.0.14
MultiSequenceLearning,S21,9,1249.5014372,38.21875,2.401,2,88.88888888888889,.NET 8.0.14
MultiSequenceLearning,S22,9,1249.5014372,38.21875,2.401,2,88.88888888888889,.NET 8.0.14
MultiSequenceLearning,S23,9,1249.5014372,38.21875,2.401,2,88.88888888888889,.NET 8.0.14
MultiSequenceLearning,S24,9,1249.5014372,38.21875,2.401,2,88.88888888888889,.NET 8.0.14
MultiSequenceLearning,S25,9,1249.5014372,38.21875,2.401,2,88.88888888888889,.NET 8.0.14
MultiSequenceLearning,S26,9,1249.5014372,38.21875,2.401,2,88.88888888888889,.NET 8.0.14
MultiSequenceLearning,S27,9,1249.5014372,38.21875,2.401,2,88.88888888888889,.NET 8.0.14
MultiSequenceLearning,S28,9,1249.5014372,38.21875,2.401,2,88.88888888888889,.NET 8.0.14
MultiSequenceLearning,S29,9,1249.5014372,38.21875,2.401,2,88.88888888888889,.NET 8.0.14
MultiSequenceLearning,S30,9,1249.5014372,38.21875,2.401,2,88.88888888888889,.NET 8.0.14
MultiSequenceLearning,S1,49,1249.5014372,38.21875,2.401,2,100,.NET 8.0.14
MultiSequenceLearning,S2,49,1249.5014372,38.21875,2.401,2,97.95918367346938,.NET 8.0.14
MultiSequenceLearning,S3,49,1249.5014372,38.21875,2.401,2,97.95918367346938,.NET 8.0.14
MultiSequenceLearning,S4,9,1249.5014372,38.21875,2.401,2,88.88888888888889,.NET 8.0.14
MultiSequenceLearning,S5,9,1249.5014372,38.21875,2.401,2,88.88888888888889,.NET 8.0.14
MultiSequenceLearning,S6,9,1249.5014372,38.21875,2.401,2,88.88888888888889,.NET 8.0.14
MultiSequenceLearning,S7,9,1249.5014372,38.21875,2.401,2,88.88888888888889,.NET 8.0.14
MultiSequenceLearning,S8,9,1249.5014372,38.21875,2.401,2,88.88888888888889,.NET 8.0.14
MultiSequenceLearning,S9,9,1249.5014372,38.21875,2.401,2,88.88888888888889,.NET 8.0.14
MultiSequenceLearning,S10,9,1249.5014372,38.21875,2.401,2,88.88888888888889,.NET 8.0.14
MultiSequenceLearning,S11,9,1249.5014372,38.21875,2.401,2,88.88888888888889,.NET 8.0.14
MultiSequenceLearning,S12,9,1249.5014372,38.21875,2.401,2,88.88888888888889,.NET 8.0.14
MultiSequenceLearning,S13,9,1249.5014372,38.21875,2.401,2,88.88888888888889,.NET 8.0.14
MultiSequenceLearning,S14,9,1249.5014372,38.21875,2.401,2,88.88888888888889,.NET 8.0.14
MultiSequenceLearning,S15,9,1249.5014372,38.21875,2.401,2,88.88888888888889,.NET 8.0.14
MultiSequenceLearning,S16,9,1249.5014372,38.21875,2.401,2,88.88888888888889,.NET 8.0.14
MultiSequenceLearning,S17,9,1249.5014372,38.21875,2.401,2,88.88888888888889,.NET 8.0.14
MultiSequenceLearning,S18,9,1249.5014372,38.21875,2.401,2,88.88888888888889,.NET 8.0.14
MultiSequenceLearning,S19,9,1249.5014372,38.21875,2.401,2,88.88888888888889,.NET 8.0.14
MultiSequenceLearning,S20,9,1249.5014372,38.21875,2.401,2,88.88888888888889,.NET 8.0.14
MultiSequenceLearning,S21,9,1249.5014372,38.21875,2.401,2,88.88888888888889,.NET 8.0.14
MultiSequenceLearning,S22,9,1249.5014372,38.21875,2.401,2,88.88888888888889,.NET 8.0.14
MultiSequenceLearning,S23,9,1249.5014372,38.21875,2.401,2,88.88888888888889,.NET 8.0.14
MultiSequenceLearning,S24,9,1249.5014372,38.21875,2.401,2,88.88888888888889,.NET 8.0.14
MultiSequenceLearning,S25,9,1249.5014372,38.21875,2.401,2,88.88888888888889,.NET 8.0.14
MultiSequenceLearning,S26,9,1249.5014372,38.21875,2.401,2,88.88888888888889,.NET 8.0.14
MultiSequenceLearning,S27,9,1249.5014372,38.21875,2.401,2,88.88888888888889,.NET 8.0.14
MultiSequenceLearning,S28,9,1249.5014372,38.21875,2.401,2,88.88888888888889,.NET 8.0.14
MultiSequenceLearning,S29,9,1249.5014372,38.21875,2.401,2,88.88888888888889,.NET 8.0.14
MultiSequenceLearning,S30,9,1249.5014372,38.21875,2.401,2,88.88888888888889,.NET 8.0.14
MultiSequenceLearning,S1,49,1249.5014372,38.21875,2.401,2,100,.NET 8.0.14
MultiSequenceLearning,S2,49,1249.5014372,38.21875,2.401,2,97.95918367346938,.NET 8.0.14
MultiSequenceLearning,S3,49,1249.5014372,38.21875,2.401,2,97.95918367346938,.NET 8.0.14
MultiSequenceLearning,S4,9,1249.5014372,38.21875,2.401,2,88.88888888888889,.NET 8.0.14
MultiSequenceLearning,S5,9,1249.5014372,38.21875,2.401,2,88.88888888888889,.NET 8.0.14
MultiSequenceLearning,S6,9,1249.5014372,38.21875,2.401,2,88.88888888888889,.NET 8.0.14
MultiSequenceLearning,S7,9,1249.5014372,38.21875,2.401,2,88.88888888888889,.NET 8.0.14
MultiSequenceLearning,S8,9,1249.5014372,38.21875,2.401,2,88.88888888888889,.NET 8.0.14
MultiSequenceLearning,S9,9,1249.5014372,38.21875,2.401,2,88.88888888888889,.NET 8.0.14
MultiSequenceLearning,S10,9,1249.5014372,38.21875,2.401,2,88.88888888888889,.NET 8.0.14
MultiSequenceLearning,S11,9,1249.5014372,38.21875,2.401,2,88.88888888888889,.NET 8.0.14
MultiSequenceLearning,S12,9,1249.5014372,38.21875,2.401,2,88.88888888888889,.NET 8.0.14
MultiSequenceLearning,S13,9,1249.5014372,38.21875,2.401,2,88.88888888888889,.NET 8.0.14
MultiSequenceLearning,S14,9,1249.5014372,38.21875,2.401,2,88.88888888888889,.NET 8.0.14
MultiSequenceLearning,S15,9,1249.5014372,38.21875,2.401,2,88.88888888888889,.NET 8.0.14
MultiSequenceLearning,S16,9,1249.5014372,38.21875,2.401,2,88.88888888888889,.NET 8.0.14
MultiSequenceLearning,S17,9,1249.5014372,38.21875,2.401,2,88.88888888888889,.NET 8.0.14
MultiSequenceLearning,S18,9,1249.5014372,38.21875,2.401,2,88.88888888888889,.NET 8.0.14
MultiSequenceLearning,S19,9,1249.5014372,38.21875,2.401,2,88.88888888888889,.NET 8.0.14
MultiSequenceLearning,S20,9,1249.5014372,38.21875,2.401,2,88.88888888888889,.NET 8.0.14
MultiSequenceLearning,S21,9,1249.5014372,38.21875,2.401,2,88.88888888888889,.NET 8.0.14
MultiSequenceLearning,S22,9,1249.5014372,38.21875,2.401,2,88.88888888888889,.NET 8.0.14
MultiSequenceLearning,S23,9,1249.5014372,38.21875,2.401,2,88.88888888888889,.NET 8.0.14
MultiSequenceLearning,S24,9,1249.5014372,38.21875,2.401,2,88.88888888888889,.NET 8.0.14
MultiSequenceLearning,S25,9,1249.5014372,38.21875,2.401,2,88.88888888888889,.NET 8.0.14
MultiSequenceLearning,S26,9,1249.5014372,38.21875,2.401,2,88.88888888888889,.NET 8.0.14
MultiSequenceLearning,S27,9,1249.5014372,38.21875,2.401,2,88.88888888888889,.NET 8.0.14
MultiSequenceLearning,S28,9,1249.5014372,38.21875,2.401,2,88.88888888888889,.NET 8.0.14
MultiSequenceLearning,S29,9,1249.5014372,38.21875,2.401,2,88.88888888888889,.NET 8.0.14
MultiSequenceLearning,S30,9,1249.5014372,38.21875,2.401,2,88.88888888888889,.NET 8.0.14
MultiSequenceLearning,S1,49,1248.7950927,36.8125,2.401,1,100,.NET 8.0.14
MultiSequenceLearning,S2,49,1248.7950927,36.8125,2.401,1,97.95918367346938,.NET 8.0.14
MultiSequenceLearning,S3,49,1248.7950927,36.8125,2.401,1,97.95918367346938,.NET 8.0.14
MultiSequenceLearning,S4,9,1248.7950927,36.8125,2.401,1,88.88888888888889,.NET 8.0.14
MultiSequenceLearning,S5,9,1248.7950927,36.8125,2.401,1,88.88888888888889,.NET 8.0.14
MultiSequenceLearning,S6,9,1248.7950927,36.8125,2.401,1,88.88888888888889,.NET 8.0.14
MultiSequenceLearning,S7,9,1248.7950927,36.8125,2.401,1,88.88888888888889,.NET 8.0.14
MultiSequenceLearning,S8,9,1248.7950927,36.8125,2.401,1,88.88888888888889,.NET 8.0.14
MultiSequenceLearning,S9,9,1248.7950927,36.8125,2.401,1,88.88888888888889,.NET 8.0.14
MultiSequenceLearning,S10,9,1248.7950927,36.8125,2.401,1,88.88888888888889,.NET 8.0.14
MultiSequenceLearning,S11,9,1248.7950927,36.8125,2.401,1,88.88888888888889,.NET 8.0.14
MultiSequenceLearning,S12,9,1248.7950927,36.8125,2.401,1,88.88888888888889,.NET 8.0.14
MultiSequenceLearning,S13,9,1248.7950927,36.8125,2.401,1,88.88888888888889,.NET 8.0.14
MultiSequenceLearning,S14,9,1248.7950927,36.8125,2.401,1,88.88888888888889,.NET 8.0.14
MultiSequenceLearning,S15,9,1248.7950927,36.8125,2.401,1,88.88888888888889,.NET 8.0.14
MultiSequenceLearning,S16,9,1248.7950927,36.8125,2.401,1,88.88888888888889,.NET 8.0.14
MultiSequenceLearning,S17,9,1248.7950927,36.8125,2.401,1,88.88888888888889,.NET 8.0.14
MultiSequenceLearning,S18,9,1248.7950927,36.8125,2.401,1,88.88888888888889,.NET 8.0.14
MultiSequenceLearning,S19,9,1248.7950927,36.8125,2.401,1,88.88888888888889,.NET 8.0.14
MultiSequenceLearning,S20,9,1248.7950927,36.8125,2.401,1,88.88888888888889,.NET 8.0.14
MultiSequenceLearning,S21,9,1248.7950927,36.8125,2.401,1,88.88888888888889,.NET 8.0.14
MultiSequenceLearning,S22,9,1248.7950927,36.8125,2.401,1,88.88888888888889,.NET 8.0.14
MultiSequenceLearning,S23,9,1248.7950927,36.8125,2.401,1,88.88888888888889,.NET 8.0.14
MultiSequenceLearning,S24,9,1248.7950927,36.8125,2.401,1,88.88888888888889,.NET 8.0.14
MultiSequenceLearning,S25,9,1248.7950927,36.8125,2.401,1,88.88888888888889,.NET 8.0.14
MultiSequenceLearning,S26,9,1248.7950927,36.8125,2.401,1,88.88888888888889,.NET 8.0.14
MultiSequenceLearning,S27,9,1248.7950927,36.8125,2.401,1,88.88888888888889,.NET 8.0.14
MultiSequenceLearning,S28,9,1248.7950927,36.8125,2.401,1,88.88888888888889,.NET 8.0.14
MultiSequenceLearning,S29,9,1248.7950927,36.8125,2.401,1,88.88888888888889,.NET 8.0.14
MultiSequenceLearning,S30,9,1248.7950927,36.8125,2.401,1,88.88888888888889,.NET 8.0.14
MultiSequenceLearning,S1,49,1248.7950927,36.8125,2.401,1,100,.NET 8.0.14
MultiSequenceLearning,S2,49,1248.7950927,36.8125,2.401,1,97.95918367346938,.NET 8.0.14
MultiSequenceLearning,S3,49,1248.7950927,36.8125,2.401,1,97.95918367346938,.NET 8.0.14
MultiSequenceLearning,S4,9,1248.7950927,36.8125,2.401,1,88.88888888888889,.NET 8.0.14
MultiSequenceLearning,S5,9,1248.7950927,36.8125,2.401,1,88.88888888888889,.NET 8.0.14
MultiSequenceLearning,S6,9,1248.7950927,36.8125,2.401,1,88.88888888888889,.NET 8.0.14
MultiSequenceLearning,S7,9,1248.7950927,36.8125,2.401,1,88.88888888888889,.NET 8.0.14
MultiSequenceLearning,S8,9,1248.7950927,36.8125,2.401,1,88.88888888888889,.NET 8.0.14
MultiSequenceLearning,S9,9,1248.7950927,36.8125,2.401,1,88.88888888888889,.NET 8.0.14
MultiSequenceLearning,S10,9,1248.7950927,36.8125,2.401,1,88.88888888888889,.NET 8.0.14
MultiSequenceLearning,S11,9,1248.7950927,36.8125,2.401,1,88.88888888888889,.NET 8.0.14
MultiSequenceLearning,S12,9,1248.7950927,36.8125,2.401,1,88.88888888888889,.NET 8.0.14
MultiSequenceLearning,S13,9,1248.7950927,36.8125,2.401,1,88.88888888888889,.NET 8.0.14
MultiSequenceLearning,S14,9,1248.7950927,36.8125,2.401,1,88.88888888888889,.NET 8.0.14
MultiSequenceLearning,S15,9,1248.7950927,36.8125,2.401,1,88.88888888888889,.NET 8.0.14
MultiSequenceLearning,S16,9,1248.7950927,36.8125,2.401,1,88.88888888888889,.NET 8.0.14
MultiSequenceLearning,S17,9,1248.7950927,36.8125,2.401,1,88.88888888888889,.NET 8.0.14
MultiSequenceLearning,S18,9,1248.7950927,36.8125,2.401,1,88.88888888888889,.NET 8.0.14
MultiSequenceLearning,S19,9,1248.7950927,36.8125,2.401,1,88.88888888888889,.NET 8.0.14
MultiSequenceLearning,S20,9,1248.7950927,36.8125,2.401,1,88.88888888888889,.NET 8.0.14
MultiSequenceLearning,S21,9,1248.7950927,36.8125,2.401,1,88.88888888888889,.NET 8.0.14
MultiSequenceLearning,S22,9,1248.7950927,36.8125,2.401,1,88.88888888888889,.NET 8.0.14
MultiSequenceLearning,S23,9,1248.7950927,36.8125,2.401,1,88.88888888888889,.NET 8.0.14
MultiSequenceLearning,S24,9,1248.7950927,36.8125,2.401,1,88.88888888888889,.NET 8.0.14
MultiSequenceLearning,S25,9,1248.7950927,36.8125,2.401,1,88.88888888888889,.NET 8.0.14
MultiSequenceLearning,S26,9,1248.7950927,36.8125,2.401,1,88.88888888888889,.NET 8.0.14
MultiSequenceLearning,S27,9,1248.7950927,36.8125,2.401,1,88.88888888888889,.NET 8.0.14
MultiSequenceLearning,S28,9,1248.7950927,36.8125,2.401,1,88.88888888888889,.NET 8.0.14
MultiSequenceLearning,S29,9,1248.7950927,36.8125,2.401,1,88.88888888888889,.NET 8.0.14
MultiSequenceLearning,S30,9,1248.7950927,36.8125,2.401,1,88.88888888888889,.NET 8.0.14
MultiSequenceLearning,S1,49,1248.7950927,36.8125,2.401,1,100,.NET 8.0.14
MultiSequenceLearning,S2,49,1248.7950927,36.8125,2.401,1,97.95918367346938,.NET 8.0.14
MultiSequenceLearning,S3,49,1248.7950927,36.8125,2.401,1,97.95918367346938,.NET 8.0.14
MultiSequenceLearning,S4,9,1248.7950927,36.8125,2.401,1,88.88888888888889,.NET 8.0.14
MultiSequenceLearning,S5,9,1248.7950927,36.8125,2.401,1,88.88888888888889,.NET 8.0.14
MultiSequenceLearning,S6,9,1248.7950927,36.8125,2.401,1,88.88888888888889,.NET 8.0.14
MultiSequenceLearning,S7,9,1248.7950927,36.8125,2.401,1,88.88888888888889,.NET 8.0.14
MultiSequenceLearning,S8,9,1248.7950927,36.8125,2.401,1,88.88888888888889,.NET 8.0.14
MultiSequenceLearning,S9,9,1248.7950927,36.8125,2.401,1,88.88888888888889,.NET 8.0.14
MultiSequenceLearning,S10,9,1248.7950927,36.8125,2.401,1,88.88888888888889,.NET 8.0.14
MultiSequenceLearning,S11,9,1248.7950927,36.8125,2.401,1,88.88888888888889,.NET 8.0.14
MultiSequenceLearning,S12,9,1248.7950927,36.8125,2.401,1,88.88888888888889,.NET 8.0.14
MultiSequenceLearning,S13,9,1248.7950927,36.8125,2.401,1,88.88888888888889,.NET 8.0.14
MultiSequenceLearning,S14,9,1248.7950927,36.8125,2.401,1,88.88888888888889,.NET 8.0.14
MultiSequenceLearning,S15,9,1248.7950927,36.8125,2.401,1,88.88888888888889,.NET 8.0.14
MultiSequenceLearning,S16,9,1248.7950927,36.8125,2.401,1,88.88888888888889,.NET 8.0.14
MultiSequenceLearning,S17,9,1248.7950927,36.8125,2.401,1,88.88888888888889,.NET 8.0.14
MultiSequenceLearning,S18,9,1248.7950927,36.8125,2.401,1,88.88888888888889,.NET 8.0.14
MultiSequenceLearning,S19,9,1248.7950927,36.8125,2.401,1,88.88888888888889,.NET 8.0.14
MultiSequenceLearning,S20,9,1248.7950927,36.8125,2.401,1,88.88888888888889,.NET 8.0.14
MultiSequenceLearning,S21,9,1248.7950927,36.8125,2.401,1,88.88888888888889,.NET 8.0.14
MultiSequenceLearning,S22,9,1248.7950927,36.8125,2.401,1,88.88888888888889,.NET 8.0.14
MultiSequenceLearning,S23,9,1248.7950927,36.8125,2.401,1,88.88888888888889,.NET 8.0.14
MultiSequenceLearning,S24,9,1248.7950927,36.8125,2.401,1,88.88888888888889,.NET 8.0.14
MultiSequenceLearning,S25,9,1248.7950927,36.8125,2.401,1,88.88888888888889,.NET 8.0.14
MultiSequenceLearning,S26,9,1248.7950927,36.8125,2.401,1,88.88888888888889,.NET 8.0.14
MultiSequenceLearning,S27,9,1248.7950927,36.8125,2.401,1,88.88888888888889,.NET 8.0.14
MultiSequenceLearning,S28,9,1248.7950927,36.8125,2.401,1,88.88888888888889,.NET 8.0.14
MultiSequenceLearning,S29,9,1248.7950927,36.8125,2.401,1,88.88888888888889,.NET 8.0.14
MultiSequenceLearning,S30,9,1248.7950927,36.8125,2.401,1,88.88888888888889,.NET 8.0.14
MultiSequenceLearning,S1,49,1248.7950927,36.8125,2.401,1,100,.NET 8.0.14
MultiSequenceLearning,S2,49,1248.7950927,36.8125,2.401,1,97.95918367346938,.NET 8.0.14
MultiSequenceLearning,S3,49,1248.7950927,36.8125,2.401,1,97.95918367346938,.NET 8.0.14
MultiSequenceLearning,S4,9,1248.7950927,36.8125,2.401,1,88.88888888888889,.NET 8.0.14
MultiSequenceLearning,S5,9,1248.7950927,36.8125,2.401,1,88.88888888888889,.NET 8.0.14
MultiSequenceLearning,S6,9,1248.7950927,36.8125,2.401,1,88.88888888888889,.NET 8.0.14
MultiSequenceLearning,S7,9,1248.7950927,36.8125,2.401,1,88.88888888888889,.NET 8.0.14
MultiSequenceLearning,S8,9,1248.7950927,36.8125,2.401,1,88.88888888888889,.NET 8.0.14
MultiSequenceLearning,S9,9,1248.7950927,36.8125,2.401,1,88.88888888888889,.NET 8.0.14
MultiSequenceLearning,S10,9,1248.7950927,36.8125,2.401,1,88.88888888888889,.NET 8.0.14
MultiSequenceLearning,S11,9,1248.7950927,36.8125,2.401,1,88.88888888888889,.NET 8.0.14
MultiSequenceLearning,S12,9,1248.7950927,36.8125,2.401,1,88.88888888888889,.NET 8.0.14
MultiSequenceLearning,S13,9,1248.7950927,36.8125,2.401,1,88.88888888888889,.NET 8.0.14
MultiSequenceLearning,S14,9,1248.7950927,36.8125,2.401,1,88.88888888888889,.NET 8.0.14
MultiSequenceLearning,S15,9,1248.7950927,36.8125,2.401,1,88.88888888888889,.NET 8.0.14
MultiSequenceLearning,S16,9,1248.7950927,36.8125,2.401,1,88.88888888888889,.NET 8.0.14
MultiSequenceLearning,S17,9,1248.7950927,36.8125,2.401,1,88.88888888888889,.NET 8.0.14
MultiSequenceLearning,S18,9,1248.7950927,36.8125,2.401,1,88.88888888888889,.NET 8.0.14
MultiSequenceLearning,S19,9,1248.7950927,36.8125,2.401,1,88.88888888888889,.NET 8.0.14
MultiSequenceLearning,S20,9,1248.7950927,36.8125,2.401,1,88.88888888888889,.NET 8.0.14
MultiSequenceLearning,S21,9,1248.7950927,36.8125,2.401,1,88.88888888888889,.NET 8.0.14
MultiSequenceLearning,S22,9,1248.7950927,36.8125,2.401,1,88.88888888888889,.NET 8.0.14
MultiSequenceLearning,S23,9,1248.7950927,36.8125,2.401,1,88.88888888888889,.NET 8.0.14
MultiSequenceLearning,S24,9,1248.7950927,36.8125,2.401,1,88.88888888888889,.NET 8.0.14
MultiSequenceLearning,S25,9,1248.7950927,36.8125,2.401,1,88.88888888888889,.NET 8.0.14
MultiSequenceLearning,S26,9,1248.7950927,36.8125,2.401,1,88.88888888888889,.NET 8.0.14
MultiSequenceLearning,S27,9,1248.7950927,36.8125,2.401,1,88.88888888888889,.NET 8.0.14
MultiSequenceLearning,S28,9,1248.7950927,36.8125,2.401,1,88.88888888888889,.NET 8.0.14
MultiSequenceLearning,S29,9,1248.7950927,36.8125,2.401,1,88.88888888888889,.NET 8.0.14
MultiSequenceLearning,S30,9,1248.7950927,36.8125,2.401,1,88.88888888888889,.NET 8.0.14
