Experiment Name,Sequence Name,Data Size,Learning Time (s),RAM Usage (MB),CPU Speed (GHz),Cores Used,Training Accuracy (%), DotNet Version
MultiSequenceLearning,S1,49,1097.3129318,37.4140625,2.401,1,100,.NET 8.0.14
MultiSequenceLearning,S2,49,1097.3129318,37.4140625,2.401,1,97.95918367346938,.NET 8.0.14
MultiSequenceLearning,S3,49,1097.3129318,37.4140625,2.401,1,97.95918367346938,.NET 8.0.14
MultiSequenceLearning,S4,9,1097.3129318,37.4140625,2.401,1,88.88888888888889,.NET 8.0.14
MultiSequenceLearning,S5,9,1097.3129318,37.4140625,2.401,1,88.88888888888889,.NET 8.0.14
MultiSequenceLearning,S6,9,1097.3129318,37.4140625,2.401,1,88.88888888888889,.NET 8.0.14
MultiSequenceLearning,S7,9,1097.3129318,37.4140625,2.401,1,88.88888888888889,.NET 8.0.14
MultiSequenceLearning,S8,9,1097.3129318,37.4140625,2.401,1,88.88888888888889,.NET 8.0.14
MultiSequenceLearning,S9,9,1097.3129318,37.4140625,2.401,1,88.88888888888889,.NET 8.0.14
MultiSequenceLearning,S10,9,1097.3129318,37.4140625,2.401,1,88.88888888888889,.NET 8.0.14
MultiSequenceLearning,S11,9,1097.3129318,37.4140625,2.401,1,88.88888888888889,.NET 8.0.14
MultiSequenceLearning,S12,9,1097.3129318,37.4140625,2.401,1,88.88888888888889,.NET 8.0.14
MultiSequenceLearning,S13,9,1097.3129318,37.4140625,2.401,1,88.88888888888889,.NET 8.0.14
MultiSequenceLearning,S14,9,1097.3129318,37.4140625,2.401,1,88.88888888888889,.NET 8.0.14
MultiSequenceLearning,S15,9,1097.3129318,37.4140625,2.401,1,88.88888888888889,.NET 8.0.14
MultiSequenceLearning,S16,9,1097.3129318,37.4140625,2.401,1,88.88888888888889,.NET 8.0.14
MultiSequenceLearning,S17,9,1097.3129318,37.4140625,2.401,1,88.88888888888889,.NET 8.0.14
MultiSequenceLearning,S18,9,1097.3129318,37.4140625,2.401,1,88.88888888888889,.NET 8.0.14
MultiSequenceLearning,S19,9,1097.3129318,37.4140625,2.401,1,88.88888888888889,.NET 8.0.14
MultiSequenceLearning,S20,9,1097.3129318,37.4140625,2.401,1,88.88888888888889,.NET 8.0.14
MultiSequenceLearning,S21,9,1097.3129318,37.4140625,2.401,1,88.88888888888889,.NET 8.0.14
MultiSequenceLearning,S22,9,1097.3129318,37.4140625,2.401,1,88.88888888888889,.NET 8.0.14
MultiSequenceLearning,S23,9,1097.3129318,37.4140625,2.401,1,88.88888888888889,.NET 8.0.14
MultiSequenceLearning,S24,9,1097.3129318,37.4140625,2.401,1,88.88888888888889,.NET 8.0.14
MultiSequenceLearning,S25,9,1097.3129318,37.4140625,2.401,1,88.88888888888889,.NET 8.0.14
MultiSequenceLearning,S26,9,1097.3129318,37.4140625,2.401,1,88.88888888888889,.NET 8.0.14
MultiSequenceLearning,S27,9,1097.3129318,37.4140625,2.401,1,88.88888888888889,.NET 8.0.14
MultiSequenceLearning,S28,9,1097.3129318,37.4140625,2.401,1,88.88888888888889,.NET 8.0.14
MultiSequenceLearning,S29,9,1097.3129318,37.4140625,2.401,1,88.88888888888889,.NET 8.0.14
MultiSequenceLearning,S30,9,1097.3129318,37.4140625,2.401,1,88.88888888888889,.NET 8.0.14
MultiSequenceLearning,S1,49,1097.3129318,37.4140625,2.401,1,100,.NET 8.0.14
MultiSequenceLearning,S2,49,1097.3129318,37.4140625,2.401,1,97.95918367346938,.NET 8.0.14
MultiSequenceLearning,S3,49,1097.3129318,37.4140625,2.401,1,97.95918367346938,.NET 8.0.14
MultiSequenceLearning,S4,9,1097.3129318,37.4140625,2.401,1,88.88888888888889,.NET 8.0.14
MultiSequenceLearning,S5,9,1097.3129318,37.4140625,2.401,1,88.88888888888889,.NET 8.0.14
MultiSequenceLearning,S6,9,1097.3129318,37.4140625,2.401,1,88.88888888888889,.NET 8.0.14
MultiSequenceLearning,S7,9,1097.3129318,37.4140625,2.401,1,88.88888888888889,.NET 8.0.14
MultiSequenceLearning,S8,9,1097.3129318,37.4140625,2.401,1,88.88888888888889,.NET 8.0.14
MultiSequenceLearning,S9,9,1097.3129318,37.4140625,2.401,1,88.88888888888889,.NET 8.0.14
MultiSequenceLearning,S10,9,1097.3129318,37.4140625,2.401,1,88.88888888888889,.NET 8.0.14
MultiSequenceLearning,S11,9,1097.3129318,37.4140625,2.401,1,88.88888888888889,.NET 8.0.14
MultiSequenceLearning,S12,9,1097.3129318,37.4140625,2.401,1,88.88888888888889,.NET 8.0.14
MultiSequenceLearning,S13,9,1097.3129318,37.4140625,2.401,1,88.88888888888889,.NET 8.0.14
MultiSequenceLearning,S14,9,1097.3129318,37.4140625,2.401,1,88.88888888888889,.NET 8.0.14
MultiSequenceLearning,S15,9,1097.3129318,37.4140625,2.401,1,88.88888888888889,.NET 8.0.14
MultiSequenceLearning,S16,9,1097.3129318,37.4140625,2.401,1,88.88888888888889,.NET 8.0.14
MultiSequenceLearning,S17,9,1097.3129318,37.4140625,2.401,1,88.88888888888889,.NET 8.0.14
MultiSequenceLearning,S18,9,1097.3129318,37.4140625,2.401,1,88.88888888888889,.NET 8.0.14
MultiSequenceLearning,S19,9,1097.3129318,37.4140625,2.401,1,88.88888888888889,.NET 8.0.14
MultiSequenceLearning,S20,9,1097.3129318,37.4140625,2.401,1,88.88888888888889,.NET 8.0.14
MultiSequenceLearning,S21,9,1097.3129318,37.4140625,2.401,1,88.88888888888889,.NET 8.0.14
MultiSequenceLearning,S22,9,1097.3129318,37.4140625,2.401,1,88.88888888888889,.NET 8.0.14
MultiSequenceLearning,S23,9,1097.3129318,37.4140625,2.401,1,88.88888888888889,.NET 8.0.14
MultiSequenceLearning,S24,9,1097.3129318,37.4140625,2.401,1,88.88888888888889,.NET 8.0.14
MultiSequenceLearning,S25,9,1097.3129318,37.4140625,2.401,1,88.88888888888889,.NET 8.0.14
MultiSequenceLearning,S26,9,1097.3129318,37.4140625,2.401,1,88.88888888888889,.NET 8.0.14
MultiSequenceLearning,S27,9,1097.3129318,37.4140625,2.401,1,88.88888888888889,.NET 8.0.14
MultiSequenceLearning,S28,9,1097.3129318,37.4140625,2.401,1,88.88888888888889,.NET 8.0.14
MultiSequenceLearning,S29,9,1097.3129318,37.4140625,2.401,1,88.88888888888889,.NET 8.0.14
MultiSequenceLearning,S30,9,1097.3129318,37.4140625,2.401,1,88.88888888888889,.NET 8.0.14
MultiSequenceLearning,S1,49,1097.3129318,37.4140625,2.401,1,100,.NET 8.0.14
MultiSequenceLearning,S2,49,1097.3129318,37.4140625,2.401,1,97.95918367346938,.NET 8.0.14
MultiSequenceLearning,S3,49,1097.3129318,37.4140625,2.401,1,97.95918367346938,.NET 8.0.14
MultiSequenceLearning,S4,9,1097.3129318,37.4140625,2.401,1,88.88888888888889,.NET 8.0.14
MultiSequenceLearning,S5,9,1097.3129318,37.4140625,2.401,1,88.88888888888889,.NET 8.0.14
MultiSequenceLearning,S6,9,1097.3129318,37.4140625,2.401,1,88.88888888888889,.NET 8.0.14
MultiSequenceLearning,S7,9,1097.3129318,37.4140625,2.401,1,88.88888888888889,.NET 8.0.14
MultiSequenceLearning,S8,9,1097.3129318,37.4140625,2.401,1,88.88888888888889,.NET 8.0.14
MultiSequenceLearning,S9,9,1097.3129318,37.4140625,2.401,1,88.88888888888889,.NET 8.0.14
MultiSequenceLearning,S10,9,1097.3129318,37.4140625,2.401,1,88.88888888888889,.NET 8.0.14
MultiSequenceLearning,S11,9,1097.3129318,37.4140625,2.401,1,88.88888888888889,.NET 8.0.14
MultiSequenceLearning,S12,9,1097.3129318,37.4140625,2.401,1,88.88888888888889,.NET 8.0.14
MultiSequenceLearning,S13,9,1097.3129318,37.4140625,2.401,1,88.88888888888889,.NET 8.0.14
MultiSequenceLearning,S14,9,1097.3129318,37.4140625,2.401,1,88.88888888888889,.NET 8.0.14
MultiSequenceLearning,S15,9,1097.3129318,37.4140625,2.401,1,88.88888888888889,.NET 8.0.14
MultiSequenceLearning,S16,9,1097.3129318,37.4140625,2.401,1,88.88888888888889,.NET 8.0.14
MultiSequenceLearning,S17,9,1097.3129318,37.4140625,2.401,1,88.88888888888889,.NET 8.0.14
MultiSequenceLearning,S18,9,1097.3129318,37.4140625,2.401,1,88.88888888888889,.NET 8.0.14
MultiSequenceLearning,S19,9,1097.3129318,37.4140625,2.401,1,88.88888888888889,.NET 8.0.14
MultiSequenceLearning,S20,9,1097.3129318,37.4140625,2.401,1,88.88888888888889,.NET 8.0.14
MultiSequenceLearning,S21,9,1097.3129318,37.4140625,2.401,1,88.88888888888889,.NET 8.0.14
MultiSequenceLearning,S22,9,1097.3129318,37.4140625,2.401,1,88.88888888888889,.NET 8.0.14
MultiSequenceLearning,S23,9,1097.3129318,37.4140625,2.401,1,88.88888888888889,.NET 8.0.14
MultiSequenceLearning,S24,9,1097.3129318,37.4140625,2.401,1,88.88888888888889,.NET 8.0.14
MultiSequenceLearning,S25,9,1097.3129318,37.4140625,2.401,1,88.88888888888889,.NET 8.0.14
MultiSequenceLearning,S26,9,1097.3129318,37.4140625,2.401,1,88.88888888888889,.NET 8.0.14
MultiSequenceLearning,S27,9,1097.3129318,37.4140625,2.401,1,88.88888888888889,.NET 8.0.14
MultiSequenceLearning,S28,9,1097.3129318,37.4140625,2.401,1,88.88888888888889,.NET 8.0.14
MultiSequenceLearning,S29,9,1097.3129318,37.4140625,2.401,1,88.88888888888889,.NET 8.0.14
MultiSequenceLearning,S30,9,1097.3129318,37.4140625,2.401,1,88.88888888888889,.NET 8.0.14
MultiSequenceLearning,S1,49,1097.3129318,37.4140625,2.401,1,100,.NET 8.0.14
MultiSequenceLearning,S2,49,1097.3129318,37.4140625,2.401,1,97.95918367346938,.NET 8.0.14
MultiSequenceLearning,S3,49,1097.3129318,37.4140625,2.401,1,97.95918367346938,.NET 8.0.14
MultiSequenceLearning,S4,9,1097.3129318,37.4140625,2.401,1,88.88888888888889,.NET 8.0.14
MultiSequenceLearning,S5,9,1097.3129318,37.4140625,2.401,1,88.88888888888889,.NET 8.0.14
MultiSequenceLearning,S6,9,1097.3129318,37.4140625,2.401,1,88.88888888888889,.NET 8.0.14
MultiSequenceLearning,S7,9,1097.3129318,37.4140625,2.401,1,88.88888888888889,.NET 8.0.14
MultiSequenceLearning,S8,9,1097.3129318,37.4140625,2.401,1,88.88888888888889,.NET 8.0.14
MultiSequenceLearning,S9,9,1097.3129318,37.4140625,2.401,1,88.88888888888889,.NET 8.0.14
MultiSequenceLearning,S10,9,1097.3129318,37.4140625,2.401,1,88.88888888888889,.NET 8.0.14
MultiSequenceLearning,S11,9,1097.3129318,37.4140625,2.401,1,88.88888888888889,.NET 8.0.14
MultiSequenceLearning,S12,9,1097.3129318,37.4140625,2.401,1,88.88888888888889,.NET 8.0.14
MultiSequenceLearning,S13,9,1097.3129318,37.4140625,2.401,1,88.88888888888889,.NET 8.0.14
MultiSequenceLearning,S14,9,1097.3129318,37.4140625,2.401,1,88.88888888888889,.NET 8.0.14
MultiSequenceLearning,S15,9,1097.3129318,37.4140625,2.401,1,88.88888888888889,.NET 8.0.14
MultiSequenceLearning,S16,9,1097.3129318,37.4140625,2.401,1,88.88888888888889,.NET 8.0.14
MultiSequenceLearning,S17,9,1097.3129318,37.4140625,2.401,1,88.88888888888889,.NET 8.0.14
MultiSequenceLearning,S18,9,1097.3129318,37.4140625,2.401,1,88.88888888888889,.NET 8.0.14
MultiSequenceLearning,S19,9,1097.3129318,37.4140625,2.401,1,88.88888888888889,.NET 8.0.14
MultiSequenceLearning,S20,9,1097.3129318,37.4140625,2.401,1,88.88888888888889,.NET 8.0.14
MultiSequenceLearning,S21,9,1097.3129318,37.4140625,2.401,1,88.88888888888889,.NET 8.0.14
MultiSequenceLearning,S22,9,1097.3129318,37.4140625,2.401,1,88.88888888888889,.NET 8.0.14
MultiSequenceLearning,S23,9,1097.3129318,37.4140625,2.401,1,88.88888888888889,.NET 8.0.14
MultiSequenceLearning,S24,9,1097.3129318,37.4140625,2.401,1,88.88888888888889,.NET 8.0.14
MultiSequenceLearning,S25,9,1097.3129318,37.4140625,2.401,1,88.88888888888889,.NET 8.0.14
MultiSequenceLearning,S26,9,1097.3129318,37.4140625,2.401,1,88.88888888888889,.NET 8.0.14
MultiSequenceLearning,S27,9,1097.3129318,37.4140625,2.401,1,88.88888888888889,.NET 8.0.14
MultiSequenceLearning,S28,9,1097.3129318,37.4140625,2.401,1,88.88888888888889,.NET 8.0.14
MultiSequenceLearning,S29,9,1097.3129318,37.4140625,2.401,1,88.88888888888889,.NET 8.0.14
MultiSequenceLearning,S30,9,1097.3129318,37.4140625,2.401,1,88.88888888888889,.NET 8.0.14
MultiSequenceLearning,S1,49,1207.7642389,39.80859375,2.401,1,100,.NET 8.0.14
MultiSequenceLearning,S2,49,1207.7642389,39.80859375,2.401,1,97.95918367346938,.NET 8.0.14
MultiSequenceLearning,S3,49,1207.7642389,39.80859375,2.401,1,97.95918367346938,.NET 8.0.14
MultiSequenceLearning,S4,9,1207.7642389,39.80859375,2.401,1,88.88888888888889,.NET 8.0.14
MultiSequenceLearning,S5,9,1207.7642389,39.80859375,2.401,1,88.88888888888889,.NET 8.0.14
MultiSequenceLearning,S6,9,1207.7642389,39.80859375,2.401,1,88.88888888888889,.NET 8.0.14
MultiSequenceLearning,S7,9,1207.7642389,39.80859375,2.401,1,88.88888888888889,.NET 8.0.14
MultiSequenceLearning,S8,9,1207.7642389,39.80859375,2.401,1,88.88888888888889,.NET 8.0.14
MultiSequenceLearning,S9,9,1207.7642389,39.80859375,2.401,1,88.88888888888889,.NET 8.0.14
MultiSequenceLearning,S10,9,1207.7642389,39.80859375,2.401,1,88.88888888888889,.NET 8.0.14
MultiSequenceLearning,S11,9,1207.7642389,39.80859375,2.401,1,88.88888888888889,.NET 8.0.14
MultiSequenceLearning,S12,9,1207.7642389,39.80859375,2.401,1,88.88888888888889,.NET 8.0.14
MultiSequenceLearning,S13,9,1207.7642389,39.80859375,2.401,1,88.88888888888889,.NET 8.0.14
MultiSequenceLearning,S14,9,1207.7642389,39.80859375,2.401,1,88.88888888888889,.NET 8.0.14
MultiSequenceLearning,S15,9,1207.7642389,39.80859375,2.401,1,88.88888888888889,.NET 8.0.14
MultiSequenceLearning,S16,9,1207.7642389,39.80859375,2.401,1,88.88888888888889,.NET 8.0.14
MultiSequenceLearning,S17,9,1207.7642389,39.80859375,2.401,1,88.88888888888889,.NET 8.0.14
MultiSequenceLearning,S18,9,1207.7642389,39.80859375,2.401,1,88.88888888888889,.NET 8.0.14
MultiSequenceLearning,S19,9,1207.7642389,39.80859375,2.401,1,88.88888888888889,.NET 8.0.14
MultiSequenceLearning,S20,9,1207.7642389,39.80859375,2.401,1,88.88888888888889,.NET 8.0.14
MultiSequenceLearning,S21,9,1207.7642389,39.80859375,2.401,1,88.88888888888889,.NET 8.0.14
MultiSequenceLearning,S22,9,1207.7642389,39.80859375,2.401,1,88.88888888888889,.NET 8.0.14
MultiSequenceLearning,S23,9,1207.7642389,39.80859375,2.401,1,88.88888888888889,.NET 8.0.14
MultiSequenceLearning,S24,9,1207.7642389,39.80859375,2.401,1,88.88888888888889,.NET 8.0.14
MultiSequenceLearning,S25,9,1207.7642389,39.80859375,2.401,1,88.88888888888889,.NET 8.0.14
MultiSequenceLearning,S26,9,1207.7642389,39.80859375,2.401,1,88.88888888888889,.NET 8.0.14
MultiSequenceLearning,S27,9,1207.7642389,39.80859375,2.401,1,88.88888888888889,.NET 8.0.14
MultiSequenceLearning,S28,9,1207.7642389,39.80859375,2.401,1,88.88888888888889,.NET 8.0.14
MultiSequenceLearning,S29,9,1207.7642389,39.80859375,2.401,1,88.88888888888889,.NET 8.0.14
MultiSequenceLearning,S30,9,1207.7642389,39.80859375,2.401,1,88.88888888888889,.NET 8.0.14
MultiSequenceLearning,S1,49,1207.7642389,39.80859375,2.401,1,100,.NET 8.0.14
MultiSequenceLearning,S2,49,1207.7642389,39.80859375,2.401,1,97.95918367346938,.NET 8.0.14
MultiSequenceLearning,S3,49,1207.7642389,39.80859375,2.401,1,97.95918367346938,.NET 8.0.14
MultiSequenceLearning,S4,9,1207.7642389,39.80859375,2.401,1,88.88888888888889,.NET 8.0.14
MultiSequenceLearning,S5,9,1207.7642389,39.80859375,2.401,1,88.88888888888889,.NET 8.0.14
MultiSequenceLearning,S6,9,1207.7642389,39.80859375,2.401,1,88.88888888888889,.NET 8.0.14
MultiSequenceLearning,S7,9,1207.7642389,39.80859375,2.401,1,88.88888888888889,.NET 8.0.14
MultiSequenceLearning,S8,9,1207.7642389,39.80859375,2.401,1,88.88888888888889,.NET 8.0.14
MultiSequenceLearning,S9,9,1207.7642389,39.80859375,2.401,1,88.88888888888889,.NET 8.0.14
MultiSequenceLearning,S10,9,1207.7642389,39.80859375,2.401,1,88.88888888888889,.NET 8.0.14
MultiSequenceLearning,S11,9,1207.7642389,39.80859375,2.401,1,88.88888888888889,.NET 8.0.14
MultiSequenceLearning,S12,9,1207.7642389,39.80859375,2.401,1,88.88888888888889,.NET 8.0.14
MultiSequenceLearning,S13,9,1207.7642389,39.80859375,2.401,1,88.88888888888889,.NET 8.0.14
MultiSequenceLearning,S14,9,1207.7642389,39.80859375,2.401,1,88.88888888888889,.NET 8.0.14
MultiSequenceLearning,S15,9,1207.7642389,39.80859375,2.401,1,88.88888888888889,.NET 8.0.14
MultiSequenceLearning,S16,9,1207.7642389,39.80859375,2.401,1,88.88888888888889,.NET 8.0.14
MultiSequenceLearning,S17,9,1207.7642389,39.80859375,2.401,1,88.88888888888889,.NET 8.0.14
MultiSequenceLearning,S18,9,1207.7642389,39.80859375,2.401,1,88.88888888888889,.NET 8.0.14
MultiSequenceLearning,S19,9,1207.7642389,39.80859375,2.401,1,88.88888888888889,.NET 8.0.14
MultiSequenceLearning,S20,9,1207.7642389,39.80859375,2.401,1,88.88888888888889,.NET 8.0.14
MultiSequenceLearning,S21,9,1207.7642389,39.80859375,2.401,1,88.88888888888889,.NET 8.0.14
MultiSequenceLearning,S22,9,1207.7642389,39.80859375,2.401,1,88.88888888888889,.NET 8.0.14
MultiSequenceLearning,S23,9,1207.7642389,39.80859375,2.401,1,88.88888888888889,.NET 8.0.14
MultiSequenceLearning,S24,9,1207.7642389,39.80859375,2.401,1,88.88888888888889,.NET 8.0.14
MultiSequenceLearning,S25,9,1207.7642389,39.80859375,2.401,1,88.88888888888889,.NET 8.0.14
MultiSequenceLearning,S26,9,1207.7642389,39.80859375,2.401,1,88.88888888888889,.NET 8.0.14
MultiSequenceLearning,S27,9,1207.7642389,39.80859375,2.401,1,88.88888888888889,.NET 8.0.14
MultiSequenceLearning,S28,9,1207.7642389,39.80859375,2.401,1,88.88888888888889,.NET 8.0.14
MultiSequenceLearning,S29,9,1207.7642389,39.80859375,2.401,1,88.88888888888889,.NET 8.0.14
MultiSequenceLearning,S30,9,1207.7642389,39.80859375,2.401,1,88.88888888888889,.NET 8.0.14
MultiSequenceLearning,S1,49,1207.7642389,39.80859375,2.401,1,100,.NET 8.0.14
MultiSequenceLearning,S2,49,1207.7642389,39.80859375,2.401,1,97.95918367346938,.NET 8.0.14
MultiSequenceLearning,S3,49,1207.7642389,39.80859375,2.401,1,97.95918367346938,.NET 8.0.14
MultiSequenceLearning,S4,9,1207.7642389,39.80859375,2.401,1,88.88888888888889,.NET 8.0.14
MultiSequenceLearning,S5,9,1207.7642389,39.80859375,2.401,1,88.88888888888889,.NET 8.0.14
MultiSequenceLearning,S6,9,1207.7642389,39.80859375,2.401,1,88.88888888888889,.NET 8.0.14
MultiSequenceLearning,S7,9,1207.7642389,39.80859375,2.401,1,88.88888888888889,.NET 8.0.14
MultiSequenceLearning,S8,9,1207.7642389,39.80859375,2.401,1,88.88888888888889,.NET 8.0.14
MultiSequenceLearning,S9,9,1207.7642389,39.80859375,2.401,1,88.88888888888889,.NET 8.0.14
MultiSequenceLearning,S10,9,1207.7642389,39.80859375,2.401,1,88.88888888888889,.NET 8.0.14
MultiSequenceLearning,S11,9,1207.7642389,39.80859375,2.401,1,88.88888888888889,.NET 8.0.14
MultiSequenceLearning,S12,9,1207.7642389,39.80859375,2.401,1,88.88888888888889,.NET 8.0.14
MultiSequenceLearning,S13,9,1207.7642389,39.80859375,2.401,1,88.88888888888889,.NET 8.0.14
MultiSequenceLearning,S14,9,1207.7642389,39.80859375,2.401,1,88.88888888888889,.NET 8.0.14
MultiSequenceLearning,S15,9,1207.7642389,39.80859375,2.401,1,88.88888888888889,.NET 8.0.14
MultiSequenceLearning,S16,9,1207.7642389,39.80859375,2.401,1,88.88888888888889,.NET 8.0.14
MultiSequenceLearning,S17,9,1207.7642389,39.80859375,2.401,1,88.88888888888889,.NET 8.0.14
MultiSequenceLearning,S18,9,1207.7642389,39.80859375,2.401,1,88.88888888888889,.NET 8.0.14
MultiSequenceLearning,S19,9,1207.7642389,39.80859375,2.401,1,88.88888888888889,.NET 8.0.14
MultiSequenceLearning,S20,9,1207.7642389,39.80859375,2.401,1,88.88888888888889,.NET 8.0.14
MultiSequenceLearning,S21,9,1207.7642389,39.80859375,2.401,1,88.88888888888889,.NET 8.0.14
MultiSequenceLearning,S22,9,1207.7642389,39.80859375,2.401,1,88.88888888888889,.NET 8.0.14
MultiSequenceLearning,S23,9,1207.7642389,39.80859375,2.401,1,88.88888888888889,.NET 8.0.14
MultiSequenceLearning,S24,9,1207.7642389,39.80859375,2.401,1,88.88888888888889,.NET 8.0.14
MultiSequenceLearning,S25,9,1207.7642389,39.80859375,2.401,1,88.88888888888889,.NET 8.0.14
MultiSequenceLearning,S26,9,1207.7642389,39.80859375,2.401,1,88.88888888888889,.NET 8.0.14
MultiSequenceLearning,S27,9,1207.7642389,39.80859375,2.401,1,88.88888888888889,.NET 8.0.14
MultiSequenceLearning,S28,9,1207.7642389,39.80859375,2.401,1,88.88888888888889,.NET 8.0.14
MultiSequenceLearning,S29,9,1207.7642389,39.80859375,2.401,1,88.88888888888889,.NET 8.0.14
MultiSequenceLearning,S30,9,1207.7642389,39.80859375,2.401,1,88.88888888888889,.NET 8.0.14
MultiSequenceLearning,S1,49,1207.7642389,39.80859375,2.401,1,100,.NET 8.0.14
MultiSequenceLearning,S2,49,1207.7642389,39.80859375,2.401,1,97.95918367346938,.NET 8.0.14
MultiSequenceLearning,S3,49,1207.7642389,39.80859375,2.401,1,97.95918367346938,.NET 8.0.14
MultiSequenceLearning,S4,9,1207.7642389,39.80859375,2.401,1,88.88888888888889,.NET 8.0.14
MultiSequenceLearning,S5,9,1207.7642389,39.80859375,2.401,1,88.88888888888889,.NET 8.0.14
MultiSequenceLearning,S6,9,1207.7642389,39.80859375,2.401,1,88.88888888888889,.NET 8.0.14
MultiSequenceLearning,S7,9,1207.7642389,39.80859375,2.401,1,88.88888888888889,.NET 8.0.14
MultiSequenceLearning,S8,9,1207.7642389,39.80859375,2.401,1,88.88888888888889,.NET 8.0.14
MultiSequenceLearning,S9,9,1207.7642389,39.80859375,2.401,1,88.88888888888889,.NET 8.0.14
MultiSequenceLearning,S10,9,1207.7642389,39.80859375,2.401,1,88.88888888888889,.NET 8.0.14
MultiSequenceLearning,S11,9,1207.7642389,39.80859375,2.401,1,88.88888888888889,.NET 8.0.14
MultiSequenceLearning,S12,9,1207.7642389,39.80859375,2.401,1,88.88888888888889,.NET 8.0.14
MultiSequenceLearning,S13,9,1207.7642389,39.80859375,2.401,1,88.88888888888889,.NET 8.0.14
MultiSequenceLearning,S14,9,1207.7642389,39.80859375,2.401,1,88.88888888888889,.NET 8.0.14
MultiSequenceLearning,S15,9,1207.7642389,39.80859375,2.401,1,88.88888888888889,.NET 8.0.14
MultiSequenceLearning,S16,9,1207.7642389,39.80859375,2.401,1,88.88888888888889,.NET 8.0.14
MultiSequenceLearning,S17,9,1207.7642389,39.80859375,2.401,1,88.88888888888889,.NET 8.0.14
MultiSequenceLearning,S18,9,1207.7642389,39.80859375,2.401,1,88.88888888888889,.NET 8.0.14
MultiSequenceLearning,S19,9,1207.7642389,39.80859375,2.401,1,88.88888888888889,.NET 8.0.14
MultiSequenceLearning,S20,9,1207.7642389,39.80859375,2.401,1,88.88888888888889,.NET 8.0.14
MultiSequenceLearning,S21,9,1207.7642389,39.80859375,2.401,1,88.88888888888889,.NET 8.0.14
MultiSequenceLearning,S22,9,1207.7642389,39.80859375,2.401,1,88.88888888888889,.NET 8.0.14
MultiSequenceLearning,S23,9,1207.7642389,39.80859375,2.401,1,88.88888888888889,.NET 8.0.14
MultiSequenceLearning,S24,9,1207.7642389,39.80859375,2.401,1,88.88888888888889,.NET 8.0.14
MultiSequenceLearning,S25,9,1207.7642389,39.80859375,2.401,1,88.88888888888889,.NET 8.0.14
MultiSequenceLearning,S26,9,1207.7642389,39.80859375,2.401,1,88.88888888888889,.NET 8.0.14
MultiSequenceLearning,S27,9,1207.7642389,39.80859375,2.401,1,88.88888888888889,.NET 8.0.14
MultiSequenceLearning,S28,9,1207.7642389,39.80859375,2.401,1,88.88888888888889,.NET 8.0.14
MultiSequenceLearning,S29,9,1207.7642389,39.80859375,2.401,1,88.88888888888889,.NET 8.0.14
MultiSequenceLearning,S30,9,1207.7642389,39.80859375,2.401,1,88.88888888888889,.NET 8.0.14
MultiSequenceLearning,S1,49,1288.4548233,36.96875,2.401,1,100,.NET 8.0.14
MultiSequenceLearning,S2,49,1288.4548233,36.96875,2.401,1,97.95918367346938,.NET 8.0.14
MultiSequenceLearning,S3,49,1288.4548233,36.96875,2.401,1,97.95918367346938,.NET 8.0.14
MultiSequenceLearning,S4,9,1288.4548233,36.96875,2.401,1,88.88888888888889,.NET 8.0.14
MultiSequenceLearning,S5,9,1288.4548233,36.96875,2.401,1,88.88888888888889,.NET 8.0.14
MultiSequenceLearning,S6,9,1288.4548233,36.96875,2.401,1,88.88888888888889,.NET 8.0.14
MultiSequenceLearning,S7,9,1288.4548233,36.96875,2.401,1,88.88888888888889,.NET 8.0.14
MultiSequenceLearning,S8,9,1288.4548233,36.96875,2.401,1,88.88888888888889,.NET 8.0.14
MultiSequenceLearning,S9,9,1288.4548233,36.96875,2.401,1,88.88888888888889,.NET 8.0.14
MultiSequenceLearning,S10,9,1288.4548233,36.96875,2.401,1,88.88888888888889,.NET 8.0.14
MultiSequenceLearning,S11,9,1288.4548233,36.96875,2.401,1,88.88888888888889,.NET 8.0.14
MultiSequenceLearning,S12,9,1288.4548233,36.96875,2.401,1,88.88888888888889,.NET 8.0.14
MultiSequenceLearning,S13,9,1288.4548233,36.96875,2.401,1,88.88888888888889,.NET 8.0.14
MultiSequenceLearning,S14,9,1288.4548233,36.96875,2.401,1,88.88888888888889,.NET 8.0.14
MultiSequenceLearning,S15,9,1288.4548233,36.96875,2.401,1,88.88888888888889,.NET 8.0.14
MultiSequenceLearning,S16,9,1288.4548233,36.96875,2.401,1,88.88888888888889,.NET 8.0.14
MultiSequenceLearning,S17,9,1288.4548233,36.96875,2.401,1,88.88888888888889,.NET 8.0.14
MultiSequenceLearning,S18,9,1288.4548233,36.96875,2.401,1,88.88888888888889,.NET 8.0.14
MultiSequenceLearning,S19,9,1288.4548233,36.96875,2.401,1,88.88888888888889,.NET 8.0.14
MultiSequenceLearning,S20,9,1288.4548233,36.96875,2.401,1,88.88888888888889,.NET 8.0.14
MultiSequenceLearning,S21,9,1288.4548233,36.96875,2.401,1,88.88888888888889,.NET 8.0.14
MultiSequenceLearning,S22,9,1288.4548233,36.96875,2.401,1,88.88888888888889,.NET 8.0.14
MultiSequenceLearning,S23,9,1288.4548233,36.96875,2.401,1,88.88888888888889,.NET 8.0.14
MultiSequenceLearning,S24,9,1288.4548233,36.96875,2.401,1,88.88888888888889,.NET 8.0.14
MultiSequenceLearning,S25,9,1288.4548233,36.96875,2.401,1,88.88888888888889,.NET 8.0.14
MultiSequenceLearning,S26,9,1288.4548233,36.96875,2.401,1,88.88888888888889,.NET 8.0.14
MultiSequenceLearning,S27,9,1288.4548233,36.96875,2.401,1,88.88888888888889,.NET 8.0.14
MultiSequenceLearning,S28,9,1288.4548233,36.96875,2.401,1,88.88888888888889,.NET 8.0.14
MultiSequenceLearning,S29,9,1288.4548233,36.96875,2.401,1,88.88888888888889,.NET 8.0.14
MultiSequenceLearning,S30,9,1288.4548233,36.96875,2.401,1,88.88888888888889,.NET 8.0.14
MultiSequenceLearning,S1,49,1288.4548233,36.96875,2.401,1,100,.NET 8.0.14
MultiSequenceLearning,S2,49,1288.4548233,36.96875,2.401,1,97.95918367346938,.NET 8.0.14
MultiSequenceLearning,S3,49,1288.4548233,36.96875,2.401,1,97.95918367346938,.NET 8.0.14
MultiSequenceLearning,S4,9,1288.4548233,36.96875,2.401,1,88.88888888888889,.NET 8.0.14
MultiSequenceLearning,S5,9,1288.4548233,36.96875,2.401,1,88.88888888888889,.NET 8.0.14
MultiSequenceLearning,S6,9,1288.4548233,36.96875,2.401,1,88.88888888888889,.NET 8.0.14
MultiSequenceLearning,S7,9,1288.4548233,36.96875,2.401,1,88.88888888888889,.NET 8.0.14
MultiSequenceLearning,S8,9,1288.4548233,36.96875,2.401,1,88.88888888888889,.NET 8.0.14
MultiSequenceLearning,S9,9,1288.4548233,36.96875,2.401,1,88.88888888888889,.NET 8.0.14
MultiSequenceLearning,S10,9,1288.4548233,36.96875,2.401,1,88.88888888888889,.NET 8.0.14
MultiSequenceLearning,S11,9,1288.4548233,36.96875,2.401,1,88.88888888888889,.NET 8.0.14
MultiSequenceLearning,S12,9,1288.4548233,36.96875,2.401,1,88.88888888888889,.NET 8.0.14
MultiSequenceLearning,S13,9,1288.4548233,36.96875,2.401,1,88.88888888888889,.NET 8.0.14
MultiSequenceLearning,S14,9,1288.4548233,36.96875,2.401,1,88.88888888888889,.NET 8.0.14
MultiSequenceLearning,S15,9,1288.4548233,36.96875,2.401,1,88.88888888888889,.NET 8.0.14
MultiSequenceLearning,S16,9,1288.4548233,36.96875,2.401,1,88.88888888888889,.NET 8.0.14
MultiSequenceLearning,S17,9,1288.4548233,36.96875,2.401,1,88.88888888888889,.NET 8.0.14
MultiSequenceLearning,S18,9,1288.4548233,36.96875,2.401,1,88.88888888888889,.NET 8.0.14
MultiSequenceLearning,S19,9,1288.4548233,36.96875,2.401,1,88.88888888888889,.NET 8.0.14
MultiSequenceLearning,S20,9,1288.4548233,36.96875,2.401,1,88.88888888888889,.NET 8.0.14
MultiSequenceLearning,S21,9,1288.4548233,36.96875,2.401,1,88.88888888888889,.NET 8.0.14
MultiSequenceLearning,S22,9,1288.4548233,36.96875,2.401,1,88.88888888888889,.NET 8.0.14
MultiSequenceLearning,S23,9,1288.4548233,36.96875,2.401,1,88.88888888888889,.NET 8.0.14
MultiSequenceLearning,S24,9,1288.4548233,36.96875,2.401,1,88.88888888888889,.NET 8.0.14
MultiSequenceLearning,S25,9,1288.4548233,36.96875,2.401,1,88.88888888888889,.NET 8.0.14
MultiSequenceLearning,S26,9,1288.4548233,36.96875,2.401,1,88.88888888888889,.NET 8.0.14
MultiSequenceLearning,S27,9,1288.4548233,36.96875,2.401,1,88.88888888888889,.NET 8.0.14
MultiSequenceLearning,S28,9,1288.4548233,36.96875,2.401,1,88.88888888888889,.NET 8.0.14
MultiSequenceLearning,S29,9,1288.4548233,36.96875,2.401,1,88.88888888888889,.NET 8.0.14
MultiSequenceLearning,S30,9,1288.4548233,36.96875,2.401,1,88.88888888888889,.NET 8.0.14
MultiSequenceLearning,S1,49,1288.4548233,36.96875,2.401,1,100,.NET 8.0.14
MultiSequenceLearning,S2,49,1288.4548233,36.96875,2.401,1,97.95918367346938,.NET 8.0.14
MultiSequenceLearning,S3,49,1288.4548233,36.96875,2.401,1,97.95918367346938,.NET 8.0.14
MultiSequenceLearning,S4,9,1288.4548233,36.96875,2.401,1,88.88888888888889,.NET 8.0.14
MultiSequenceLearning,S5,9,1288.4548233,36.96875,2.401,1,88.88888888888889,.NET 8.0.14
MultiSequenceLearning,S6,9,1288.4548233,36.96875,2.401,1,88.88888888888889,.NET 8.0.14
MultiSequenceLearning,S7,9,1288.4548233,36.96875,2.401,1,88.88888888888889,.NET 8.0.14
MultiSequenceLearning,S8,9,1288.4548233,36.96875,2.401,1,88.88888888888889,.NET 8.0.14
MultiSequenceLearning,S9,9,1288.4548233,36.96875,2.401,1,88.88888888888889,.NET 8.0.14
MultiSequenceLearning,S10,9,1288.4548233,36.96875,2.401,1,88.88888888888889,.NET 8.0.14
MultiSequenceLearning,S11,9,1288.4548233,36.96875,2.401,1,88.88888888888889,.NET 8.0.14
MultiSequenceLearning,S12,9,1288.4548233,36.96875,2.401,1,88.88888888888889,.NET 8.0.14
MultiSequenceLearning,S13,9,1288.4548233,36.96875,2.401,1,88.88888888888889,.NET 8.0.14
MultiSequenceLearning,S14,9,1288.4548233,36.96875,2.401,1,88.88888888888889,.NET 8.0.14
MultiSequenceLearning,S15,9,1288.4548233,36.96875,2.401,1,88.88888888888889,.NET 8.0.14
MultiSequenceLearning,S16,9,1288.4548233,36.96875,2.401,1,88.88888888888889,.NET 8.0.14
MultiSequenceLearning,S17,9,1288.4548233,36.96875,2.401,1,88.88888888888889,.NET 8.0.14
MultiSequenceLearning,S18,9,1288.4548233,36.96875,2.401,1,88.88888888888889,.NET 8.0.14
MultiSequenceLearning,S19,9,1288.4548233,36.96875,2.401,1,88.88888888888889,.NET 8.0.14
MultiSequenceLearning,S20,9,1288.4548233,36.96875,2.401,1,88.88888888888889,.NET 8.0.14
MultiSequenceLearning,S21,9,1288.4548233,36.96875,2.401,1,88.88888888888889,.NET 8.0.14
MultiSequenceLearning,S22,9,1288.4548233,36.96875,2.401,1,88.88888888888889,.NET 8.0.14
MultiSequenceLearning,S23,9,1288.4548233,36.96875,2.401,1,88.88888888888889,.NET 8.0.14
MultiSequenceLearning,S24,9,1288.4548233,36.96875,2.401,1,88.88888888888889,.NET 8.0.14
MultiSequenceLearning,S25,9,1288.4548233,36.96875,2.401,1,88.88888888888889,.NET 8.0.14
MultiSequenceLearning,S26,9,1288.4548233,36.96875,2.401,1,88.88888888888889,.NET 8.0.14
MultiSequenceLearning,S27,9,1288.4548233,36.96875,2.401,1,88.88888888888889,.NET 8.0.14
MultiSequenceLearning,S28,9,1288.4548233,36.96875,2.401,1,88.88888888888889,.NET 8.0.14
MultiSequenceLearning,S29,9,1288.4548233,36.96875,2.401,1,88.88888888888889,.NET 8.0.14
MultiSequenceLearning,S30,9,1288.4548233,36.96875,2.401,1,88.88888888888889,.NET 8.0.14
MultiSequenceLearning,S1,49,1288.4548233,36.96875,2.401,1,100,.NET 8.0.14
MultiSequenceLearning,S2,49,1288.4548233,36.96875,2.401,1,97.95918367346938,.NET 8.0.14
MultiSequenceLearning,S3,49,1288.4548233,36.96875,2.401,1,97.95918367346938,.NET 8.0.14
MultiSequenceLearning,S4,9,1288.4548233,36.96875,2.401,1,88.88888888888889,.NET 8.0.14
MultiSequenceLearning,S5,9,1288.4548233,36.96875,2.401,1,88.88888888888889,.NET 8.0.14
MultiSequenceLearning,S6,9,1288.4548233,36.96875,2.401,1,88.88888888888889,.NET 8.0.14
MultiSequenceLearning,S7,9,1288.4548233,36.96875,2.401,1,88.88888888888889,.NET 8.0.14
MultiSequenceLearning,S8,9,1288.4548233,36.96875,2.401,1,88.88888888888889,.NET 8.0.14
MultiSequenceLearning,S9,9,1288.4548233,36.96875,2.401,1,88.88888888888889,.NET 8.0.14
MultiSequenceLearning,S10,9,1288.4548233,36.96875,2.401,1,88.88888888888889,.NET 8.0.14
MultiSequenceLearning,S11,9,1288.4548233,36.96875,2.401,1,88.88888888888889,.NET 8.0.14
MultiSequenceLearning,S12,9,1288.4548233,36.96875,2.401,1,88.88888888888889,.NET 8.0.14
MultiSequenceLearning,S13,9,1288.4548233,36.96875,2.401,1,88.88888888888889,.NET 8.0.14
MultiSequenceLearning,S14,9,1288.4548233,36.96875,2.401,1,88.88888888888889,.NET 8.0.14
MultiSequenceLearning,S15,9,1288.4548233,36.96875,2.401,1,88.88888888888889,.NET 8.0.14
MultiSequenceLearning,S16,9,1288.4548233,36.96875,2.401,1,88.88888888888889,.NET 8.0.14
MultiSequenceLearning,S17,9,1288.4548233,36.96875,2.401,1,88.88888888888889,.NET 8.0.14
MultiSequenceLearning,S18,9,1288.4548233,36.96875,2.401,1,88.88888888888889,.NET 8.0.14
MultiSequenceLearning,S19,9,1288.4548233,36.96875,2.401,1,88.88888888888889,.NET 8.0.14
MultiSequenceLearning,S20,9,1288.4548233,36.96875,2.401,1,88.88888888888889,.NET 8.0.14
MultiSequenceLearning,S21,9,1288.4548233,36.96875,2.401,1,88.88888888888889,.NET 8.0.14
MultiSequenceLearning,S22,9,1288.4548233,36.96875,2.401,1,88.88888888888889,.NET 8.0.14
MultiSequenceLearning,S23,9,1288.4548233,36.96875,2.401,1,88.88888888888889,.NET 8.0.14
MultiSequenceLearning,S24,9,1288.4548233,36.96875,2.401,1,88.88888888888889,.NET 8.0.14
MultiSequenceLearning,S25,9,1288.4548233,36.96875,2.401,1,88.88888888888889,.NET 8.0.14
MultiSequenceLearning,S26,9,1288.4548233,36.96875,2.401,1,88.88888888888889,.NET 8.0.14
MultiSequenceLearning,S27,9,1288.4548233,36.96875,2.401,1,88.88888888888889,.NET 8.0.14
MultiSequenceLearning,S28,9,1288.4548233,36.96875,2.401,1,88.88888888888889,.NET 8.0.14
MultiSequenceLearning,S29,9,1288.4548233,36.96875,2.401,1,88.88888888888889,.NET 8.0.14
MultiSequenceLearning,S30,9,1288.4548233,36.96875,2.401,1,88.88888888888889,.NET 8.0.14
MultiSequenceLearning,S1,49,1418.8020514,40.87890625,2.401,2,100,.NET 8.0.14
MultiSequenceLearning,S2,49,1418.8020514,40.87890625,2.401,2,97.95918367346938,.NET 8.0.14
MultiSequenceLearning,S3,49,1418.8020514,40.87890625,2.401,2,97.95918367346938,.NET 8.0.14
MultiSequenceLearning,S4,9,1418.8020514,40.87890625,2.401,2,88.88888888888889,.NET 8.0.14
MultiSequenceLearning,S5,9,1418.8020514,40.87890625,2.401,2,88.88888888888889,.NET 8.0.14
MultiSequenceLearning,S6,9,1418.8020514,40.87890625,2.401,2,88.88888888888889,.NET 8.0.14
MultiSequenceLearning,S7,9,1418.8020514,40.87890625,2.401,2,88.88888888888889,.NET 8.0.14
MultiSequenceLearning,S8,9,1418.8020514,40.87890625,2.401,2,88.88888888888889,.NET 8.0.14
MultiSequenceLearning,S9,9,1418.8020514,40.87890625,2.401,2,88.88888888888889,.NET 8.0.14
MultiSequenceLearning,S10,9,1418.8020514,40.87890625,2.401,2,88.88888888888889,.NET 8.0.14
MultiSequenceLearning,S11,9,1418.8020514,40.87890625,2.401,2,88.88888888888889,.NET 8.0.14
MultiSequenceLearning,S12,9,1418.8020514,40.87890625,2.401,2,88.88888888888889,.NET 8.0.14
MultiSequenceLearning,S13,9,1418.8020514,40.87890625,2.401,2,88.88888888888889,.NET 8.0.14
MultiSequenceLearning,S14,9,1418.8020514,40.87890625,2.401,2,88.88888888888889,.NET 8.0.14
MultiSequenceLearning,S15,9,1418.8020514,40.87890625,2.401,2,88.88888888888889,.NET 8.0.14
MultiSequenceLearning,S16,9,1418.8020514,40.87890625,2.401,2,88.88888888888889,.NET 8.0.14
MultiSequenceLearning,S17,9,1418.8020514,40.87890625,2.401,2,88.88888888888889,.NET 8.0.14
MultiSequenceLearning,S18,9,1418.8020514,40.87890625,2.401,2,88.88888888888889,.NET 8.0.14
MultiSequenceLearning,S19,9,1418.8020514,40.87890625,2.401,2,88.88888888888889,.NET 8.0.14
MultiSequenceLearning,S20,9,1418.8020514,40.87890625,2.401,2,88.88888888888889,.NET 8.0.14
MultiSequenceLearning,S21,9,1418.8020514,40.87890625,2.401,2,88.88888888888889,.NET 8.0.14
MultiSequenceLearning,S22,9,1418.8020514,40.87890625,2.401,2,88.88888888888889,.NET 8.0.14
MultiSequenceLearning,S23,9,1418.8020514,40.87890625,2.401,2,88.88888888888889,.NET 8.0.14
MultiSequenceLearning,S24,9,1418.8020514,40.87890625,2.401,2,88.88888888888889,.NET 8.0.14
MultiSequenceLearning,S25,9,1418.8020514,40.87890625,2.401,2,88.88888888888889,.NET 8.0.14
MultiSequenceLearning,S26,9,1418.8020514,40.87890625,2.401,2,88.88888888888889,.NET 8.0.14
MultiSequenceLearning,S27,9,1418.8020514,40.87890625,2.401,2,88.88888888888889,.NET 8.0.14
MultiSequenceLearning,S28,9,1418.8020514,40.87890625,2.401,2,88.88888888888889,.NET 8.0.14
MultiSequenceLearning,S29,9,1418.8020514,40.87890625,2.401,2,88.88888888888889,.NET 8.0.14
MultiSequenceLearning,S30,9,1418.8020514,40.87890625,2.401,2,88.88888888888889,.NET 8.0.14
MultiSequenceLearning,S1,49,1418.8020514,40.87890625,2.401,2,100,.NET 8.0.14
MultiSequenceLearning,S2,49,1418.8020514,40.87890625,2.401,2,97.95918367346938,.NET 8.0.14
MultiSequenceLearning,S3,49,1418.8020514,40.87890625,2.401,2,97.95918367346938,.NET 8.0.14
MultiSequenceLearning,S4,9,1418.8020514,40.87890625,2.401,2,88.88888888888889,.NET 8.0.14
MultiSequenceLearning,S5,9,1418.8020514,40.87890625,2.401,2,88.88888888888889,.NET 8.0.14
MultiSequenceLearning,S6,9,1418.8020514,40.87890625,2.401,2,88.88888888888889,.NET 8.0.14
MultiSequenceLearning,S7,9,1418.8020514,40.87890625,2.401,2,88.88888888888889,.NET 8.0.14
MultiSequenceLearning,S8,9,1418.8020514,40.87890625,2.401,2,88.88888888888889,.NET 8.0.14
MultiSequenceLearning,S9,9,1418.8020514,40.87890625,2.401,2,88.88888888888889,.NET 8.0.14
MultiSequenceLearning,S10,9,1418.8020514,40.87890625,2.401,2,88.88888888888889,.NET 8.0.14
MultiSequenceLearning,S11,9,1418.8020514,40.87890625,2.401,2,88.88888888888889,.NET 8.0.14
MultiSequenceLearning,S12,9,1418.8020514,40.87890625,2.401,2,88.88888888888889,.NET 8.0.14
MultiSequenceLearning,S13,9,1418.8020514,40.87890625,2.401,2,88.88888888888889,.NET 8.0.14
MultiSequenceLearning,S14,9,1418.8020514,40.87890625,2.401,2,88.88888888888889,.NET 8.0.14
MultiSequenceLearning,S15,9,1418.8020514,40.87890625,2.401,2,88.88888888888889,.NET 8.0.14
MultiSequenceLearning,S16,9,1418.8020514,40.87890625,2.401,2,88.88888888888889,.NET 8.0.14
MultiSequenceLearning,S17,9,1418.8020514,40.87890625,2.401,2,88.88888888888889,.NET 8.0.14
MultiSequenceLearning,S18,9,1418.8020514,40.87890625,2.401,2,88.88888888888889,.NET 8.0.14
MultiSequenceLearning,S19,9,1418.8020514,40.87890625,2.401,2,88.88888888888889,.NET 8.0.14
MultiSequenceLearning,S20,9,1418.8020514,40.87890625,2.401,2,88.88888888888889,.NET 8.0.14
MultiSequenceLearning,S21,9,1418.8020514,40.87890625,2.401,2,88.88888888888889,.NET 8.0.14
MultiSequenceLearning,S22,9,1418.8020514,40.87890625,2.401,2,88.88888888888889,.NET 8.0.14
MultiSequenceLearning,S23,9,1418.8020514,40.87890625,2.401,2,88.88888888888889,.NET 8.0.14
MultiSequenceLearning,S24,9,1418.8020514,40.87890625,2.401,2,88.88888888888889,.NET 8.0.14
MultiSequenceLearning,S25,9,1418.8020514,40.87890625,2.401,2,88.88888888888889,.NET 8.0.14
MultiSequenceLearning,S26,9,1418.8020514,40.87890625,2.401,2,88.88888888888889,.NET 8.0.14
MultiSequenceLearning,S27,9,1418.8020514,40.87890625,2.401,2,88.88888888888889,.NET 8.0.14
MultiSequenceLearning,S28,9,1418.8020514,40.87890625,2.401,2,88.88888888888889,.NET 8.0.14
MultiSequenceLearning,S29,9,1418.8020514,40.87890625,2.401,2,88.88888888888889,.NET 8.0.14
MultiSequenceLearning,S30,9,1418.8020514,40.87890625,2.401,2,88.88888888888889,.NET 8.0.14
MultiSequenceLearning,S1,49,1418.8020514,40.87890625,2.401,2,100,.NET 8.0.14
MultiSequenceLearning,S2,49,1418.8020514,40.87890625,2.401,2,97.95918367346938,.NET 8.0.14
MultiSequenceLearning,S3,49,1418.8020514,40.87890625,2.401,2,97.95918367346938,.NET 8.0.14
MultiSequenceLearning,S4,9,1418.8020514,40.87890625,2.401,2,88.88888888888889,.NET 8.0.14
MultiSequenceLearning,S5,9,1418.8020514,40.87890625,2.401,2,88.88888888888889,.NET 8.0.14
MultiSequenceLearning,S6,9,1418.8020514,40.87890625,2.401,2,88.88888888888889,.NET 8.0.14
MultiSequenceLearning,S7,9,1418.8020514,40.87890625,2.401,2,88.88888888888889,.NET 8.0.14
MultiSequenceLearning,S8,9,1418.8020514,40.87890625,2.401,2,88.88888888888889,.NET 8.0.14
MultiSequenceLearning,S9,9,1418.8020514,40.87890625,2.401,2,88.88888888888889,.NET 8.0.14
MultiSequenceLearning,S10,9,1418.8020514,40.87890625,2.401,2,88.88888888888889,.NET 8.0.14
MultiSequenceLearning,S11,9,1418.8020514,40.87890625,2.401,2,88.88888888888889,.NET 8.0.14
MultiSequenceLearning,S12,9,1418.8020514,40.87890625,2.401,2,88.88888888888889,.NET 8.0.14
MultiSequenceLearning,S13,9,1418.8020514,40.87890625,2.401,2,88.88888888888889,.NET 8.0.14
MultiSequenceLearning,S14,9,1418.8020514,40.87890625,2.401,2,88.88888888888889,.NET 8.0.14
MultiSequenceLearning,S15,9,1418.8020514,40.87890625,2.401,2,88.88888888888889,.NET 8.0.14
MultiSequenceLearning,S16,9,1418.8020514,40.87890625,2.401,2,88.88888888888889,.NET 8.0.14
MultiSequenceLearning,S17,9,1418.8020514,40.87890625,2.401,2,88.88888888888889,.NET 8.0.14
MultiSequenceLearning,S18,9,1418.8020514,40.87890625,2.401,2,88.88888888888889,.NET 8.0.14
MultiSequenceLearning,S19,9,1418.8020514,40.87890625,2.401,2,88.88888888888889,.NET 8.0.14
MultiSequenceLearning,S20,9,1418.8020514,40.87890625,2.401,2,88.88888888888889,.NET 8.0.14
MultiSequenceLearning,S21,9,1418.8020514,40.87890625,2.401,2,88.88888888888889,.NET 8.0.14
MultiSequenceLearning,S22,9,1418.8020514,40.87890625,2.401,2,88.88888888888889,.NET 8.0.14
MultiSequenceLearning,S23,9,1418.8020514,40.87890625,2.401,2,88.88888888888889,.NET 8.0.14
MultiSequenceLearning,S24,9,1418.8020514,40.87890625,2.401,2,88.88888888888889,.NET 8.0.14
MultiSequenceLearning,S25,9,1418.8020514,40.87890625,2.401,2,88.88888888888889,.NET 8.0.14
MultiSequenceLearning,S26,9,1418.8020514,40.87890625,2.401,2,88.88888888888889,.NET 8.0.14
MultiSequenceLearning,S27,9,1418.8020514,40.87890625,2.401,2,88.88888888888889,.NET 8.0.14
MultiSequenceLearning,S28,9,1418.8020514,40.87890625,2.401,2,88.88888888888889,.NET 8.0.14
MultiSequenceLearning,S29,9,1418.8020514,40.87890625,2.401,2,88.88888888888889,.NET 8.0.14
MultiSequenceLearning,S30,9,1418.8020514,40.87890625,2.401,2,88.88888888888889,.NET 8.0.14
MultiSequenceLearning,S1,49,1418.8020514,40.87890625,2.401,2,100,.NET 8.0.14
MultiSequenceLearning,S2,49,1418.8020514,40.87890625,2.401,2,97.95918367346938,.NET 8.0.14
MultiSequenceLearning,S3,49,1418.8020514,40.87890625,2.401,2,97.95918367346938,.NET 8.0.14
MultiSequenceLearning,S4,9,1418.8020514,40.87890625,2.401,2,88.88888888888889,.NET 8.0.14
MultiSequenceLearning,S5,9,1418.8020514,40.87890625,2.401,2,88.88888888888889,.NET 8.0.14
MultiSequenceLearning,S6,9,1418.8020514,40.87890625,2.401,2,88.88888888888889,.NET 8.0.14
MultiSequenceLearning,S7,9,1418.8020514,40.87890625,2.401,2,88.88888888888889,.NET 8.0.14
MultiSequenceLearning,S8,9,1418.8020514,40.87890625,2.401,2,88.88888888888889,.NET 8.0.14
MultiSequenceLearning,S9,9,1418.8020514,40.87890625,2.401,2,88.88888888888889,.NET 8.0.14
MultiSequenceLearning,S10,9,1418.8020514,40.87890625,2.401,2,88.88888888888889,.NET 8.0.14
MultiSequenceLearning,S11,9,1418.8020514,40.87890625,2.401,2,88.88888888888889,.NET 8.0.14
MultiSequenceLearning,S12,9,1418.8020514,40.87890625,2.401,2,88.88888888888889,.NET 8.0.14
MultiSequenceLearning,S13,9,1418.8020514,40.87890625,2.401,2,88.88888888888889,.NET 8.0.14
MultiSequenceLearning,S14,9,1418.8020514,40.87890625,2.401,2,88.88888888888889,.NET 8.0.14
MultiSequenceLearning,S15,9,1418.8020514,40.87890625,2.401,2,88.88888888888889,.NET 8.0.14
MultiSequenceLearning,S16,9,1418.8020514,40.87890625,2.401,2,88.88888888888889,.NET 8.0.14
MultiSequenceLearning,S17,9,1418.8020514,40.87890625,2.401,2,88.88888888888889,.NET 8.0.14
MultiSequenceLearning,S18,9,1418.8020514,40.87890625,2.401,2,88.88888888888889,.NET 8.0.14
MultiSequenceLearning,S19,9,1418.8020514,40.87890625,2.401,2,88.88888888888889,.NET 8.0.14
MultiSequenceLearning,S20,9,1418.8020514,40.87890625,2.401,2,88.88888888888889,.NET 8.0.14
MultiSequenceLearning,S21,9,1418.8020514,40.87890625,2.401,2,88.88888888888889,.NET 8.0.14
MultiSequenceLearning,S22,9,1418.8020514,40.87890625,2.401,2,88.88888888888889,.NET 8.0.14
MultiSequenceLearning,S23,9,1418.8020514,40.87890625,2.401,2,88.88888888888889,.NET 8.0.14
MultiSequenceLearning,S24,9,1418.8020514,40.87890625,2.401,2,88.88888888888889,.NET 8.0.14
MultiSequenceLearning,S25,9,1418.8020514,40.87890625,2.401,2,88.88888888888889,.NET 8.0.14
MultiSequenceLearning,S26,9,1418.8020514,40.87890625,2.401,2,88.88888888888889,.NET 8.0.14
MultiSequenceLearning,S27,9,1418.8020514,40.87890625,2.401,2,88.88888888888889,.NET 8.0.14
MultiSequenceLearning,S28,9,1418.8020514,40.87890625,2.401,2,88.88888888888889,.NET 8.0.14
MultiSequenceLearning,S29,9,1418.8020514,40.87890625,2.401,2,88.88888888888889,.NET 8.0.14
MultiSequenceLearning,S30,9,1418.8020514,40.87890625,2.401,2,88.88888888888889,.NET 8.0.14
MultiSequenceLearning,S1,49,1266.3462395,35.37890625,2.401,2,100,.NET 8.0.14
MultiSequenceLearning,S2,49,1266.3462395,35.37890625,2.401,2,97.95918367346938,.NET 8.0.14
MultiSequenceLearning,S3,49,1266.3462395,35.37890625,2.401,2,97.95918367346938,.NET 8.0.14
MultiSequenceLearning,S4,9,1266.3462395,35.37890625,2.401,2,88.88888888888889,.NET 8.0.14
MultiSequenceLearning,S5,9,1266.3462395,35.37890625,2.401,2,88.88888888888889,.NET 8.0.14
MultiSequenceLearning,S6,9,1266.3462395,35.37890625,2.401,2,88.88888888888889,.NET 8.0.14
MultiSequenceLearning,S7,9,1266.3462395,35.37890625,2.401,2,88.88888888888889,.NET 8.0.14
MultiSequenceLearning,S8,9,1266.3462395,35.37890625,2.401,2,88.88888888888889,.NET 8.0.14
MultiSequenceLearning,S9,9,1266.3462395,35.37890625,2.401,2,88.88888888888889,.NET 8.0.14
MultiSequenceLearning,S10,9,1266.3462395,35.37890625,2.401,2,88.88888888888889,.NET 8.0.14
MultiSequenceLearning,S11,9,1266.3462395,35.37890625,2.401,2,88.88888888888889,.NET 8.0.14
MultiSequenceLearning,S12,9,1266.3462395,35.37890625,2.401,2,88.88888888888889,.NET 8.0.14
MultiSequenceLearning,S13,9,1266.3462395,35.37890625,2.401,2,88.88888888888889,.NET 8.0.14
MultiSequenceLearning,S14,9,1266.3462395,35.37890625,2.401,2,88.88888888888889,.NET 8.0.14
MultiSequenceLearning,S15,9,1266.3462395,35.37890625,2.401,2,88.88888888888889,.NET 8.0.14
MultiSequenceLearning,S16,9,1266.3462395,35.37890625,2.401,2,88.88888888888889,.NET 8.0.14
MultiSequenceLearning,S17,9,1266.3462395,35.37890625,2.401,2,88.88888888888889,.NET 8.0.14
MultiSequenceLearning,S18,9,1266.3462395,35.37890625,2.401,2,88.88888888888889,.NET 8.0.14
MultiSequenceLearning,S19,9,1266.3462395,35.37890625,2.401,2,88.88888888888889,.NET 8.0.14
MultiSequenceLearning,S20,9,1266.3462395,35.37890625,2.401,2,88.88888888888889,.NET 8.0.14
MultiSequenceLearning,S21,9,1266.3462395,35.37890625,2.401,2,88.88888888888889,.NET 8.0.14
MultiSequenceLearning,S22,9,1266.3462395,35.37890625,2.401,2,88.88888888888889,.NET 8.0.14
MultiSequenceLearning,S23,9,1266.3462395,35.37890625,2.401,2,88.88888888888889,.NET 8.0.14
MultiSequenceLearning,S24,9,1266.3462395,35.37890625,2.401,2,88.88888888888889,.NET 8.0.14
MultiSequenceLearning,S25,9,1266.3462395,35.37890625,2.401,2,88.88888888888889,.NET 8.0.14
MultiSequenceLearning,S26,9,1266.3462395,35.37890625,2.401,2,88.88888888888889,.NET 8.0.14
MultiSequenceLearning,S27,9,1266.3462395,35.37890625,2.401,2,88.88888888888889,.NET 8.0.14
MultiSequenceLearning,S28,9,1266.3462395,35.37890625,2.401,2,88.88888888888889,.NET 8.0.14
MultiSequenceLearning,S29,9,1266.3462395,35.37890625,2.401,2,88.88888888888889,.NET 8.0.14
MultiSequenceLearning,S30,9,1266.3462395,35.37890625,2.401,2,88.88888888888889,.NET 8.0.14
MultiSequenceLearning,S1,49,1266.3462395,35.37890625,2.401,2,100,.NET 8.0.14
MultiSequenceLearning,S2,49,1266.3462395,35.37890625,2.401,2,97.95918367346938,.NET 8.0.14
MultiSequenceLearning,S3,49,1266.3462395,35.37890625,2.401,2,97.95918367346938,.NET 8.0.14
MultiSequenceLearning,S4,9,1266.3462395,35.37890625,2.401,2,88.88888888888889,.NET 8.0.14
MultiSequenceLearning,S5,9,1266.3462395,35.37890625,2.401,2,88.88888888888889,.NET 8.0.14
MultiSequenceLearning,S6,9,1266.3462395,35.37890625,2.401,2,88.88888888888889,.NET 8.0.14
MultiSequenceLearning,S7,9,1266.3462395,35.37890625,2.401,2,88.88888888888889,.NET 8.0.14
MultiSequenceLearning,S8,9,1266.3462395,35.37890625,2.401,2,88.88888888888889,.NET 8.0.14
MultiSequenceLearning,S9,9,1266.3462395,35.37890625,2.401,2,88.88888888888889,.NET 8.0.14
MultiSequenceLearning,S10,9,1266.3462395,35.37890625,2.401,2,88.88888888888889,.NET 8.0.14
MultiSequenceLearning,S11,9,1266.3462395,35.37890625,2.401,2,88.88888888888889,.NET 8.0.14
MultiSequenceLearning,S12,9,1266.3462395,35.37890625,2.401,2,88.88888888888889,.NET 8.0.14
MultiSequenceLearning,S13,9,1266.3462395,35.37890625,2.401,2,88.88888888888889,.NET 8.0.14
MultiSequenceLearning,S14,9,1266.3462395,35.37890625,2.401,2,88.88888888888889,.NET 8.0.14
MultiSequenceLearning,S15,9,1266.3462395,35.37890625,2.401,2,88.88888888888889,.NET 8.0.14
MultiSequenceLearning,S16,9,1266.3462395,35.37890625,2.401,2,88.88888888888889,.NET 8.0.14
MultiSequenceLearning,S17,9,1266.3462395,35.37890625,2.401,2,88.88888888888889,.NET 8.0.14
MultiSequenceLearning,S18,9,1266.3462395,35.37890625,2.401,2,88.88888888888889,.NET 8.0.14
MultiSequenceLearning,S19,9,1266.3462395,35.37890625,2.401,2,88.88888888888889,.NET 8.0.14
MultiSequenceLearning,S20,9,1266.3462395,35.37890625,2.401,2,88.88888888888889,.NET 8.0.14
MultiSequenceLearning,S21,9,1266.3462395,35.37890625,2.401,2,88.88888888888889,.NET 8.0.14
MultiSequenceLearning,S22,9,1266.3462395,35.37890625,2.401,2,88.88888888888889,.NET 8.0.14
MultiSequenceLearning,S23,9,1266.3462395,35.37890625,2.401,2,88.88888888888889,.NET 8.0.14
MultiSequenceLearning,S24,9,1266.3462395,35.37890625,2.401,2,88.88888888888889,.NET 8.0.14
MultiSequenceLearning,S25,9,1266.3462395,35.37890625,2.401,2,88.88888888888889,.NET 8.0.14
MultiSequenceLearning,S26,9,1266.3462395,35.37890625,2.401,2,88.88888888888889,.NET 8.0.14
MultiSequenceLearning,S27,9,1266.3462395,35.37890625,2.401,2,88.88888888888889,.NET 8.0.14
MultiSequenceLearning,S28,9,1266.3462395,35.37890625,2.401,2,88.88888888888889,.NET 8.0.14
MultiSequenceLearning,S29,9,1266.3462395,35.37890625,2.401,2,88.88888888888889,.NET 8.0.14
MultiSequenceLearning,S30,9,1266.3462395,35.37890625,2.401,2,88.88888888888889,.NET 8.0.14
MultiSequenceLearning,S1,49,1266.3462395,35.37890625,2.401,2,100,.NET 8.0.14
MultiSequenceLearning,S2,49,1266.3462395,35.37890625,2.401,2,97.95918367346938,.NET 8.0.14
MultiSequenceLearning,S3,49,1266.3462395,35.37890625,2.401,2,97.95918367346938,.NET 8.0.14
MultiSequenceLearning,S4,9,1266.3462395,35.37890625,2.401,2,88.88888888888889,.NET 8.0.14
MultiSequenceLearning,S5,9,1266.3462395,35.37890625,2.401,2,88.88888888888889,.NET 8.0.14
MultiSequenceLearning,S6,9,1266.3462395,35.37890625,2.401,2,88.88888888888889,.NET 8.0.14
MultiSequenceLearning,S7,9,1266.3462395,35.37890625,2.401,2,88.88888888888889,.NET 8.0.14
MultiSequenceLearning,S8,9,1266.3462395,35.37890625,2.401,2,88.88888888888889,.NET 8.0.14
MultiSequenceLearning,S9,9,1266.3462395,35.37890625,2.401,2,88.88888888888889,.NET 8.0.14
MultiSequenceLearning,S10,9,1266.3462395,35.37890625,2.401,2,88.88888888888889,.NET 8.0.14
MultiSequenceLearning,S11,9,1266.3462395,35.37890625,2.401,2,88.88888888888889,.NET 8.0.14
MultiSequenceLearning,S12,9,1266.3462395,35.37890625,2.401,2,88.88888888888889,.NET 8.0.14
MultiSequenceLearning,S13,9,1266.3462395,35.37890625,2.401,2,88.88888888888889,.NET 8.0.14
MultiSequenceLearning,S14,9,1266.3462395,35.37890625,2.401,2,88.88888888888889,.NET 8.0.14
MultiSequenceLearning,S15,9,1266.3462395,35.37890625,2.401,2,88.88888888888889,.NET 8.0.14
MultiSequenceLearning,S16,9,1266.3462395,35.37890625,2.401,2,88.88888888888889,.NET 8.0.14
MultiSequenceLearning,S17,9,1266.3462395,35.37890625,2.401,2,88.88888888888889,.NET 8.0.14
MultiSequenceLearning,S18,9,1266.3462395,35.37890625,2.401,2,88.88888888888889,.NET 8.0.14
MultiSequenceLearning,S19,9,1266.3462395,35.37890625,2.401,2,88.88888888888889,.NET 8.0.14
MultiSequenceLearning,S20,9,1266.3462395,35.37890625,2.401,2,88.88888888888889,.NET 8.0.14
MultiSequenceLearning,S21,9,1266.3462395,35.37890625,2.401,2,88.88888888888889,.NET 8.0.14
MultiSequenceLearning,S22,9,1266.3462395,35.37890625,2.401,2,88.88888888888889,.NET 8.0.14
MultiSequenceLearning,S23,9,1266.3462395,35.37890625,2.401,2,88.88888888888889,.NET 8.0.14
MultiSequenceLearning,S24,9,1266.3462395,35.37890625,2.401,2,88.88888888888889,.NET 8.0.14
MultiSequenceLearning,S25,9,1266.3462395,35.37890625,2.401,2,88.88888888888889,.NET 8.0.14
MultiSequenceLearning,S26,9,1266.3462395,35.37890625,2.401,2,88.88888888888889,.NET 8.0.14
MultiSequenceLearning,S27,9,1266.3462395,35.37890625,2.401,2,88.88888888888889,.NET 8.0.14
MultiSequenceLearning,S28,9,1266.3462395,35.37890625,2.401,2,88.88888888888889,.NET 8.0.14
MultiSequenceLearning,S29,9,1266.3462395,35.37890625,2.401,2,88.88888888888889,.NET 8.0.14
MultiSequenceLearning,S30,9,1266.3462395,35.37890625,2.401,2,88.88888888888889,.NET 8.0.14
MultiSequenceLearning,S1,49,1266.3462395,35.37890625,2.401,2,100,.NET 8.0.14
MultiSequenceLearning,S2,49,1266.3462395,35.37890625,2.401,2,97.95918367346938,.NET 8.0.14
MultiSequenceLearning,S3,49,1266.3462395,35.37890625,2.401,2,97.95918367346938,.NET 8.0.14
MultiSequenceLearning,S4,9,1266.3462395,35.37890625,2.401,2,88.88888888888889,.NET 8.0.14
MultiSequenceLearning,S5,9,1266.3462395,35.37890625,2.401,2,88.88888888888889,.NET 8.0.14
MultiSequenceLearning,S6,9,1266.3462395,35.37890625,2.401,2,88.88888888888889,.NET 8.0.14
MultiSequenceLearning,S7,9,1266.3462395,35.37890625,2.401,2,88.88888888888889,.NET 8.0.14
MultiSequenceLearning,S8,9,1266.3462395,35.37890625,2.401,2,88.88888888888889,.NET 8.0.14
MultiSequenceLearning,S9,9,1266.3462395,35.37890625,2.401,2,88.88888888888889,.NET 8.0.14
MultiSequenceLearning,S10,9,1266.3462395,35.37890625,2.401,2,88.88888888888889,.NET 8.0.14
MultiSequenceLearning,S11,9,1266.3462395,35.37890625,2.401,2,88.88888888888889,.NET 8.0.14
MultiSequenceLearning,S12,9,1266.3462395,35.37890625,2.401,2,88.88888888888889,.NET 8.0.14
MultiSequenceLearning,S13,9,1266.3462395,35.37890625,2.401,2,88.88888888888889,.NET 8.0.14
MultiSequenceLearning,S14,9,1266.3462395,35.37890625,2.401,2,88.88888888888889,.NET 8.0.14
MultiSequenceLearning,S15,9,1266.3462395,35.37890625,2.401,2,88.88888888888889,.NET 8.0.14
MultiSequenceLearning,S16,9,1266.3462395,35.37890625,2.401,2,88.88888888888889,.NET 8.0.14
MultiSequenceLearning,S17,9,1266.3462395,35.37890625,2.401,2,88.88888888888889,.NET 8.0.14
MultiSequenceLearning,S18,9,1266.3462395,35.37890625,2.401,2,88.88888888888889,.NET 8.0.14
MultiSequenceLearning,S19,9,1266.3462395,35.37890625,2.401,2,88.88888888888889,.NET 8.0.14
MultiSequenceLearning,S20,9,1266.3462395,35.37890625,2.401,2,88.88888888888889,.NET 8.0.14
MultiSequenceLearning,S21,9,1266.3462395,35.37890625,2.401,2,88.88888888888889,.NET 8.0.14
MultiSequenceLearning,S22,9,1266.3462395,35.37890625,2.401,2,88.88888888888889,.NET 8.0.14
MultiSequenceLearning,S23,9,1266.3462395,35.37890625,2.401,2,88.88888888888889,.NET 8.0.14
MultiSequenceLearning,S24,9,1266.3462395,35.37890625,2.401,2,88.88888888888889,.NET 8.0.14
MultiSequenceLearning,S25,9,1266.3462395,35.37890625,2.401,2,88.88888888888889,.NET 8.0.14
MultiSequenceLearning,S26,9,1266.3462395,35.37890625,2.401,2,88.88888888888889,.NET 8.0.14
MultiSequenceLearning,S27,9,1266.3462395,35.37890625,2.401,2,88.88888888888889,.NET 8.0.14
MultiSequenceLearning,S28,9,1266.3462395,35.37890625,2.401,2,88.88888888888889,.NET 8.0.14
MultiSequenceLearning,S29,9,1266.3462395,35.37890625,2.401,2,88.88888888888889,.NET 8.0.14
MultiSequenceLearning,S30,9,1266.3462395,35.37890625,2.401,2,88.88888888888889,.NET 8.0.14
MultiSequenceLearning,S1,49,1287.1619008,36.265625,2.401,2,100,.NET 8.0.14
MultiSequenceLearning,S2,49,1287.1619008,36.265625,2.401,2,97.95918367346938,.NET 8.0.14
MultiSequenceLearning,S3,49,1287.1619008,36.265625,2.401,2,97.95918367346938,.NET 8.0.14
MultiSequenceLearning,S4,9,1287.1619008,36.265625,2.401,2,88.88888888888889,.NET 8.0.14
MultiSequenceLearning,S5,9,1287.1619008,36.265625,2.401,2,88.88888888888889,.NET 8.0.14
MultiSequenceLearning,S6,9,1287.1619008,36.265625,2.401,2,88.88888888888889,.NET 8.0.14
MultiSequenceLearning,S7,9,1287.1619008,36.265625,2.401,2,88.88888888888889,.NET 8.0.14
MultiSequenceLearning,S8,9,1287.1619008,36.265625,2.401,2,88.88888888888889,.NET 8.0.14
MultiSequenceLearning,S9,9,1287.1619008,36.265625,2.401,2,88.88888888888889,.NET 8.0.14
MultiSequenceLearning,S10,9,1287.1619008,36.265625,2.401,2,88.88888888888889,.NET 8.0.14
MultiSequenceLearning,S11,9,1287.1619008,36.265625,2.401,2,88.88888888888889,.NET 8.0.14
MultiSequenceLearning,S12,9,1287.1619008,36.265625,2.401,2,88.88888888888889,.NET 8.0.14
MultiSequenceLearning,S13,9,1287.1619008,36.265625,2.401,2,88.88888888888889,.NET 8.0.14
MultiSequenceLearning,S14,9,1287.1619008,36.265625,2.401,2,88.88888888888889,.NET 8.0.14
MultiSequenceLearning,S15,9,1287.1619008,36.265625,2.401,2,88.88888888888889,.NET 8.0.14
MultiSequenceLearning,S16,9,1287.1619008,36.265625,2.401,2,88.88888888888889,.NET 8.0.14
MultiSequenceLearning,S17,9,1287.1619008,36.265625,2.401,2,88.88888888888889,.NET 8.0.14
MultiSequenceLearning,S18,9,1287.1619008,36.265625,2.401,2,88.88888888888889,.NET 8.0.14
MultiSequenceLearning,S19,9,1287.1619008,36.265625,2.401,2,88.88888888888889,.NET 8.0.14
MultiSequenceLearning,S20,9,1287.1619008,36.265625,2.401,2,88.88888888888889,.NET 8.0.14
MultiSequenceLearning,S21,9,1287.1619008,36.265625,2.401,2,88.88888888888889,.NET 8.0.14
MultiSequenceLearning,S22,9,1287.1619008,36.265625,2.401,2,88.88888888888889,.NET 8.0.14
MultiSequenceLearning,S23,9,1287.1619008,36.265625,2.401,2,88.88888888888889,.NET 8.0.14
MultiSequenceLearning,S24,9,1287.1619008,36.265625,2.401,2,88.88888888888889,.NET 8.0.14
MultiSequenceLearning,S25,9,1287.1619008,36.265625,2.401,2,88.88888888888889,.NET 8.0.14
MultiSequenceLearning,S26,9,1287.1619008,36.265625,2.401,2,88.88888888888889,.NET 8.0.14
MultiSequenceLearning,S27,9,1287.1619008,36.265625,2.401,2,88.88888888888889,.NET 8.0.14
MultiSequenceLearning,S28,9,1287.1619008,36.265625,2.401,2,88.88888888888889,.NET 8.0.14
MultiSequenceLearning,S29,9,1287.1619008,36.265625,2.401,2,88.88888888888889,.NET 8.0.14
MultiSequenceLearning,S30,9,1287.1619008,36.265625,2.401,2,88.88888888888889,.NET 8.0.14
MultiSequenceLearning,S1,49,1287.1619008,36.265625,2.401,2,100,.NET 8.0.14
MultiSequenceLearning,S2,49,1287.1619008,36.265625,2.401,2,97.95918367346938,.NET 8.0.14
MultiSequenceLearning,S3,49,1287.1619008,36.265625,2.401,2,97.95918367346938,.NET 8.0.14
MultiSequenceLearning,S4,9,1287.1619008,36.265625,2.401,2,88.88888888888889,.NET 8.0.14
MultiSequenceLearning,S5,9,1287.1619008,36.265625,2.401,2,88.88888888888889,.NET 8.0.14
MultiSequenceLearning,S6,9,1287.1619008,36.265625,2.401,2,88.88888888888889,.NET 8.0.14
MultiSequenceLearning,S7,9,1287.1619008,36.265625,2.401,2,88.88888888888889,.NET 8.0.14
MultiSequenceLearning,S8,9,1287.1619008,36.265625,2.401,2,88.88888888888889,.NET 8.0.14
MultiSequenceLearning,S9,9,1287.1619008,36.265625,2.401,2,88.88888888888889,.NET 8.0.14
MultiSequenceLearning,S10,9,1287.1619008,36.265625,2.401,2,88.88888888888889,.NET 8.0.14
MultiSequenceLearning,S11,9,1287.1619008,36.265625,2.401,2,88.88888888888889,.NET 8.0.14
MultiSequenceLearning,S12,9,1287.1619008,36.265625,2.401,2,88.88888888888889,.NET 8.0.14
MultiSequenceLearning,S13,9,1287.1619008,36.265625,2.401,2,88.88888888888889,.NET 8.0.14
MultiSequenceLearning,S14,9,1287.1619008,36.265625,2.401,2,88.88888888888889,.NET 8.0.14
MultiSequenceLearning,S15,9,1287.1619008,36.265625,2.401,2,88.88888888888889,.NET 8.0.14
MultiSequenceLearning,S16,9,1287.1619008,36.265625,2.401,2,88.88888888888889,.NET 8.0.14
MultiSequenceLearning,S17,9,1287.1619008,36.265625,2.401,2,88.88888888888889,.NET 8.0.14
MultiSequenceLearning,S18,9,1287.1619008,36.265625,2.401,2,88.88888888888889,.NET 8.0.14
MultiSequenceLearning,S19,9,1287.1619008,36.265625,2.401,2,88.88888888888889,.NET 8.0.14
MultiSequenceLearning,S20,9,1287.1619008,36.265625,2.401,2,88.88888888888889,.NET 8.0.14
MultiSequenceLearning,S21,9,1287.1619008,36.265625,2.401,2,88.88888888888889,.NET 8.0.14
MultiSequenceLearning,S22,9,1287.1619008,36.265625,2.401,2,88.88888888888889,.NET 8.0.14
MultiSequenceLearning,S23,9,1287.1619008,36.265625,2.401,2,88.88888888888889,.NET 8.0.14
MultiSequenceLearning,S24,9,1287.1619008,36.265625,2.401,2,88.88888888888889,.NET 8.0.14
MultiSequenceLearning,S25,9,1287.1619008,36.265625,2.401,2,88.88888888888889,.NET 8.0.14
MultiSequenceLearning,S26,9,1287.1619008,36.265625,2.401,2,88.88888888888889,.NET 8.0.14
MultiSequenceLearning,S27,9,1287.1619008,36.265625,2.401,2,88.88888888888889,.NET 8.0.14
MultiSequenceLearning,S28,9,1287.1619008,36.265625,2.401,2,88.88888888888889,.NET 8.0.14
MultiSequenceLearning,S29,9,1287.1619008,36.265625,2.401,2,88.88888888888889,.NET 8.0.14
MultiSequenceLearning,S30,9,1287.1619008,36.265625,2.401,2,88.88888888888889,.NET 8.0.14
MultiSequenceLearning,S1,49,1287.1619008,36.265625,2.401,2,100,.NET 8.0.14
MultiSequenceLearning,S2,49,1287.1619008,36.265625,2.401,2,97.95918367346938,.NET 8.0.14
MultiSequenceLearning,S3,49,1287.1619008,36.265625,2.401,2,97.95918367346938,.NET 8.0.14
MultiSequenceLearning,S4,9,1287.1619008,36.265625,2.401,2,88.88888888888889,.NET 8.0.14
MultiSequenceLearning,S5,9,1287.1619008,36.265625,2.401,2,88.88888888888889,.NET 8.0.14
MultiSequenceLearning,S6,9,1287.1619008,36.265625,2.401,2,88.88888888888889,.NET 8.0.14
MultiSequenceLearning,S7,9,1287.1619008,36.265625,2.401,2,88.88888888888889,.NET 8.0.14
MultiSequenceLearning,S8,9,1287.1619008,36.265625,2.401,2,88.88888888888889,.NET 8.0.14
MultiSequenceLearning,S9,9,1287.1619008,36.265625,2.401,2,88.88888888888889,.NET 8.0.14
MultiSequenceLearning,S10,9,1287.1619008,36.265625,2.401,2,88.88888888888889,.NET 8.0.14
MultiSequenceLearning,S11,9,1287.1619008,36.265625,2.401,2,88.88888888888889,.NET 8.0.14
MultiSequenceLearning,S12,9,1287.1619008,36.265625,2.401,2,88.88888888888889,.NET 8.0.14
MultiSequenceLearning,S13,9,1287.1619008,36.265625,2.401,2,88.88888888888889,.NET 8.0.14
MultiSequenceLearning,S14,9,1287.1619008,36.265625,2.401,2,88.88888888888889,.NET 8.0.14
MultiSequenceLearning,S15,9,1287.1619008,36.265625,2.401,2,88.88888888888889,.NET 8.0.14
MultiSequenceLearning,S16,9,1287.1619008,36.265625,2.401,2,88.88888888888889,.NET 8.0.14
MultiSequenceLearning,S17,9,1287.1619008,36.265625,2.401,2,88.88888888888889,.NET 8.0.14
MultiSequenceLearning,S18,9,1287.1619008,36.265625,2.401,2,88.88888888888889,.NET 8.0.14
MultiSequenceLearning,S19,9,1287.1619008,36.265625,2.401,2,88.88888888888889,.NET 8.0.14
MultiSequenceLearning,S20,9,1287.1619008,36.265625,2.401,2,88.88888888888889,.NET 8.0.14
MultiSequenceLearning,S21,9,1287.1619008,36.265625,2.401,2,88.88888888888889,.NET 8.0.14
MultiSequenceLearning,S22,9,1287.1619008,36.265625,2.401,2,88.88888888888889,.NET 8.0.14
MultiSequenceLearning,S23,9,1287.1619008,36.265625,2.401,2,88.88888888888889,.NET 8.0.14
MultiSequenceLearning,S24,9,1287.1619008,36.265625,2.401,2,88.88888888888889,.NET 8.0.14
MultiSequenceLearning,S25,9,1287.1619008,36.265625,2.401,2,88.88888888888889,.NET 8.0.14
MultiSequenceLearning,S26,9,1287.1619008,36.265625,2.401,2,88.88888888888889,.NET 8.0.14
MultiSequenceLearning,S27,9,1287.1619008,36.265625,2.401,2,88.88888888888889,.NET 8.0.14
MultiSequenceLearning,S28,9,1287.1619008,36.265625,2.401,2,88.88888888888889,.NET 8.0.14
MultiSequenceLearning,S29,9,1287.1619008,36.265625,2.401,2,88.88888888888889,.NET 8.0.14
MultiSequenceLearning,S30,9,1287.1619008,36.265625,2.401,2,88.88888888888889,.NET 8.0.14
MultiSequenceLearning,S1,49,1287.1619008,36.265625,2.401,2,100,.NET 8.0.14
MultiSequenceLearning,S2,49,1287.1619008,36.265625,2.401,2,97.95918367346938,.NET 8.0.14
MultiSequenceLearning,S3,49,1287.1619008,36.265625,2.401,2,97.95918367346938,.NET 8.0.14
MultiSequenceLearning,S4,9,1287.1619008,36.265625,2.401,2,88.88888888888889,.NET 8.0.14
MultiSequenceLearning,S5,9,1287.1619008,36.265625,2.401,2,88.88888888888889,.NET 8.0.14
MultiSequenceLearning,S6,9,1287.1619008,36.265625,2.401,2,88.88888888888889,.NET 8.0.14
MultiSequenceLearning,S7,9,1287.1619008,36.265625,2.401,2,88.88888888888889,.NET 8.0.14
MultiSequenceLearning,S8,9,1287.1619008,36.265625,2.401,2,88.88888888888889,.NET 8.0.14
MultiSequenceLearning,S9,9,1287.1619008,36.265625,2.401,2,88.88888888888889,.NET 8.0.14
MultiSequenceLearning,S10,9,1287.1619008,36.265625,2.401,2,88.88888888888889,.NET 8.0.14
MultiSequenceLearning,S11,9,1287.1619008,36.265625,2.401,2,88.88888888888889,.NET 8.0.14
MultiSequenceLearning,S12,9,1287.1619008,36.265625,2.401,2,88.88888888888889,.NET 8.0.14
MultiSequenceLearning,S13,9,1287.1619008,36.265625,2.401,2,88.88888888888889,.NET 8.0.14
MultiSequenceLearning,S14,9,1287.1619008,36.265625,2.401,2,88.88888888888889,.NET 8.0.14
MultiSequenceLearning,S15,9,1287.1619008,36.265625,2.401,2,88.88888888888889,.NET 8.0.14
MultiSequenceLearning,S16,9,1287.1619008,36.265625,2.401,2,88.88888888888889,.NET 8.0.14
MultiSequenceLearning,S17,9,1287.1619008,36.265625,2.401,2,88.88888888888889,.NET 8.0.14
MultiSequenceLearning,S18,9,1287.1619008,36.265625,2.401,2,88.88888888888889,.NET 8.0.14
MultiSequenceLearning,S19,9,1287.1619008,36.265625,2.401,2,88.88888888888889,.NET 8.0.14
MultiSequenceLearning,S20,9,1287.1619008,36.265625,2.401,2,88.88888888888889,.NET 8.0.14
MultiSequenceLearning,S21,9,1287.1619008,36.265625,2.401,2,88.88888888888889,.NET 8.0.14
MultiSequenceLearning,S22,9,1287.1619008,36.265625,2.401,2,88.88888888888889,.NET 8.0.14
MultiSequenceLearning,S23,9,1287.1619008,36.265625,2.401,2,88.88888888888889,.NET 8.0.14
MultiSequenceLearning,S24,9,1287.1619008,36.265625,2.401,2,88.88888888888889,.NET 8.0.14
MultiSequenceLearning,S25,9,1287.1619008,36.265625,2.401,2,88.88888888888889,.NET 8.0.14
MultiSequenceLearning,S26,9,1287.1619008,36.265625,2.401,2,88.88888888888889,.NET 8.0.14
MultiSequenceLearning,S27,9,1287.1619008,36.265625,2.401,2,88.88888888888889,.NET 8.0.14
MultiSequenceLearning,S28,9,1287.1619008,36.265625,2.401,2,88.88888888888889,.NET 8.0.14
MultiSequenceLearning,S29,9,1287.1619008,36.265625,2.401,2,88.88888888888889,.NET 8.0.14
MultiSequenceLearning,S30,9,1287.1619008,36.265625,2.401,2,88.88888888888889,.NET 8.0.14
MultiSequenceLearning,S1,49,1153.7050109,35.58984375,2.401,2,100,.NET 8.0.14
MultiSequenceLearning,S2,49,1153.7050109,35.58984375,2.401,2,97.95918367346938,.NET 8.0.14
MultiSequenceLearning,S3,49,1153.7050109,35.58984375,2.401,2,97.95918367346938,.NET 8.0.14
MultiSequenceLearning,S4,9,1153.7050109,35.58984375,2.401,2,88.88888888888889,.NET 8.0.14
MultiSequenceLearning,S5,9,1153.7050109,35.58984375,2.401,2,88.88888888888889,.NET 8.0.14
MultiSequenceLearning,S6,9,1153.7050109,35.58984375,2.401,2,88.88888888888889,.NET 8.0.14
MultiSequenceLearning,S7,9,1153.7050109,35.58984375,2.401,2,88.88888888888889,.NET 8.0.14
MultiSequenceLearning,S8,9,1153.7050109,35.58984375,2.401,2,88.88888888888889,.NET 8.0.14
MultiSequenceLearning,S9,9,1153.7050109,35.58984375,2.401,2,88.88888888888889,.NET 8.0.14
MultiSequenceLearning,S10,9,1153.7050109,35.58984375,2.401,2,88.88888888888889,.NET 8.0.14
MultiSequenceLearning,S11,9,1153.7050109,35.58984375,2.401,2,88.88888888888889,.NET 8.0.14
MultiSequenceLearning,S12,9,1153.7050109,35.58984375,2.401,2,88.88888888888889,.NET 8.0.14
MultiSequenceLearning,S13,9,1153.7050109,35.58984375,2.401,2,88.88888888888889,.NET 8.0.14
MultiSequenceLearning,S14,9,1153.7050109,35.58984375,2.401,2,88.88888888888889,.NET 8.0.14
MultiSequenceLearning,S15,9,1153.7050109,35.58984375,2.401,2,88.88888888888889,.NET 8.0.14
MultiSequenceLearning,S16,9,1153.7050109,35.58984375,2.401,2,88.88888888888889,.NET 8.0.14
MultiSequenceLearning,S17,9,1153.7050109,35.58984375,2.401,2,88.88888888888889,.NET 8.0.14
MultiSequenceLearning,S18,9,1153.7050109,35.58984375,2.401,2,88.88888888888889,.NET 8.0.14
MultiSequenceLearning,S19,9,1153.7050109,35.58984375,2.401,2,88.88888888888889,.NET 8.0.14
MultiSequenceLearning,S20,9,1153.7050109,35.58984375,2.401,2,88.88888888888889,.NET 8.0.14
MultiSequenceLearning,S21,9,1153.7050109,35.58984375,2.401,2,88.88888888888889,.NET 8.0.14
MultiSequenceLearning,S22,9,1153.7050109,35.58984375,2.401,2,88.88888888888889,.NET 8.0.14
MultiSequenceLearning,S23,9,1153.7050109,35.58984375,2.401,2,88.88888888888889,.NET 8.0.14
MultiSequenceLearning,S24,9,1153.7050109,35.58984375,2.401,2,88.88888888888889,.NET 8.0.14
MultiSequenceLearning,S25,9,1153.7050109,35.58984375,2.401,2,88.88888888888889,.NET 8.0.14
MultiSequenceLearning,S26,9,1153.7050109,35.58984375,2.401,2,88.88888888888889,.NET 8.0.14
MultiSequenceLearning,S27,9,1153.7050109,35.58984375,2.401,2,88.88888888888889,.NET 8.0.14
MultiSequenceLearning,S28,9,1153.7050109,35.58984375,2.401,2,88.88888888888889,.NET 8.0.14
MultiSequenceLearning,S29,9,1153.7050109,35.58984375,2.401,2,88.88888888888889,.NET 8.0.14
MultiSequenceLearning,S30,9,1153.7050109,35.58984375,2.401,2,88.88888888888889,.NET 8.0.14
MultiSequenceLearning,S1,49,1153.7050109,35.58984375,2.401,2,100,.NET 8.0.14
MultiSequenceLearning,S2,49,1153.7050109,35.58984375,2.401,2,97.95918367346938,.NET 8.0.14
MultiSequenceLearning,S3,49,1153.7050109,35.58984375,2.401,2,97.95918367346938,.NET 8.0.14
MultiSequenceLearning,S4,9,1153.7050109,35.58984375,2.401,2,88.88888888888889,.NET 8.0.14
MultiSequenceLearning,S5,9,1153.7050109,35.58984375,2.401,2,88.88888888888889,.NET 8.0.14
MultiSequenceLearning,S6,9,1153.7050109,35.58984375,2.401,2,88.88888888888889,.NET 8.0.14
MultiSequenceLearning,S7,9,1153.7050109,35.58984375,2.401,2,88.88888888888889,.NET 8.0.14
MultiSequenceLearning,S8,9,1153.7050109,35.58984375,2.401,2,88.88888888888889,.NET 8.0.14
MultiSequenceLearning,S9,9,1153.7050109,35.58984375,2.401,2,88.88888888888889,.NET 8.0.14
MultiSequenceLearning,S10,9,1153.7050109,35.58984375,2.401,2,88.88888888888889,.NET 8.0.14
MultiSequenceLearning,S11,9,1153.7050109,35.58984375,2.401,2,88.88888888888889,.NET 8.0.14
MultiSequenceLearning,S12,9,1153.7050109,35.58984375,2.401,2,88.88888888888889,.NET 8.0.14
MultiSequenceLearning,S13,9,1153.7050109,35.58984375,2.401,2,88.88888888888889,.NET 8.0.14
MultiSequenceLearning,S14,9,1153.7050109,35.58984375,2.401,2,88.88888888888889,.NET 8.0.14
MultiSequenceLearning,S15,9,1153.7050109,35.58984375,2.401,2,88.88888888888889,.NET 8.0.14
MultiSequenceLearning,S16,9,1153.7050109,35.58984375,2.401,2,88.88888888888889,.NET 8.0.14
MultiSequenceLearning,S17,9,1153.7050109,35.58984375,2.401,2,88.88888888888889,.NET 8.0.14
MultiSequenceLearning,S18,9,1153.7050109,35.58984375,2.401,2,88.88888888888889,.NET 8.0.14
MultiSequenceLearning,S19,9,1153.7050109,35.58984375,2.401,2,88.88888888888889,.NET 8.0.14
MultiSequenceLearning,S20,9,1153.7050109,35.58984375,2.401,2,88.88888888888889,.NET 8.0.14
MultiSequenceLearning,S21,9,1153.7050109,35.58984375,2.401,2,88.88888888888889,.NET 8.0.14
MultiSequenceLearning,S22,9,1153.7050109,35.58984375,2.401,2,88.88888888888889,.NET 8.0.14
MultiSequenceLearning,S23,9,1153.7050109,35.58984375,2.401,2,88.88888888888889,.NET 8.0.14
MultiSequenceLearning,S24,9,1153.7050109,35.58984375,2.401,2,88.88888888888889,.NET 8.0.14
MultiSequenceLearning,S25,9,1153.7050109,35.58984375,2.401,2,88.88888888888889,.NET 8.0.14
MultiSequenceLearning,S26,9,1153.7050109,35.58984375,2.401,2,88.88888888888889,.NET 8.0.14
MultiSequenceLearning,S27,9,1153.7050109,35.58984375,2.401,2,88.88888888888889,.NET 8.0.14
MultiSequenceLearning,S28,9,1153.7050109,35.58984375,2.401,2,88.88888888888889,.NET 8.0.14
MultiSequenceLearning,S29,9,1153.7050109,35.58984375,2.401,2,88.88888888888889,.NET 8.0.14
MultiSequenceLearning,S30,9,1153.7050109,35.58984375,2.401,2,88.88888888888889,.NET 8.0.14
MultiSequenceLearning,S1,49,1153.7050109,35.58984375,2.401,2,100,.NET 8.0.14
MultiSequenceLearning,S2,49,1153.7050109,35.58984375,2.401,2,97.95918367346938,.NET 8.0.14
MultiSequenceLearning,S3,49,1153.7050109,35.58984375,2.401,2,97.95918367346938,.NET 8.0.14
MultiSequenceLearning,S4,9,1153.7050109,35.58984375,2.401,2,88.88888888888889,.NET 8.0.14
MultiSequenceLearning,S5,9,1153.7050109,35.58984375,2.401,2,88.88888888888889,.NET 8.0.14
MultiSequenceLearning,S6,9,1153.7050109,35.58984375,2.401,2,88.88888888888889,.NET 8.0.14
MultiSequenceLearning,S7,9,1153.7050109,35.58984375,2.401,2,88.88888888888889,.NET 8.0.14
MultiSequenceLearning,S8,9,1153.7050109,35.58984375,2.401,2,88.88888888888889,.NET 8.0.14
MultiSequenceLearning,S9,9,1153.7050109,35.58984375,2.401,2,88.88888888888889,.NET 8.0.14
MultiSequenceLearning,S10,9,1153.7050109,35.58984375,2.401,2,88.88888888888889,.NET 8.0.14
MultiSequenceLearning,S11,9,1153.7050109,35.58984375,2.401,2,88.88888888888889,.NET 8.0.14
MultiSequenceLearning,S12,9,1153.7050109,35.58984375,2.401,2,88.88888888888889,.NET 8.0.14
MultiSequenceLearning,S13,9,1153.7050109,35.58984375,2.401,2,88.88888888888889,.NET 8.0.14
MultiSequenceLearning,S14,9,1153.7050109,35.58984375,2.401,2,88.88888888888889,.NET 8.0.14
MultiSequenceLearning,S15,9,1153.7050109,35.58984375,2.401,2,88.88888888888889,.NET 8.0.14
MultiSequenceLearning,S16,9,1153.7050109,35.58984375,2.401,2,88.88888888888889,.NET 8.0.14
MultiSequenceLearning,S17,9,1153.7050109,35.58984375,2.401,2,88.88888888888889,.NET 8.0.14
MultiSequenceLearning,S18,9,1153.7050109,35.58984375,2.401,2,88.88888888888889,.NET 8.0.14
MultiSequenceLearning,S19,9,1153.7050109,35.58984375,2.401,2,88.88888888888889,.NET 8.0.14
MultiSequenceLearning,S20,9,1153.7050109,35.58984375,2.401,2,88.88888888888889,.NET 8.0.14
MultiSequenceLearning,S21,9,1153.7050109,35.58984375,2.401,2,88.88888888888889,.NET 8.0.14
MultiSequenceLearning,S22,9,1153.7050109,35.58984375,2.401,2,88.88888888888889,.NET 8.0.14
MultiSequenceLearning,S23,9,1153.7050109,35.58984375,2.401,2,88.88888888888889,.NET 8.0.14
MultiSequenceLearning,S24,9,1153.7050109,35.58984375,2.401,2,88.88888888888889,.NET 8.0.14
MultiSequenceLearning,S25,9,1153.7050109,35.58984375,2.401,2,88.88888888888889,.NET 8.0.14
MultiSequenceLearning,S26,9,1153.7050109,35.58984375,2.401,2,88.88888888888889,.NET 8.0.14
MultiSequenceLearning,S27,9,1153.7050109,35.58984375,2.401,2,88.88888888888889,.NET 8.0.14
MultiSequenceLearning,S28,9,1153.7050109,35.58984375,2.401,2,88.88888888888889,.NET 8.0.14
MultiSequenceLearning,S29,9,1153.7050109,35.58984375,2.401,2,88.88888888888889,.NET 8.0.14
MultiSequenceLearning,S30,9,1153.7050109,35.58984375,2.401,2,88.88888888888889,.NET 8.0.14
MultiSequenceLearning,S1,49,1153.7050109,35.58984375,2.401,2,100,.NET 8.0.14
MultiSequenceLearning,S2,49,1153.7050109,35.58984375,2.401,2,97.95918367346938,.NET 8.0.14
MultiSequenceLearning,S3,49,1153.7050109,35.58984375,2.401,2,97.95918367346938,.NET 8.0.14
MultiSequenceLearning,S4,9,1153.7050109,35.58984375,2.401,2,88.88888888888889,.NET 8.0.14
MultiSequenceLearning,S5,9,1153.7050109,35.58984375,2.401,2,88.88888888888889,.NET 8.0.14
MultiSequenceLearning,S6,9,1153.7050109,35.58984375,2.401,2,88.88888888888889,.NET 8.0.14
MultiSequenceLearning,S7,9,1153.7050109,35.58984375,2.401,2,88.88888888888889,.NET 8.0.14
MultiSequenceLearning,S8,9,1153.7050109,35.58984375,2.401,2,88.88888888888889,.NET 8.0.14
MultiSequenceLearning,S9,9,1153.7050109,35.58984375,2.401,2,88.88888888888889,.NET 8.0.14
MultiSequenceLearning,S10,9,1153.7050109,35.58984375,2.401,2,88.88888888888889,.NET 8.0.14
MultiSequenceLearning,S11,9,1153.7050109,35.58984375,2.401,2,88.88888888888889,.NET 8.0.14
MultiSequenceLearning,S12,9,1153.7050109,35.58984375,2.401,2,88.88888888888889,.NET 8.0.14
MultiSequenceLearning,S13,9,1153.7050109,35.58984375,2.401,2,88.88888888888889,.NET 8.0.14
MultiSequenceLearning,S14,9,1153.7050109,35.58984375,2.401,2,88.88888888888889,.NET 8.0.14
MultiSequenceLearning,S15,9,1153.7050109,35.58984375,2.401,2,88.88888888888889,.NET 8.0.14
MultiSequenceLearning,S16,9,1153.7050109,35.58984375,2.401,2,88.88888888888889,.NET 8.0.14
MultiSequenceLearning,S17,9,1153.7050109,35.58984375,2.401,2,88.88888888888889,.NET 8.0.14
MultiSequenceLearning,S18,9,1153.7050109,35.58984375,2.401,2,88.88888888888889,.NET 8.0.14
MultiSequenceLearning,S19,9,1153.7050109,35.58984375,2.401,2,88.88888888888889,.NET 8.0.14
MultiSequenceLearning,S20,9,1153.7050109,35.58984375,2.401,2,88.88888888888889,.NET 8.0.14
MultiSequenceLearning,S21,9,1153.7050109,35.58984375,2.401,2,88.88888888888889,.NET 8.0.14
MultiSequenceLearning,S22,9,1153.7050109,35.58984375,2.401,2,88.88888888888889,.NET 8.0.14
MultiSequenceLearning,S23,9,1153.7050109,35.58984375,2.401,2,88.88888888888889,.NET 8.0.14
MultiSequenceLearning,S24,9,1153.7050109,35.58984375,2.401,2,88.88888888888889,.NET 8.0.14
MultiSequenceLearning,S25,9,1153.7050109,35.58984375,2.401,2,88.88888888888889,.NET 8.0.14
MultiSequenceLearning,S26,9,1153.7050109,35.58984375,2.401,2,88.88888888888889,.NET 8.0.14
MultiSequenceLearning,S27,9,1153.7050109,35.58984375,2.401,2,88.88888888888889,.NET 8.0.14
MultiSequenceLearning,S28,9,1153.7050109,35.58984375,2.401,2,88.88888888888889,.NET 8.0.14
MultiSequenceLearning,S29,9,1153.7050109,35.58984375,2.401,2,88.88888888888889,.NET 8.0.14
MultiSequenceLearning,S30,9,1153.7050109,35.58984375,2.401,2,88.88888888888889,.NET 8.0.14
MultiSequenceLearning,S1,49,1758.1265991,36.76171875,2.401,3,100,.NET 8.0.14
MultiSequenceLearning,S2,49,1758.1265991,36.76171875,2.401,3,97.95918367346938,.NET 8.0.14
MultiSequenceLearning,S3,49,1758.1265991,36.76171875,2.401,3,97.95918367346938,.NET 8.0.14
MultiSequenceLearning,S4,9,1758.1265991,36.76171875,2.401,3,88.88888888888889,.NET 8.0.14
MultiSequenceLearning,S5,9,1758.1265991,36.76171875,2.401,3,88.88888888888889,.NET 8.0.14
MultiSequenceLearning,S6,9,1758.1265991,36.76171875,2.401,3,88.88888888888889,.NET 8.0.14
MultiSequenceLearning,S7,9,1758.1265991,36.76171875,2.401,3,88.88888888888889,.NET 8.0.14
MultiSequenceLearning,S8,9,1758.1265991,36.76171875,2.401,3,88.88888888888889,.NET 8.0.14
MultiSequenceLearning,S9,9,1758.1265991,36.76171875,2.401,3,88.88888888888889,.NET 8.0.14
MultiSequenceLearning,S10,9,1758.1265991,36.76171875,2.401,3,88.88888888888889,.NET 8.0.14
MultiSequenceLearning,S11,9,1758.1265991,36.76171875,2.401,3,88.88888888888889,.NET 8.0.14
MultiSequenceLearning,S12,9,1758.1265991,36.76171875,2.401,3,88.88888888888889,.NET 8.0.14
MultiSequenceLearning,S13,9,1758.1265991,36.76171875,2.401,3,88.88888888888889,.NET 8.0.14
MultiSequenceLearning,S14,9,1758.1265991,36.76171875,2.401,3,88.88888888888889,.NET 8.0.14
MultiSequenceLearning,S15,9,1758.1265991,36.76171875,2.401,3,88.88888888888889,.NET 8.0.14
MultiSequenceLearning,S16,9,1758.1265991,36.76171875,2.401,3,88.88888888888889,.NET 8.0.14
MultiSequenceLearning,S17,9,1758.1265991,36.76171875,2.401,3,88.88888888888889,.NET 8.0.14
MultiSequenceLearning,S18,9,1758.1265991,36.76171875,2.401,3,88.88888888888889,.NET 8.0.14
MultiSequenceLearning,S19,9,1758.1265991,36.76171875,2.401,3,88.88888888888889,.NET 8.0.14
MultiSequenceLearning,S20,9,1758.1265991,36.76171875,2.401,3,88.88888888888889,.NET 8.0.14
MultiSequenceLearning,S21,9,1758.1265991,36.76171875,2.401,3,88.88888888888889,.NET 8.0.14
MultiSequenceLearning,S22,9,1758.1265991,36.76171875,2.401,3,88.88888888888889,.NET 8.0.14
MultiSequenceLearning,S23,9,1758.1265991,36.76171875,2.401,3,88.88888888888889,.NET 8.0.14
MultiSequenceLearning,S24,9,1758.1265991,36.76171875,2.401,3,88.88888888888889,.NET 8.0.14
MultiSequenceLearning,S25,9,1758.1265991,36.76171875,2.401,3,88.88888888888889,.NET 8.0.14
MultiSequenceLearning,S26,9,1758.1265991,36.76171875,2.401,3,88.88888888888889,.NET 8.0.14
MultiSequenceLearning,S27,9,1758.1265991,36.76171875,2.401,3,88.88888888888889,.NET 8.0.14
MultiSequenceLearning,S28,9,1758.1265991,36.76171875,2.401,3,88.88888888888889,.NET 8.0.14
MultiSequenceLearning,S29,9,1758.1265991,36.76171875,2.401,3,88.88888888888889,.NET 8.0.14
MultiSequenceLearning,S30,9,1758.1265991,36.76171875,2.401,3,88.88888888888889,.NET 8.0.14
MultiSequenceLearning,S1,49,1758.1265991,36.76171875,2.401,3,100,.NET 8.0.14
MultiSequenceLearning,S2,49,1758.1265991,36.76171875,2.401,3,97.95918367346938,.NET 8.0.14
MultiSequenceLearning,S3,49,1758.1265991,36.76171875,2.401,3,97.95918367346938,.NET 8.0.14
MultiSequenceLearning,S4,9,1758.1265991,36.76171875,2.401,3,88.88888888888889,.NET 8.0.14
MultiSequenceLearning,S5,9,1758.1265991,36.76171875,2.401,3,88.88888888888889,.NET 8.0.14
MultiSequenceLearning,S6,9,1758.1265991,36.76171875,2.401,3,88.88888888888889,.NET 8.0.14
MultiSequenceLearning,S7,9,1758.1265991,36.76171875,2.401,3,88.88888888888889,.NET 8.0.14
MultiSequenceLearning,S8,9,1758.1265991,36.76171875,2.401,3,88.88888888888889,.NET 8.0.14
MultiSequenceLearning,S9,9,1758.1265991,36.76171875,2.401,3,88.88888888888889,.NET 8.0.14
MultiSequenceLearning,S10,9,1758.1265991,36.76171875,2.401,3,88.88888888888889,.NET 8.0.14
MultiSequenceLearning,S11,9,1758.1265991,36.76171875,2.401,3,88.88888888888889,.NET 8.0.14
MultiSequenceLearning,S12,9,1758.1265991,36.76171875,2.401,3,88.88888888888889,.NET 8.0.14
MultiSequenceLearning,S13,9,1758.1265991,36.76171875,2.401,3,88.88888888888889,.NET 8.0.14
MultiSequenceLearning,S14,9,1758.1265991,36.76171875,2.401,3,88.88888888888889,.NET 8.0.14
MultiSequenceLearning,S15,9,1758.1265991,36.76171875,2.401,3,88.88888888888889,.NET 8.0.14
MultiSequenceLearning,S16,9,1758.1265991,36.76171875,2.401,3,88.88888888888889,.NET 8.0.14
MultiSequenceLearning,S17,9,1758.1265991,36.76171875,2.401,3,88.88888888888889,.NET 8.0.14
MultiSequenceLearning,S18,9,1758.1265991,36.76171875,2.401,3,88.88888888888889,.NET 8.0.14
MultiSequenceLearning,S19,9,1758.1265991,36.76171875,2.401,3,88.88888888888889,.NET 8.0.14
MultiSequenceLearning,S20,9,1758.1265991,36.76171875,2.401,3,88.88888888888889,.NET 8.0.14
MultiSequenceLearning,S21,9,1758.1265991,36.76171875,2.401,3,88.88888888888889,.NET 8.0.14
MultiSequenceLearning,S22,9,1758.1265991,36.76171875,2.401,3,88.88888888888889,.NET 8.0.14
MultiSequenceLearning,S23,9,1758.1265991,36.76171875,2.401,3,88.88888888888889,.NET 8.0.14
MultiSequenceLearning,S24,9,1758.1265991,36.76171875,2.401,3,88.88888888888889,.NET 8.0.14
MultiSequenceLearning,S25,9,1758.1265991,36.76171875,2.401,3,88.88888888888889,.NET 8.0.14
MultiSequenceLearning,S26,9,1758.1265991,36.76171875,2.401,3,88.88888888888889,.NET 8.0.14
MultiSequenceLearning,S27,9,1758.1265991,36.76171875,2.401,3,88.88888888888889,.NET 8.0.14
MultiSequenceLearning,S28,9,1758.1265991,36.76171875,2.401,3,88.88888888888889,.NET 8.0.14
MultiSequenceLearning,S29,9,1758.1265991,36.76171875,2.401,3,88.88888888888889,.NET 8.0.14
MultiSequenceLearning,S30,9,1758.1265991,36.76171875,2.401,3,88.88888888888889,.NET 8.0.14
MultiSequenceLearning,S1,49,1758.1265991,36.76171875,2.401,3,100,.NET 8.0.14
MultiSequenceLearning,S2,49,1758.1265991,36.76171875,2.401,3,97.95918367346938,.NET 8.0.14
MultiSequenceLearning,S3,49,1758.1265991,36.76171875,2.401,3,97.95918367346938,.NET 8.0.14
MultiSequenceLearning,S4,9,1758.1265991,36.76171875,2.401,3,88.88888888888889,.NET 8.0.14
MultiSequenceLearning,S5,9,1758.1265991,36.76171875,2.401,3,88.88888888888889,.NET 8.0.14
MultiSequenceLearning,S6,9,1758.1265991,36.76171875,2.401,3,88.88888888888889,.NET 8.0.14
MultiSequenceLearning,S7,9,1758.1265991,36.76171875,2.401,3,88.88888888888889,.NET 8.0.14
MultiSequenceLearning,S8,9,1758.1265991,36.76171875,2.401,3,88.88888888888889,.NET 8.0.14
MultiSequenceLearning,S9,9,1758.1265991,36.76171875,2.401,3,88.88888888888889,.NET 8.0.14
MultiSequenceLearning,S10,9,1758.1265991,36.76171875,2.401,3,88.88888888888889,.NET 8.0.14
MultiSequenceLearning,S11,9,1758.1265991,36.76171875,2.401,3,88.88888888888889,.NET 8.0.14
MultiSequenceLearning,S12,9,1758.1265991,36.76171875,2.401,3,88.88888888888889,.NET 8.0.14
MultiSequenceLearning,S13,9,1758.1265991,36.76171875,2.401,3,88.88888888888889,.NET 8.0.14
MultiSequenceLearning,S14,9,1758.1265991,36.76171875,2.401,3,88.88888888888889,.NET 8.0.14
MultiSequenceLearning,S15,9,1758.1265991,36.76171875,2.401,3,88.88888888888889,.NET 8.0.14
MultiSequenceLearning,S16,9,1758.1265991,36.76171875,2.401,3,88.88888888888889,.NET 8.0.14
MultiSequenceLearning,S17,9,1758.1265991,36.76171875,2.401,3,88.88888888888889,.NET 8.0.14
MultiSequenceLearning,S18,9,1758.1265991,36.76171875,2.401,3,88.88888888888889,.NET 8.0.14
MultiSequenceLearning,S19,9,1758.1265991,36.76171875,2.401,3,88.88888888888889,.NET 8.0.14
MultiSequenceLearning,S20,9,1758.1265991,36.76171875,2.401,3,88.88888888888889,.NET 8.0.14
MultiSequenceLearning,S21,9,1758.1265991,36.76171875,2.401,3,88.88888888888889,.NET 8.0.14
MultiSequenceLearning,S22,9,1758.1265991,36.76171875,2.401,3,88.88888888888889,.NET 8.0.14
MultiSequenceLearning,S23,9,1758.1265991,36.76171875,2.401,3,88.88888888888889,.NET 8.0.14
MultiSequenceLearning,S24,9,1758.1265991,36.76171875,2.401,3,88.88888888888889,.NET 8.0.14
MultiSequenceLearning,S25,9,1758.1265991,36.76171875,2.401,3,88.88888888888889,.NET 8.0.14
MultiSequenceLearning,S26,9,1758.1265991,36.76171875,2.401,3,88.88888888888889,.NET 8.0.14
MultiSequenceLearning,S27,9,1758.1265991,36.76171875,2.401,3,88.88888888888889,.NET 8.0.14
MultiSequenceLearning,S28,9,1758.1265991,36.76171875,2.401,3,88.88888888888889,.NET 8.0.14
MultiSequenceLearning,S29,9,1758.1265991,36.76171875,2.401,3,88.88888888888889,.NET 8.0.14
MultiSequenceLearning,S30,9,1758.1265991,36.76171875,2.401,3,88.88888888888889,.NET 8.0.14
MultiSequenceLearning,S1,49,1758.1265991,36.76171875,2.401,3,100,.NET 8.0.14
MultiSequenceLearning,S2,49,1758.1265991,36.76171875,2.401,3,97.95918367346938,.NET 8.0.14
MultiSequenceLearning,S3,49,1758.1265991,36.76171875,2.401,3,97.95918367346938,.NET 8.0.14
MultiSequenceLearning,S4,9,1758.1265991,36.76171875,2.401,3,88.88888888888889,.NET 8.0.14
MultiSequenceLearning,S5,9,1758.1265991,36.76171875,2.401,3,88.88888888888889,.NET 8.0.14
MultiSequenceLearning,S6,9,1758.1265991,36.76171875,2.401,3,88.88888888888889,.NET 8.0.14
MultiSequenceLearning,S7,9,1758.1265991,36.76171875,2.401,3,88.88888888888889,.NET 8.0.14
MultiSequenceLearning,S8,9,1758.1265991,36.76171875,2.401,3,88.88888888888889,.NET 8.0.14
MultiSequenceLearning,S9,9,1758.1265991,36.76171875,2.401,3,88.88888888888889,.NET 8.0.14
MultiSequenceLearning,S10,9,1758.1265991,36.76171875,2.401,3,88.88888888888889,.NET 8.0.14
MultiSequenceLearning,S11,9,1758.1265991,36.76171875,2.401,3,88.88888888888889,.NET 8.0.14
MultiSequenceLearning,S12,9,1758.1265991,36.76171875,2.401,3,88.88888888888889,.NET 8.0.14
MultiSequenceLearning,S13,9,1758.1265991,36.76171875,2.401,3,88.88888888888889,.NET 8.0.14
MultiSequenceLearning,S14,9,1758.1265991,36.76171875,2.401,3,88.88888888888889,.NET 8.0.14
MultiSequenceLearning,S15,9,1758.1265991,36.76171875,2.401,3,88.88888888888889,.NET 8.0.14
MultiSequenceLearning,S16,9,1758.1265991,36.76171875,2.401,3,88.88888888888889,.NET 8.0.14
MultiSequenceLearning,S17,9,1758.1265991,36.76171875,2.401,3,88.88888888888889,.NET 8.0.14
MultiSequenceLearning,S18,9,1758.1265991,36.76171875,2.401,3,88.88888888888889,.NET 8.0.14
MultiSequenceLearning,S19,9,1758.1265991,36.76171875,2.401,3,88.88888888888889,.NET 8.0.14
MultiSequenceLearning,S20,9,1758.1265991,36.76171875,2.401,3,88.88888888888889,.NET 8.0.14
MultiSequenceLearning,S21,9,1758.1265991,36.76171875,2.401,3,88.88888888888889,.NET 8.0.14
MultiSequenceLearning,S22,9,1758.1265991,36.76171875,2.401,3,88.88888888888889,.NET 8.0.14
MultiSequenceLearning,S23,9,1758.1265991,36.76171875,2.401,3,88.88888888888889,.NET 8.0.14
MultiSequenceLearning,S24,9,1758.1265991,36.76171875,2.401,3,88.88888888888889,.NET 8.0.14
MultiSequenceLearning,S25,9,1758.1265991,36.76171875,2.401,3,88.88888888888889,.NET 8.0.14
MultiSequenceLearning,S26,9,1758.1265991,36.76171875,2.401,3,88.88888888888889,.NET 8.0.14
MultiSequenceLearning,S27,9,1758.1265991,36.76171875,2.401,3,88.88888888888889,.NET 8.0.14
MultiSequenceLearning,S28,9,1758.1265991,36.76171875,2.401,3,88.88888888888889,.NET 8.0.14
MultiSequenceLearning,S29,9,1758.1265991,36.76171875,2.401,3,88.88888888888889,.NET 8.0.14
MultiSequenceLearning,S30,9,1758.1265991,36.76171875,2.401,3,88.88888888888889,.NET 8.0.14
MultiSequenceLearning,S1,49,1080.1351517,36.89453125,2.401,3,100,.NET 8.0.14
MultiSequenceLearning,S2,49,1080.1351517,36.89453125,2.401,3,97.95918367346938,.NET 8.0.14
MultiSequenceLearning,S3,49,1080.1351517,36.89453125,2.401,3,97.95918367346938,.NET 8.0.14
MultiSequenceLearning,S4,9,1080.1351517,36.89453125,2.401,3,88.88888888888889,.NET 8.0.14
MultiSequenceLearning,S5,9,1080.1351517,36.89453125,2.401,3,88.88888888888889,.NET 8.0.14
MultiSequenceLearning,S6,9,1080.1351517,36.89453125,2.401,3,88.88888888888889,.NET 8.0.14
MultiSequenceLearning,S7,9,1080.1351517,36.89453125,2.401,3,88.88888888888889,.NET 8.0.14
MultiSequenceLearning,S8,9,1080.1351517,36.89453125,2.401,3,88.88888888888889,.NET 8.0.14
MultiSequenceLearning,S9,9,1080.1351517,36.89453125,2.401,3,88.88888888888889,.NET 8.0.14
MultiSequenceLearning,S10,9,1080.1351517,36.89453125,2.401,3,88.88888888888889,.NET 8.0.14
MultiSequenceLearning,S11,9,1080.1351517,36.89453125,2.401,3,88.88888888888889,.NET 8.0.14
MultiSequenceLearning,S12,9,1080.1351517,36.89453125,2.401,3,88.88888888888889,.NET 8.0.14
MultiSequenceLearning,S13,9,1080.1351517,36.89453125,2.401,3,88.88888888888889,.NET 8.0.14
MultiSequenceLearning,S14,9,1080.1351517,36.89453125,2.401,3,88.88888888888889,.NET 8.0.14
MultiSequenceLearning,S15,9,1080.1351517,36.89453125,2.401,3,88.88888888888889,.NET 8.0.14
MultiSequenceLearning,S16,9,1080.1351517,36.89453125,2.401,3,88.88888888888889,.NET 8.0.14
MultiSequenceLearning,S17,9,1080.1351517,36.89453125,2.401,3,88.88888888888889,.NET 8.0.14
MultiSequenceLearning,S18,9,1080.1351517,36.89453125,2.401,3,88.88888888888889,.NET 8.0.14
MultiSequenceLearning,S19,9,1080.1351517,36.89453125,2.401,3,88.88888888888889,.NET 8.0.14
MultiSequenceLearning,S20,9,1080.1351517,36.89453125,2.401,3,88.88888888888889,.NET 8.0.14
MultiSequenceLearning,S21,9,1080.1351517,36.89453125,2.401,3,88.88888888888889,.NET 8.0.14
MultiSequenceLearning,S22,9,1080.1351517,36.89453125,2.401,3,88.88888888888889,.NET 8.0.14
MultiSequenceLearning,S23,9,1080.1351517,36.89453125,2.401,3,88.88888888888889,.NET 8.0.14
MultiSequenceLearning,S24,9,1080.1351517,36.89453125,2.401,3,88.88888888888889,.NET 8.0.14
MultiSequenceLearning,S25,9,1080.1351517,36.89453125,2.401,3,88.88888888888889,.NET 8.0.14
MultiSequenceLearning,S26,9,1080.1351517,36.89453125,2.401,3,88.88888888888889,.NET 8.0.14
MultiSequenceLearning,S27,9,1080.1351517,36.89453125,2.401,3,88.88888888888889,.NET 8.0.14
MultiSequenceLearning,S28,9,1080.1351517,36.89453125,2.401,3,88.88888888888889,.NET 8.0.14
MultiSequenceLearning,S29,9,1080.1351517,36.89453125,2.401,3,88.88888888888889,.NET 8.0.14
MultiSequenceLearning,S30,9,1080.1351517,36.89453125,2.401,3,88.88888888888889,.NET 8.0.14
MultiSequenceLearning,S1,49,1080.1351517,36.89453125,2.401,3,100,.NET 8.0.14
MultiSequenceLearning,S2,49,1080.1351517,36.89453125,2.401,3,97.95918367346938,.NET 8.0.14
MultiSequenceLearning,S3,49,1080.1351517,36.89453125,2.401,3,97.95918367346938,.NET 8.0.14
MultiSequenceLearning,S4,9,1080.1351517,36.89453125,2.401,3,88.88888888888889,.NET 8.0.14
MultiSequenceLearning,S5,9,1080.1351517,36.89453125,2.401,3,88.88888888888889,.NET 8.0.14
MultiSequenceLearning,S6,9,1080.1351517,36.89453125,2.401,3,88.88888888888889,.NET 8.0.14
MultiSequenceLearning,S7,9,1080.1351517,36.89453125,2.401,3,88.88888888888889,.NET 8.0.14
MultiSequenceLearning,S8,9,1080.1351517,36.89453125,2.401,3,88.88888888888889,.NET 8.0.14
MultiSequenceLearning,S9,9,1080.1351517,36.89453125,2.401,3,88.88888888888889,.NET 8.0.14
MultiSequenceLearning,S10,9,1080.1351517,36.89453125,2.401,3,88.88888888888889,.NET 8.0.14
MultiSequenceLearning,S11,9,1080.1351517,36.89453125,2.401,3,88.88888888888889,.NET 8.0.14
MultiSequenceLearning,S12,9,1080.1351517,36.89453125,2.401,3,88.88888888888889,.NET 8.0.14
MultiSequenceLearning,S13,9,1080.1351517,36.89453125,2.401,3,88.88888888888889,.NET 8.0.14
MultiSequenceLearning,S14,9,1080.1351517,36.89453125,2.401,3,88.88888888888889,.NET 8.0.14
MultiSequenceLearning,S15,9,1080.1351517,36.89453125,2.401,3,88.88888888888889,.NET 8.0.14
MultiSequenceLearning,S16,9,1080.1351517,36.89453125,2.401,3,88.88888888888889,.NET 8.0.14
MultiSequenceLearning,S17,9,1080.1351517,36.89453125,2.401,3,88.88888888888889,.NET 8.0.14
MultiSequenceLearning,S18,9,1080.1351517,36.89453125,2.401,3,88.88888888888889,.NET 8.0.14
MultiSequenceLearning,S19,9,1080.1351517,36.89453125,2.401,3,88.88888888888889,.NET 8.0.14
MultiSequenceLearning,S20,9,1080.1351517,36.89453125,2.401,3,88.88888888888889,.NET 8.0.14
MultiSequenceLearning,S21,9,1080.1351517,36.89453125,2.401,3,88.88888888888889,.NET 8.0.14
MultiSequenceLearning,S22,9,1080.1351517,36.89453125,2.401,3,88.88888888888889,.NET 8.0.14
MultiSequenceLearning,S23,9,1080.1351517,36.89453125,2.401,3,88.88888888888889,.NET 8.0.14
MultiSequenceLearning,S24,9,1080.1351517,36.89453125,2.401,3,88.88888888888889,.NET 8.0.14
MultiSequenceLearning,S25,9,1080.1351517,36.89453125,2.401,3,88.88888888888889,.NET 8.0.14
MultiSequenceLearning,S26,9,1080.1351517,36.89453125,2.401,3,88.88888888888889,.NET 8.0.14
MultiSequenceLearning,S27,9,1080.1351517,36.89453125,2.401,3,88.88888888888889,.NET 8.0.14
MultiSequenceLearning,S28,9,1080.1351517,36.89453125,2.401,3,88.88888888888889,.NET 8.0.14
MultiSequenceLearning,S29,9,1080.1351517,36.89453125,2.401,3,88.88888888888889,.NET 8.0.14
MultiSequenceLearning,S30,9,1080.1351517,36.89453125,2.401,3,88.88888888888889,.NET 8.0.14
MultiSequenceLearning,S1,49,1080.1351517,36.89453125,2.401,3,100,.NET 8.0.14
MultiSequenceLearning,S2,49,1080.1351517,36.89453125,2.401,3,97.95918367346938,.NET 8.0.14
MultiSequenceLearning,S3,49,1080.1351517,36.89453125,2.401,3,97.95918367346938,.NET 8.0.14
MultiSequenceLearning,S4,9,1080.1351517,36.89453125,2.401,3,88.88888888888889,.NET 8.0.14
MultiSequenceLearning,S5,9,1080.1351517,36.89453125,2.401,3,88.88888888888889,.NET 8.0.14
MultiSequenceLearning,S6,9,1080.1351517,36.89453125,2.401,3,88.88888888888889,.NET 8.0.14
MultiSequenceLearning,S7,9,1080.1351517,36.89453125,2.401,3,88.88888888888889,.NET 8.0.14
MultiSequenceLearning,S8,9,1080.1351517,36.89453125,2.401,3,88.88888888888889,.NET 8.0.14
MultiSequenceLearning,S9,9,1080.1351517,36.89453125,2.401,3,88.88888888888889,.NET 8.0.14
MultiSequenceLearning,S10,9,1080.1351517,36.89453125,2.401,3,88.88888888888889,.NET 8.0.14
MultiSequenceLearning,S11,9,1080.1351517,36.89453125,2.401,3,88.88888888888889,.NET 8.0.14
MultiSequenceLearning,S12,9,1080.1351517,36.89453125,2.401,3,88.88888888888889,.NET 8.0.14
MultiSequenceLearning,S13,9,1080.1351517,36.89453125,2.401,3,88.88888888888889,.NET 8.0.14
MultiSequenceLearning,S14,9,1080.1351517,36.89453125,2.401,3,88.88888888888889,.NET 8.0.14
MultiSequenceLearning,S15,9,1080.1351517,36.89453125,2.401,3,88.88888888888889,.NET 8.0.14
MultiSequenceLearning,S16,9,1080.1351517,36.89453125,2.401,3,88.88888888888889,.NET 8.0.14
MultiSequenceLearning,S17,9,1080.1351517,36.89453125,2.401,3,88.88888888888889,.NET 8.0.14
MultiSequenceLearning,S18,9,1080.1351517,36.89453125,2.401,3,88.88888888888889,.NET 8.0.14
MultiSequenceLearning,S19,9,1080.1351517,36.89453125,2.401,3,88.88888888888889,.NET 8.0.14
MultiSequenceLearning,S20,9,1080.1351517,36.89453125,2.401,3,88.88888888888889,.NET 8.0.14
MultiSequenceLearning,S21,9,1080.1351517,36.89453125,2.401,3,88.88888888888889,.NET 8.0.14
MultiSequenceLearning,S22,9,1080.1351517,36.89453125,2.401,3,88.88888888888889,.NET 8.0.14
MultiSequenceLearning,S23,9,1080.1351517,36.89453125,2.401,3,88.88888888888889,.NET 8.0.14
MultiSequenceLearning,S24,9,1080.1351517,36.89453125,2.401,3,88.88888888888889,.NET 8.0.14
MultiSequenceLearning,S25,9,1080.1351517,36.89453125,2.401,3,88.88888888888889,.NET 8.0.14
MultiSequenceLearning,S26,9,1080.1351517,36.89453125,2.401,3,88.88888888888889,.NET 8.0.14
MultiSequenceLearning,S27,9,1080.1351517,36.89453125,2.401,3,88.88888888888889,.NET 8.0.14
MultiSequenceLearning,S28,9,1080.1351517,36.89453125,2.401,3,88.88888888888889,.NET 8.0.14
MultiSequenceLearning,S29,9,1080.1351517,36.89453125,2.401,3,88.88888888888889,.NET 8.0.14
MultiSequenceLearning,S30,9,1080.1351517,36.89453125,2.401,3,88.88888888888889,.NET 8.0.14
MultiSequenceLearning,S1,49,1080.1351517,36.89453125,2.401,3,100,.NET 8.0.14
MultiSequenceLearning,S2,49,1080.1351517,36.89453125,2.401,3,97.95918367346938,.NET 8.0.14
MultiSequenceLearning,S3,49,1080.1351517,36.89453125,2.401,3,97.95918367346938,.NET 8.0.14
MultiSequenceLearning,S4,9,1080.1351517,36.89453125,2.401,3,88.88888888888889,.NET 8.0.14
MultiSequenceLearning,S5,9,1080.1351517,36.89453125,2.401,3,88.88888888888889,.NET 8.0.14
MultiSequenceLearning,S6,9,1080.1351517,36.89453125,2.401,3,88.88888888888889,.NET 8.0.14
MultiSequenceLearning,S7,9,1080.1351517,36.89453125,2.401,3,88.88888888888889,.NET 8.0.14
MultiSequenceLearning,S8,9,1080.1351517,36.89453125,2.401,3,88.88888888888889,.NET 8.0.14
MultiSequenceLearning,S9,9,1080.1351517,36.89453125,2.401,3,88.88888888888889,.NET 8.0.14
MultiSequenceLearning,S10,9,1080.1351517,36.89453125,2.401,3,88.88888888888889,.NET 8.0.14
MultiSequenceLearning,S11,9,1080.1351517,36.89453125,2.401,3,88.88888888888889,.NET 8.0.14
MultiSequenceLearning,S12,9,1080.1351517,36.89453125,2.401,3,88.88888888888889,.NET 8.0.14
MultiSequenceLearning,S13,9,1080.1351517,36.89453125,2.401,3,88.88888888888889,.NET 8.0.14
MultiSequenceLearning,S14,9,1080.1351517,36.89453125,2.401,3,88.88888888888889,.NET 8.0.14
MultiSequenceLearning,S15,9,1080.1351517,36.89453125,2.401,3,88.88888888888889,.NET 8.0.14
MultiSequenceLearning,S16,9,1080.1351517,36.89453125,2.401,3,88.88888888888889,.NET 8.0.14
MultiSequenceLearning,S17,9,1080.1351517,36.89453125,2.401,3,88.88888888888889,.NET 8.0.14
MultiSequenceLearning,S18,9,1080.1351517,36.89453125,2.401,3,88.88888888888889,.NET 8.0.14
MultiSequenceLearning,S19,9,1080.1351517,36.89453125,2.401,3,88.88888888888889,.NET 8.0.14
MultiSequenceLearning,S20,9,1080.1351517,36.89453125,2.401,3,88.88888888888889,.NET 8.0.14
MultiSequenceLearning,S21,9,1080.1351517,36.89453125,2.401,3,88.88888888888889,.NET 8.0.14
MultiSequenceLearning,S22,9,1080.1351517,36.89453125,2.401,3,88.88888888888889,.NET 8.0.14
MultiSequenceLearning,S23,9,1080.1351517,36.89453125,2.401,3,88.88888888888889,.NET 8.0.14
MultiSequenceLearning,S24,9,1080.1351517,36.89453125,2.401,3,88.88888888888889,.NET 8.0.14
MultiSequenceLearning,S25,9,1080.1351517,36.89453125,2.401,3,88.88888888888889,.NET 8.0.14
MultiSequenceLearning,S26,9,1080.1351517,36.89453125,2.401,3,88.88888888888889,.NET 8.0.14
MultiSequenceLearning,S27,9,1080.1351517,36.89453125,2.401,3,88.88888888888889,.NET 8.0.14
MultiSequenceLearning,S28,9,1080.1351517,36.89453125,2.401,3,88.88888888888889,.NET 8.0.14
MultiSequenceLearning,S29,9,1080.1351517,36.89453125,2.401,3,88.88888888888889,.NET 8.0.14
MultiSequenceLearning,S30,9,1080.1351517,36.89453125,2.401,3,88.88888888888889,.NET 8.0.14
MultiSequenceLearning,S1,49,1188.5037092,41.12890625,2.401,3,100,.NET 8.0.14
MultiSequenceLearning,S2,49,1188.5037092,41.12890625,2.401,3,97.95918367346938,.NET 8.0.14
MultiSequenceLearning,S3,49,1188.5037092,41.12890625,2.401,3,97.95918367346938,.NET 8.0.14
MultiSequenceLearning,S4,9,1188.5037092,41.12890625,2.401,3,88.88888888888889,.NET 8.0.14
MultiSequenceLearning,S5,9,1188.5037092,41.12890625,2.401,3,88.88888888888889,.NET 8.0.14
MultiSequenceLearning,S6,9,1188.5037092,41.12890625,2.401,3,88.88888888888889,.NET 8.0.14
MultiSequenceLearning,S7,9,1188.5037092,41.12890625,2.401,3,88.88888888888889,.NET 8.0.14
MultiSequenceLearning,S8,9,1188.5037092,41.12890625,2.401,3,88.88888888888889,.NET 8.0.14
MultiSequenceLearning,S9,9,1188.5037092,41.12890625,2.401,3,88.88888888888889,.NET 8.0.14
MultiSequenceLearning,S10,9,1188.5037092,41.12890625,2.401,3,88.88888888888889,.NET 8.0.14
MultiSequenceLearning,S11,9,1188.5037092,41.12890625,2.401,3,88.88888888888889,.NET 8.0.14
MultiSequenceLearning,S12,9,1188.5037092,41.12890625,2.401,3,88.88888888888889,.NET 8.0.14
MultiSequenceLearning,S13,9,1188.5037092,41.12890625,2.401,3,88.88888888888889,.NET 8.0.14
MultiSequenceLearning,S14,9,1188.5037092,41.12890625,2.401,3,88.88888888888889,.NET 8.0.14
MultiSequenceLearning,S15,9,1188.5037092,41.12890625,2.401,3,88.88888888888889,.NET 8.0.14
MultiSequenceLearning,S16,9,1188.5037092,41.12890625,2.401,3,88.88888888888889,.NET 8.0.14
MultiSequenceLearning,S17,9,1188.5037092,41.12890625,2.401,3,88.88888888888889,.NET 8.0.14
MultiSequenceLearning,S18,9,1188.5037092,41.12890625,2.401,3,88.88888888888889,.NET 8.0.14
MultiSequenceLearning,S19,9,1188.5037092,41.12890625,2.401,3,88.88888888888889,.NET 8.0.14
MultiSequenceLearning,S20,9,1188.5037092,41.12890625,2.401,3,88.88888888888889,.NET 8.0.14
MultiSequenceLearning,S21,9,1188.5037092,41.12890625,2.401,3,88.88888888888889,.NET 8.0.14
MultiSequenceLearning,S22,9,1188.5037092,41.12890625,2.401,3,88.88888888888889,.NET 8.0.14
MultiSequenceLearning,S23,9,1188.5037092,41.12890625,2.401,3,88.88888888888889,.NET 8.0.14
MultiSequenceLearning,S24,9,1188.5037092,41.12890625,2.401,3,88.88888888888889,.NET 8.0.14
MultiSequenceLearning,S25,9,1188.5037092,41.12890625,2.401,3,88.88888888888889,.NET 8.0.14
MultiSequenceLearning,S26,9,1188.5037092,41.12890625,2.401,3,88.88888888888889,.NET 8.0.14
MultiSequenceLearning,S27,9,1188.5037092,41.12890625,2.401,3,88.88888888888889,.NET 8.0.14
MultiSequenceLearning,S28,9,1188.5037092,41.12890625,2.401,3,88.88888888888889,.NET 8.0.14
MultiSequenceLearning,S29,9,1188.5037092,41.12890625,2.401,3,88.88888888888889,.NET 8.0.14
MultiSequenceLearning,S30,9,1188.5037092,41.12890625,2.401,3,88.88888888888889,.NET 8.0.14
MultiSequenceLearning,S1,49,1188.5037092,41.12890625,2.401,3,100,.NET 8.0.14
MultiSequenceLearning,S2,49,1188.5037092,41.12890625,2.401,3,97.95918367346938,.NET 8.0.14
MultiSequenceLearning,S3,49,1188.5037092,41.12890625,2.401,3,97.95918367346938,.NET 8.0.14
MultiSequenceLearning,S4,9,1188.5037092,41.12890625,2.401,3,88.88888888888889,.NET 8.0.14
MultiSequenceLearning,S5,9,1188.5037092,41.12890625,2.401,3,88.88888888888889,.NET 8.0.14
MultiSequenceLearning,S6,9,1188.5037092,41.12890625,2.401,3,88.88888888888889,.NET 8.0.14
MultiSequenceLearning,S7,9,1188.5037092,41.12890625,2.401,3,88.88888888888889,.NET 8.0.14
MultiSequenceLearning,S8,9,1188.5037092,41.12890625,2.401,3,88.88888888888889,.NET 8.0.14
MultiSequenceLearning,S9,9,1188.5037092,41.12890625,2.401,3,88.88888888888889,.NET 8.0.14
MultiSequenceLearning,S10,9,1188.5037092,41.12890625,2.401,3,88.88888888888889,.NET 8.0.14
MultiSequenceLearning,S11,9,1188.5037092,41.12890625,2.401,3,88.88888888888889,.NET 8.0.14
MultiSequenceLearning,S12,9,1188.5037092,41.12890625,2.401,3,88.88888888888889,.NET 8.0.14
MultiSequenceLearning,S13,9,1188.5037092,41.12890625,2.401,3,88.88888888888889,.NET 8.0.14
MultiSequenceLearning,S14,9,1188.5037092,41.12890625,2.401,3,88.88888888888889,.NET 8.0.14
MultiSequenceLearning,S15,9,1188.5037092,41.12890625,2.401,3,88.88888888888889,.NET 8.0.14
MultiSequenceLearning,S16,9,1188.5037092,41.12890625,2.401,3,88.88888888888889,.NET 8.0.14
MultiSequenceLearning,S17,9,1188.5037092,41.12890625,2.401,3,88.88888888888889,.NET 8.0.14
MultiSequenceLearning,S18,9,1188.5037092,41.12890625,2.401,3,88.88888888888889,.NET 8.0.14
MultiSequenceLearning,S19,9,1188.5037092,41.12890625,2.401,3,88.88888888888889,.NET 8.0.14
MultiSequenceLearning,S20,9,1188.5037092,41.12890625,2.401,3,88.88888888888889,.NET 8.0.14
MultiSequenceLearning,S21,9,1188.5037092,41.12890625,2.401,3,88.88888888888889,.NET 8.0.14
MultiSequenceLearning,S22,9,1188.5037092,41.12890625,2.401,3,88.88888888888889,.NET 8.0.14
MultiSequenceLearning,S23,9,1188.5037092,41.12890625,2.401,3,88.88888888888889,.NET 8.0.14
MultiSequenceLearning,S24,9,1188.5037092,41.12890625,2.401,3,88.88888888888889,.NET 8.0.14
MultiSequenceLearning,S25,9,1188.5037092,41.12890625,2.401,3,88.88888888888889,.NET 8.0.14
MultiSequenceLearning,S26,9,1188.5037092,41.12890625,2.401,3,88.88888888888889,.NET 8.0.14
MultiSequenceLearning,S27,9,1188.5037092,41.12890625,2.401,3,88.88888888888889,.NET 8.0.14
MultiSequenceLearning,S28,9,1188.5037092,41.12890625,2.401,3,88.88888888888889,.NET 8.0.14
MultiSequenceLearning,S29,9,1188.5037092,41.12890625,2.401,3,88.88888888888889,.NET 8.0.14
MultiSequenceLearning,S30,9,1188.5037092,41.12890625,2.401,3,88.88888888888889,.NET 8.0.14
MultiSequenceLearning,S1,49,1188.5037092,41.12890625,2.401,3,100,.NET 8.0.14
MultiSequenceLearning,S2,49,1188.5037092,41.12890625,2.401,3,97.95918367346938,.NET 8.0.14
MultiSequenceLearning,S3,49,1188.5037092,41.12890625,2.401,3,97.95918367346938,.NET 8.0.14
MultiSequenceLearning,S4,9,1188.5037092,41.12890625,2.401,3,88.88888888888889,.NET 8.0.14
MultiSequenceLearning,S5,9,1188.5037092,41.12890625,2.401,3,88.88888888888889,.NET 8.0.14
MultiSequenceLearning,S6,9,1188.5037092,41.12890625,2.401,3,88.88888888888889,.NET 8.0.14
MultiSequenceLearning,S7,9,1188.5037092,41.12890625,2.401,3,88.88888888888889,.NET 8.0.14
MultiSequenceLearning,S8,9,1188.5037092,41.12890625,2.401,3,88.88888888888889,.NET 8.0.14
MultiSequenceLearning,S9,9,1188.5037092,41.12890625,2.401,3,88.88888888888889,.NET 8.0.14
MultiSequenceLearning,S10,9,1188.5037092,41.12890625,2.401,3,88.88888888888889,.NET 8.0.14
MultiSequenceLearning,S11,9,1188.5037092,41.12890625,2.401,3,88.88888888888889,.NET 8.0.14
MultiSequenceLearning,S12,9,1188.5037092,41.12890625,2.401,3,88.88888888888889,.NET 8.0.14
MultiSequenceLearning,S13,9,1188.5037092,41.12890625,2.401,3,88.88888888888889,.NET 8.0.14
MultiSequenceLearning,S14,9,1188.5037092,41.12890625,2.401,3,88.88888888888889,.NET 8.0.14
MultiSequenceLearning,S15,9,1188.5037092,41.12890625,2.401,3,88.88888888888889,.NET 8.0.14
MultiSequenceLearning,S16,9,1188.5037092,41.12890625,2.401,3,88.88888888888889,.NET 8.0.14
MultiSequenceLearning,S17,9,1188.5037092,41.12890625,2.401,3,88.88888888888889,.NET 8.0.14
MultiSequenceLearning,S18,9,1188.5037092,41.12890625,2.401,3,88.88888888888889,.NET 8.0.14
MultiSequenceLearning,S19,9,1188.5037092,41.12890625,2.401,3,88.88888888888889,.NET 8.0.14
MultiSequenceLearning,S20,9,1188.5037092,41.12890625,2.401,3,88.88888888888889,.NET 8.0.14
MultiSequenceLearning,S21,9,1188.5037092,41.12890625,2.401,3,88.88888888888889,.NET 8.0.14
MultiSequenceLearning,S22,9,1188.5037092,41.12890625,2.401,3,88.88888888888889,.NET 8.0.14
MultiSequenceLearning,S23,9,1188.5037092,41.12890625,2.401,3,88.88888888888889,.NET 8.0.14
MultiSequenceLearning,S24,9,1188.5037092,41.12890625,2.401,3,88.88888888888889,.NET 8.0.14
MultiSequenceLearning,S25,9,1188.5037092,41.12890625,2.401,3,88.88888888888889,.NET 8.0.14
MultiSequenceLearning,S26,9,1188.5037092,41.12890625,2.401,3,88.88888888888889,.NET 8.0.14
MultiSequenceLearning,S27,9,1188.5037092,41.12890625,2.401,3,88.88888888888889,.NET 8.0.14
MultiSequenceLearning,S28,9,1188.5037092,41.12890625,2.401,3,88.88888888888889,.NET 8.0.14
MultiSequenceLearning,S29,9,1188.5037092,41.12890625,2.401,3,88.88888888888889,.NET 8.0.14
MultiSequenceLearning,S30,9,1188.5037092,41.12890625,2.401,3,88.88888888888889,.NET 8.0.14
MultiSequenceLearning,S1,49,1188.5037092,41.12890625,2.401,3,100,.NET 8.0.14
MultiSequenceLearning,S2,49,1188.5037092,41.12890625,2.401,3,97.95918367346938,.NET 8.0.14
MultiSequenceLearning,S3,49,1188.5037092,41.12890625,2.401,3,97.95918367346938,.NET 8.0.14
MultiSequenceLearning,S4,9,1188.5037092,41.12890625,2.401,3,88.88888888888889,.NET 8.0.14
MultiSequenceLearning,S5,9,1188.5037092,41.12890625,2.401,3,88.88888888888889,.NET 8.0.14
MultiSequenceLearning,S6,9,1188.5037092,41.12890625,2.401,3,88.88888888888889,.NET 8.0.14
MultiSequenceLearning,S7,9,1188.5037092,41.12890625,2.401,3,88.88888888888889,.NET 8.0.14
MultiSequenceLearning,S8,9,1188.5037092,41.12890625,2.401,3,88.88888888888889,.NET 8.0.14
MultiSequenceLearning,S9,9,1188.5037092,41.12890625,2.401,3,88.88888888888889,.NET 8.0.14
MultiSequenceLearning,S10,9,1188.5037092,41.12890625,2.401,3,88.88888888888889,.NET 8.0.14
MultiSequenceLearning,S11,9,1188.5037092,41.12890625,2.401,3,88.88888888888889,.NET 8.0.14
MultiSequenceLearning,S12,9,1188.5037092,41.12890625,2.401,3,88.88888888888889,.NET 8.0.14
MultiSequenceLearning,S13,9,1188.5037092,41.12890625,2.401,3,88.88888888888889,.NET 8.0.14
MultiSequenceLearning,S14,9,1188.5037092,41.12890625,2.401,3,88.88888888888889,.NET 8.0.14
MultiSequenceLearning,S15,9,1188.5037092,41.12890625,2.401,3,88.88888888888889,.NET 8.0.14
MultiSequenceLearning,S16,9,1188.5037092,41.12890625,2.401,3,88.88888888888889,.NET 8.0.14
MultiSequenceLearning,S17,9,1188.5037092,41.12890625,2.401,3,88.88888888888889,.NET 8.0.14
MultiSequenceLearning,S18,9,1188.5037092,41.12890625,2.401,3,88.88888888888889,.NET 8.0.14
MultiSequenceLearning,S19,9,1188.5037092,41.12890625,2.401,3,88.88888888888889,.NET 8.0.14
MultiSequenceLearning,S20,9,1188.5037092,41.12890625,2.401,3,88.88888888888889,.NET 8.0.14
MultiSequenceLearning,S21,9,1188.5037092,41.12890625,2.401,3,88.88888888888889,.NET 8.0.14
MultiSequenceLearning,S22,9,1188.5037092,41.12890625,2.401,3,88.88888888888889,.NET 8.0.14
MultiSequenceLearning,S23,9,1188.5037092,41.12890625,2.401,3,88.88888888888889,.NET 8.0.14
MultiSequenceLearning,S24,9,1188.5037092,41.12890625,2.401,3,88.88888888888889,.NET 8.0.14
MultiSequenceLearning,S25,9,1188.5037092,41.12890625,2.401,3,88.88888888888889,.NET 8.0.14
MultiSequenceLearning,S26,9,1188.5037092,41.12890625,2.401,3,88.88888888888889,.NET 8.0.14
MultiSequenceLearning,S27,9,1188.5037092,41.12890625,2.401,3,88.88888888888889,.NET 8.0.14
MultiSequenceLearning,S28,9,1188.5037092,41.12890625,2.401,3,88.88888888888889,.NET 8.0.14
MultiSequenceLearning,S29,9,1188.5037092,41.12890625,2.401,3,88.88888888888889,.NET 8.0.14
MultiSequenceLearning,S30,9,1188.5037092,41.12890625,2.401,3,88.88888888888889,.NET 8.0.14
MultiSequenceLearning,S1,49,1086.8049334,40.32421875,2.401,4,100,.NET 8.0.14
MultiSequenceLearning,S2,49,1086.8049334,40.32421875,2.401,4,97.95918367346938,.NET 8.0.14
MultiSequenceLearning,S3,49,1086.8049334,40.32421875,2.401,4,97.95918367346938,.NET 8.0.14
MultiSequenceLearning,S4,9,1086.8049334,40.32421875,2.401,4,88.88888888888889,.NET 8.0.14
MultiSequenceLearning,S5,9,1086.8049334,40.32421875,2.401,4,88.88888888888889,.NET 8.0.14
MultiSequenceLearning,S6,9,1086.8049334,40.32421875,2.401,4,88.88888888888889,.NET 8.0.14
MultiSequenceLearning,S7,9,1086.8049334,40.32421875,2.401,4,88.88888888888889,.NET 8.0.14
MultiSequenceLearning,S8,9,1086.8049334,40.32421875,2.401,4,88.88888888888889,.NET 8.0.14
MultiSequenceLearning,S9,9,1086.8049334,40.32421875,2.401,4,88.88888888888889,.NET 8.0.14
MultiSequenceLearning,S10,9,1086.8049334,40.32421875,2.401,4,88.88888888888889,.NET 8.0.14
MultiSequenceLearning,S11,9,1086.8049334,40.32421875,2.401,4,88.88888888888889,.NET 8.0.14
MultiSequenceLearning,S12,9,1086.8049334,40.32421875,2.401,4,88.88888888888889,.NET 8.0.14
MultiSequenceLearning,S13,9,1086.8049334,40.32421875,2.401,4,88.88888888888889,.NET 8.0.14
MultiSequenceLearning,S14,9,1086.8049334,40.32421875,2.401,4,88.88888888888889,.NET 8.0.14
MultiSequenceLearning,S15,9,1086.8049334,40.32421875,2.401,4,88.88888888888889,.NET 8.0.14
MultiSequenceLearning,S16,9,1086.8049334,40.32421875,2.401,4,88.88888888888889,.NET 8.0.14
MultiSequenceLearning,S17,9,1086.8049334,40.32421875,2.401,4,88.88888888888889,.NET 8.0.14
MultiSequenceLearning,S18,9,1086.8049334,40.32421875,2.401,4,88.88888888888889,.NET 8.0.14
MultiSequenceLearning,S19,9,1086.8049334,40.32421875,2.401,4,88.88888888888889,.NET 8.0.14
MultiSequenceLearning,S20,9,1086.8049334,40.32421875,2.401,4,88.88888888888889,.NET 8.0.14
MultiSequenceLearning,S21,9,1086.8049334,40.32421875,2.401,4,88.88888888888889,.NET 8.0.14
MultiSequenceLearning,S22,9,1086.8049334,40.32421875,2.401,4,88.88888888888889,.NET 8.0.14
MultiSequenceLearning,S23,9,1086.8049334,40.32421875,2.401,4,88.88888888888889,.NET 8.0.14
MultiSequenceLearning,S24,9,1086.8049334,40.32421875,2.401,4,88.88888888888889,.NET 8.0.14
MultiSequenceLearning,S25,9,1086.8049334,40.32421875,2.401,4,88.88888888888889,.NET 8.0.14
MultiSequenceLearning,S26,9,1086.8049334,40.32421875,2.401,4,88.88888888888889,.NET 8.0.14
MultiSequenceLearning,S27,9,1086.8049334,40.32421875,2.401,4,88.88888888888889,.NET 8.0.14
MultiSequenceLearning,S28,9,1086.8049334,40.32421875,2.401,4,88.88888888888889,.NET 8.0.14
MultiSequenceLearning,S29,9,1086.8049334,40.32421875,2.401,4,88.88888888888889,.NET 8.0.14
MultiSequenceLearning,S30,9,1086.8049334,40.32421875,2.401,4,88.88888888888889,.NET 8.0.14
MultiSequenceLearning,S1,49,1086.8049334,40.32421875,2.401,4,100,.NET 8.0.14
MultiSequenceLearning,S2,49,1086.8049334,40.32421875,2.401,4,97.95918367346938,.NET 8.0.14
MultiSequenceLearning,S3,49,1086.8049334,40.32421875,2.401,4,97.95918367346938,.NET 8.0.14
MultiSequenceLearning,S4,9,1086.8049334,40.32421875,2.401,4,88.88888888888889,.NET 8.0.14
MultiSequenceLearning,S5,9,1086.8049334,40.32421875,2.401,4,88.88888888888889,.NET 8.0.14
MultiSequenceLearning,S6,9,1086.8049334,40.32421875,2.401,4,88.88888888888889,.NET 8.0.14
MultiSequenceLearning,S7,9,1086.8049334,40.32421875,2.401,4,88.88888888888889,.NET 8.0.14
MultiSequenceLearning,S8,9,1086.8049334,40.32421875,2.401,4,88.88888888888889,.NET 8.0.14
MultiSequenceLearning,S9,9,1086.8049334,40.32421875,2.401,4,88.88888888888889,.NET 8.0.14
MultiSequenceLearning,S10,9,1086.8049334,40.32421875,2.401,4,88.88888888888889,.NET 8.0.14
MultiSequenceLearning,S11,9,1086.8049334,40.32421875,2.401,4,88.88888888888889,.NET 8.0.14
MultiSequenceLearning,S12,9,1086.8049334,40.32421875,2.401,4,88.88888888888889,.NET 8.0.14
MultiSequenceLearning,S13,9,1086.8049334,40.32421875,2.401,4,88.88888888888889,.NET 8.0.14
MultiSequenceLearning,S14,9,1086.8049334,40.32421875,2.401,4,88.88888888888889,.NET 8.0.14
MultiSequenceLearning,S15,9,1086.8049334,40.32421875,2.401,4,88.88888888888889,.NET 8.0.14
MultiSequenceLearning,S16,9,1086.8049334,40.32421875,2.401,4,88.88888888888889,.NET 8.0.14
MultiSequenceLearning,S17,9,1086.8049334,40.32421875,2.401,4,88.88888888888889,.NET 8.0.14
MultiSequenceLearning,S18,9,1086.8049334,40.32421875,2.401,4,88.88888888888889,.NET 8.0.14
MultiSequenceLearning,S19,9,1086.8049334,40.32421875,2.401,4,88.88888888888889,.NET 8.0.14
MultiSequenceLearning,S20,9,1086.8049334,40.32421875,2.401,4,88.88888888888889,.NET 8.0.14
MultiSequenceLearning,S21,9,1086.8049334,40.32421875,2.401,4,88.88888888888889,.NET 8.0.14
MultiSequenceLearning,S22,9,1086.8049334,40.32421875,2.401,4,88.88888888888889,.NET 8.0.14
MultiSequenceLearning,S23,9,1086.8049334,40.32421875,2.401,4,88.88888888888889,.NET 8.0.14
MultiSequenceLearning,S24,9,1086.8049334,40.32421875,2.401,4,88.88888888888889,.NET 8.0.14
MultiSequenceLearning,S25,9,1086.8049334,40.32421875,2.401,4,88.88888888888889,.NET 8.0.14
MultiSequenceLearning,S26,9,1086.8049334,40.32421875,2.401,4,88.88888888888889,.NET 8.0.14
MultiSequenceLearning,S27,9,1086.8049334,40.32421875,2.401,4,88.88888888888889,.NET 8.0.14
MultiSequenceLearning,S28,9,1086.8049334,40.32421875,2.401,4,88.88888888888889,.NET 8.0.14
MultiSequenceLearning,S29,9,1086.8049334,40.32421875,2.401,4,88.88888888888889,.NET 8.0.14
MultiSequenceLearning,S30,9,1086.8049334,40.32421875,2.401,4,88.88888888888889,.NET 8.0.14
MultiSequenceLearning,S1,49,1086.8049334,40.32421875,2.401,4,100,.NET 8.0.14
MultiSequenceLearning,S2,49,1086.8049334,40.32421875,2.401,4,97.95918367346938,.NET 8.0.14
MultiSequenceLearning,S3,49,1086.8049334,40.32421875,2.401,4,97.95918367346938,.NET 8.0.14
MultiSequenceLearning,S4,9,1086.8049334,40.32421875,2.401,4,88.88888888888889,.NET 8.0.14
MultiSequenceLearning,S5,9,1086.8049334,40.32421875,2.401,4,88.88888888888889,.NET 8.0.14
MultiSequenceLearning,S6,9,1086.8049334,40.32421875,2.401,4,88.88888888888889,.NET 8.0.14
MultiSequenceLearning,S7,9,1086.8049334,40.32421875,2.401,4,88.88888888888889,.NET 8.0.14
MultiSequenceLearning,S8,9,1086.8049334,40.32421875,2.401,4,88.88888888888889,.NET 8.0.14
MultiSequenceLearning,S9,9,1086.8049334,40.32421875,2.401,4,88.88888888888889,.NET 8.0.14
MultiSequenceLearning,S10,9,1086.8049334,40.32421875,2.401,4,88.88888888888889,.NET 8.0.14
MultiSequenceLearning,S11,9,1086.8049334,40.32421875,2.401,4,88.88888888888889,.NET 8.0.14
MultiSequenceLearning,S12,9,1086.8049334,40.32421875,2.401,4,88.88888888888889,.NET 8.0.14
MultiSequenceLearning,S13,9,1086.8049334,40.32421875,2.401,4,88.88888888888889,.NET 8.0.14
MultiSequenceLearning,S14,9,1086.8049334,40.32421875,2.401,4,88.88888888888889,.NET 8.0.14
MultiSequenceLearning,S15,9,1086.8049334,40.32421875,2.401,4,88.88888888888889,.NET 8.0.14
MultiSequenceLearning,S16,9,1086.8049334,40.32421875,2.401,4,88.88888888888889,.NET 8.0.14
MultiSequenceLearning,S17,9,1086.8049334,40.32421875,2.401,4,88.88888888888889,.NET 8.0.14
MultiSequenceLearning,S18,9,1086.8049334,40.32421875,2.401,4,88.88888888888889,.NET 8.0.14
MultiSequenceLearning,S19,9,1086.8049334,40.32421875,2.401,4,88.88888888888889,.NET 8.0.14
MultiSequenceLearning,S20,9,1086.8049334,40.32421875,2.401,4,88.88888888888889,.NET 8.0.14
MultiSequenceLearning,S21,9,1086.8049334,40.32421875,2.401,4,88.88888888888889,.NET 8.0.14
MultiSequenceLearning,S22,9,1086.8049334,40.32421875,2.401,4,88.88888888888889,.NET 8.0.14
MultiSequenceLearning,S23,9,1086.8049334,40.32421875,2.401,4,88.88888888888889,.NET 8.0.14
MultiSequenceLearning,S24,9,1086.8049334,40.32421875,2.401,4,88.88888888888889,.NET 8.0.14
MultiSequenceLearning,S25,9,1086.8049334,40.32421875,2.401,4,88.88888888888889,.NET 8.0.14
MultiSequenceLearning,S26,9,1086.8049334,40.32421875,2.401,4,88.88888888888889,.NET 8.0.14
MultiSequenceLearning,S27,9,1086.8049334,40.32421875,2.401,4,88.88888888888889,.NET 8.0.14
MultiSequenceLearning,S28,9,1086.8049334,40.32421875,2.401,4,88.88888888888889,.NET 8.0.14
MultiSequenceLearning,S29,9,1086.8049334,40.32421875,2.401,4,88.88888888888889,.NET 8.0.14
MultiSequenceLearning,S30,9,1086.8049334,40.32421875,2.401,4,88.88888888888889,.NET 8.0.14
MultiSequenceLearning,S1,49,1086.8049334,40.32421875,2.401,4,100,.NET 8.0.14
MultiSequenceLearning,S2,49,1086.8049334,40.32421875,2.401,4,97.95918367346938,.NET 8.0.14
MultiSequenceLearning,S3,49,1086.8049334,40.32421875,2.401,4,97.95918367346938,.NET 8.0.14
MultiSequenceLearning,S4,9,1086.8049334,40.32421875,2.401,4,88.88888888888889,.NET 8.0.14
MultiSequenceLearning,S5,9,1086.8049334,40.32421875,2.401,4,88.88888888888889,.NET 8.0.14
MultiSequenceLearning,S6,9,1086.8049334,40.32421875,2.401,4,88.88888888888889,.NET 8.0.14
MultiSequenceLearning,S7,9,1086.8049334,40.32421875,2.401,4,88.88888888888889,.NET 8.0.14
MultiSequenceLearning,S8,9,1086.8049334,40.32421875,2.401,4,88.88888888888889,.NET 8.0.14
MultiSequenceLearning,S9,9,1086.8049334,40.32421875,2.401,4,88.88888888888889,.NET 8.0.14
MultiSequenceLearning,S10,9,1086.8049334,40.32421875,2.401,4,88.88888888888889,.NET 8.0.14
MultiSequenceLearning,S11,9,1086.8049334,40.32421875,2.401,4,88.88888888888889,.NET 8.0.14
MultiSequenceLearning,S12,9,1086.8049334,40.32421875,2.401,4,88.88888888888889,.NET 8.0.14
MultiSequenceLearning,S13,9,1086.8049334,40.32421875,2.401,4,88.88888888888889,.NET 8.0.14
MultiSequenceLearning,S14,9,1086.8049334,40.32421875,2.401,4,88.88888888888889,.NET 8.0.14
MultiSequenceLearning,S15,9,1086.8049334,40.32421875,2.401,4,88.88888888888889,.NET 8.0.14
MultiSequenceLearning,S16,9,1086.8049334,40.32421875,2.401,4,88.88888888888889,.NET 8.0.14
MultiSequenceLearning,S17,9,1086.8049334,40.32421875,2.401,4,88.88888888888889,.NET 8.0.14
MultiSequenceLearning,S18,9,1086.8049334,40.32421875,2.401,4,88.88888888888889,.NET 8.0.14
MultiSequenceLearning,S19,9,1086.8049334,40.32421875,2.401,4,88.88888888888889,.NET 8.0.14
MultiSequenceLearning,S20,9,1086.8049334,40.32421875,2.401,4,88.88888888888889,.NET 8.0.14
MultiSequenceLearning,S21,9,1086.8049334,40.32421875,2.401,4,88.88888888888889,.NET 8.0.14
MultiSequenceLearning,S22,9,1086.8049334,40.32421875,2.401,4,88.88888888888889,.NET 8.0.14
MultiSequenceLearning,S23,9,1086.8049334,40.32421875,2.401,4,88.88888888888889,.NET 8.0.14
MultiSequenceLearning,S24,9,1086.8049334,40.32421875,2.401,4,88.88888888888889,.NET 8.0.14
MultiSequenceLearning,S25,9,1086.8049334,40.32421875,2.401,4,88.88888888888889,.NET 8.0.14
MultiSequenceLearning,S26,9,1086.8049334,40.32421875,2.401,4,88.88888888888889,.NET 8.0.14
MultiSequenceLearning,S27,9,1086.8049334,40.32421875,2.401,4,88.88888888888889,.NET 8.0.14
MultiSequenceLearning,S28,9,1086.8049334,40.32421875,2.401,4,88.88888888888889,.NET 8.0.14
MultiSequenceLearning,S29,9,1086.8049334,40.32421875,2.401,4,88.88888888888889,.NET 8.0.14
MultiSequenceLearning,S30,9,1086.8049334,40.32421875,2.401,4,88.88888888888889,.NET 8.0.14
MultiSequenceLearning,S1,49,1185.5874547,41.125,2.401,4,100,.NET 8.0.14
MultiSequenceLearning,S2,49,1185.5874547,41.125,2.401,4,97.95918367346938,.NET 8.0.14
MultiSequenceLearning,S3,49,1185.5874547,41.125,2.401,4,97.95918367346938,.NET 8.0.14
MultiSequenceLearning,S4,9,1185.5874547,41.125,2.401,4,88.88888888888889,.NET 8.0.14
MultiSequenceLearning,S5,9,1185.5874547,41.125,2.401,4,88.88888888888889,.NET 8.0.14
MultiSequenceLearning,S6,9,1185.5874547,41.125,2.401,4,88.88888888888889,.NET 8.0.14
MultiSequenceLearning,S7,9,1185.5874547,41.125,2.401,4,88.88888888888889,.NET 8.0.14
MultiSequenceLearning,S8,9,1185.5874547,41.125,2.401,4,88.88888888888889,.NET 8.0.14
MultiSequenceLearning,S9,9,1185.5874547,41.125,2.401,4,88.88888888888889,.NET 8.0.14
MultiSequenceLearning,S10,9,1185.5874547,41.125,2.401,4,88.88888888888889,.NET 8.0.14
MultiSequenceLearning,S11,9,1185.5874547,41.125,2.401,4,88.88888888888889,.NET 8.0.14
MultiSequenceLearning,S12,9,1185.5874547,41.125,2.401,4,88.88888888888889,.NET 8.0.14
MultiSequenceLearning,S13,9,1185.5874547,41.125,2.401,4,88.88888888888889,.NET 8.0.14
MultiSequenceLearning,S14,9,1185.5874547,41.125,2.401,4,88.88888888888889,.NET 8.0.14
MultiSequenceLearning,S15,9,1185.5874547,41.125,2.401,4,88.88888888888889,.NET 8.0.14
MultiSequenceLearning,S16,9,1185.5874547,41.125,2.401,4,88.88888888888889,.NET 8.0.14
MultiSequenceLearning,S17,9,1185.5874547,41.125,2.401,4,88.88888888888889,.NET 8.0.14
MultiSequenceLearning,S18,9,1185.5874547,41.125,2.401,4,88.88888888888889,.NET 8.0.14
MultiSequenceLearning,S19,9,1185.5874547,41.125,2.401,4,88.88888888888889,.NET 8.0.14
MultiSequenceLearning,S20,9,1185.5874547,41.125,2.401,4,88.88888888888889,.NET 8.0.14
MultiSequenceLearning,S21,9,1185.5874547,41.125,2.401,4,88.88888888888889,.NET 8.0.14
MultiSequenceLearning,S22,9,1185.5874547,41.125,2.401,4,88.88888888888889,.NET 8.0.14
MultiSequenceLearning,S23,9,1185.5874547,41.125,2.401,4,88.88888888888889,.NET 8.0.14
MultiSequenceLearning,S24,9,1185.5874547,41.125,2.401,4,88.88888888888889,.NET 8.0.14
MultiSequenceLearning,S25,9,1185.5874547,41.125,2.401,4,88.88888888888889,.NET 8.0.14
MultiSequenceLearning,S26,9,1185.5874547,41.125,2.401,4,88.88888888888889,.NET 8.0.14
MultiSequenceLearning,S27,9,1185.5874547,41.125,2.401,4,88.88888888888889,.NET 8.0.14
MultiSequenceLearning,S28,9,1185.5874547,41.125,2.401,4,88.88888888888889,.NET 8.0.14
MultiSequenceLearning,S29,9,1185.5874547,41.125,2.401,4,88.88888888888889,.NET 8.0.14
MultiSequenceLearning,S30,9,1185.5874547,41.125,2.401,4,88.88888888888889,.NET 8.0.14
MultiSequenceLearning,S1,49,1185.5874547,41.125,2.401,4,100,.NET 8.0.14
MultiSequenceLearning,S2,49,1185.5874547,41.125,2.401,4,97.95918367346938,.NET 8.0.14
MultiSequenceLearning,S3,49,1185.5874547,41.125,2.401,4,97.95918367346938,.NET 8.0.14
MultiSequenceLearning,S4,9,1185.5874547,41.125,2.401,4,88.88888888888889,.NET 8.0.14
MultiSequenceLearning,S5,9,1185.5874547,41.125,2.401,4,88.88888888888889,.NET 8.0.14
MultiSequenceLearning,S6,9,1185.5874547,41.125,2.401,4,88.88888888888889,.NET 8.0.14
MultiSequenceLearning,S7,9,1185.5874547,41.125,2.401,4,88.88888888888889,.NET 8.0.14
MultiSequenceLearning,S8,9,1185.5874547,41.125,2.401,4,88.88888888888889,.NET 8.0.14
MultiSequenceLearning,S9,9,1185.5874547,41.125,2.401,4,88.88888888888889,.NET 8.0.14
MultiSequenceLearning,S10,9,1185.5874547,41.125,2.401,4,88.88888888888889,.NET 8.0.14
MultiSequenceLearning,S11,9,1185.5874547,41.125,2.401,4,88.88888888888889,.NET 8.0.14
MultiSequenceLearning,S12,9,1185.5874547,41.125,2.401,4,88.88888888888889,.NET 8.0.14
MultiSequenceLearning,S13,9,1185.5874547,41.125,2.401,4,88.88888888888889,.NET 8.0.14
MultiSequenceLearning,S14,9,1185.5874547,41.125,2.401,4,88.88888888888889,.NET 8.0.14
MultiSequenceLearning,S15,9,1185.5874547,41.125,2.401,4,88.88888888888889,.NET 8.0.14
MultiSequenceLearning,S16,9,1185.5874547,41.125,2.401,4,88.88888888888889,.NET 8.0.14
MultiSequenceLearning,S17,9,1185.5874547,41.125,2.401,4,88.88888888888889,.NET 8.0.14
MultiSequenceLearning,S18,9,1185.5874547,41.125,2.401,4,88.88888888888889,.NET 8.0.14
MultiSequenceLearning,S19,9,1185.5874547,41.125,2.401,4,88.88888888888889,.NET 8.0.14
MultiSequenceLearning,S20,9,1185.5874547,41.125,2.401,4,88.88888888888889,.NET 8.0.14
MultiSequenceLearning,S21,9,1185.5874547,41.125,2.401,4,88.88888888888889,.NET 8.0.14
MultiSequenceLearning,S22,9,1185.5874547,41.125,2.401,4,88.88888888888889,.NET 8.0.14
MultiSequenceLearning,S23,9,1185.5874547,41.125,2.401,4,88.88888888888889,.NET 8.0.14
MultiSequenceLearning,S24,9,1185.5874547,41.125,2.401,4,88.88888888888889,.NET 8.0.14
MultiSequenceLearning,S25,9,1185.5874547,41.125,2.401,4,88.88888888888889,.NET 8.0.14
MultiSequenceLearning,S26,9,1185.5874547,41.125,2.401,4,88.88888888888889,.NET 8.0.14
MultiSequenceLearning,S27,9,1185.5874547,41.125,2.401,4,88.88888888888889,.NET 8.0.14
MultiSequenceLearning,S28,9,1185.5874547,41.125,2.401,4,88.88888888888889,.NET 8.0.14
MultiSequenceLearning,S29,9,1185.5874547,41.125,2.401,4,88.88888888888889,.NET 8.0.14
MultiSequenceLearning,S30,9,1185.5874547,41.125,2.401,4,88.88888888888889,.NET 8.0.14
MultiSequenceLearning,S1,49,1185.5874547,41.125,2.401,4,100,.NET 8.0.14
MultiSequenceLearning,S2,49,1185.5874547,41.125,2.401,4,97.95918367346938,.NET 8.0.14
MultiSequenceLearning,S3,49,1185.5874547,41.125,2.401,4,97.95918367346938,.NET 8.0.14
MultiSequenceLearning,S4,9,1185.5874547,41.125,2.401,4,88.88888888888889,.NET 8.0.14
MultiSequenceLearning,S5,9,1185.5874547,41.125,2.401,4,88.88888888888889,.NET 8.0.14
MultiSequenceLearning,S6,9,1185.5874547,41.125,2.401,4,88.88888888888889,.NET 8.0.14
MultiSequenceLearning,S7,9,1185.5874547,41.125,2.401,4,88.88888888888889,.NET 8.0.14
MultiSequenceLearning,S8,9,1185.5874547,41.125,2.401,4,88.88888888888889,.NET 8.0.14
MultiSequenceLearning,S9,9,1185.5874547,41.125,2.401,4,88.88888888888889,.NET 8.0.14
MultiSequenceLearning,S10,9,1185.5874547,41.125,2.401,4,88.88888888888889,.NET 8.0.14
MultiSequenceLearning,S11,9,1185.5874547,41.125,2.401,4,88.88888888888889,.NET 8.0.14
MultiSequenceLearning,S12,9,1185.5874547,41.125,2.401,4,88.88888888888889,.NET 8.0.14
MultiSequenceLearning,S13,9,1185.5874547,41.125,2.401,4,88.88888888888889,.NET 8.0.14
MultiSequenceLearning,S14,9,1185.5874547,41.125,2.401,4,88.88888888888889,.NET 8.0.14
MultiSequenceLearning,S15,9,1185.5874547,41.125,2.401,4,88.88888888888889,.NET 8.0.14
MultiSequenceLearning,S16,9,1185.5874547,41.125,2.401,4,88.88888888888889,.NET 8.0.14
MultiSequenceLearning,S17,9,1185.5874547,41.125,2.401,4,88.88888888888889,.NET 8.0.14
MultiSequenceLearning,S18,9,1185.5874547,41.125,2.401,4,88.88888888888889,.NET 8.0.14
MultiSequenceLearning,S19,9,1185.5874547,41.125,2.401,4,88.88888888888889,.NET 8.0.14
MultiSequenceLearning,S20,9,1185.5874547,41.125,2.401,4,88.88888888888889,.NET 8.0.14
MultiSequenceLearning,S21,9,1185.5874547,41.125,2.401,4,88.88888888888889,.NET 8.0.14
MultiSequenceLearning,S22,9,1185.5874547,41.125,2.401,4,88.88888888888889,.NET 8.0.14
MultiSequenceLearning,S23,9,1185.5874547,41.125,2.401,4,88.88888888888889,.NET 8.0.14
MultiSequenceLearning,S24,9,1185.5874547,41.125,2.401,4,88.88888888888889,.NET 8.0.14
MultiSequenceLearning,S25,9,1185.5874547,41.125,2.401,4,88.88888888888889,.NET 8.0.14
MultiSequenceLearning,S26,9,1185.5874547,41.125,2.401,4,88.88888888888889,.NET 8.0.14
MultiSequenceLearning,S27,9,1185.5874547,41.125,2.401,4,88.88888888888889,.NET 8.0.14
MultiSequenceLearning,S28,9,1185.5874547,41.125,2.401,4,88.88888888888889,.NET 8.0.14
MultiSequenceLearning,S29,9,1185.5874547,41.125,2.401,4,88.88888888888889,.NET 8.0.14
MultiSequenceLearning,S30,9,1185.5874547,41.125,2.401,4,88.88888888888889,.NET 8.0.14
MultiSequenceLearning,S1,49,1185.5874547,41.125,2.401,4,100,.NET 8.0.14
MultiSequenceLearning,S2,49,1185.5874547,41.125,2.401,4,97.95918367346938,.NET 8.0.14
MultiSequenceLearning,S3,49,1185.5874547,41.125,2.401,4,97.95918367346938,.NET 8.0.14
MultiSequenceLearning,S4,9,1185.5874547,41.125,2.401,4,88.88888888888889,.NET 8.0.14
MultiSequenceLearning,S5,9,1185.5874547,41.125,2.401,4,88.88888888888889,.NET 8.0.14
MultiSequenceLearning,S6,9,1185.5874547,41.125,2.401,4,88.88888888888889,.NET 8.0.14
MultiSequenceLearning,S7,9,1185.5874547,41.125,2.401,4,88.88888888888889,.NET 8.0.14
MultiSequenceLearning,S8,9,1185.5874547,41.125,2.401,4,88.88888888888889,.NET 8.0.14
MultiSequenceLearning,S9,9,1185.5874547,41.125,2.401,4,88.88888888888889,.NET 8.0.14
MultiSequenceLearning,S10,9,1185.5874547,41.125,2.401,4,88.88888888888889,.NET 8.0.14
MultiSequenceLearning,S11,9,1185.5874547,41.125,2.401,4,88.88888888888889,.NET 8.0.14
MultiSequenceLearning,S12,9,1185.5874547,41.125,2.401,4,88.88888888888889,.NET 8.0.14
MultiSequenceLearning,S13,9,1185.5874547,41.125,2.401,4,88.88888888888889,.NET 8.0.14
MultiSequenceLearning,S14,9,1185.5874547,41.125,2.401,4,88.88888888888889,.NET 8.0.14
MultiSequenceLearning,S15,9,1185.5874547,41.125,2.401,4,88.88888888888889,.NET 8.0.14
MultiSequenceLearning,S16,9,1185.5874547,41.125,2.401,4,88.88888888888889,.NET 8.0.14
MultiSequenceLearning,S17,9,1185.5874547,41.125,2.401,4,88.88888888888889,.NET 8.0.14
MultiSequenceLearning,S18,9,1185.5874547,41.125,2.401,4,88.88888888888889,.NET 8.0.14
MultiSequenceLearning,S19,9,1185.5874547,41.125,2.401,4,88.88888888888889,.NET 8.0.14
MultiSequenceLearning,S20,9,1185.5874547,41.125,2.401,4,88.88888888888889,.NET 8.0.14
MultiSequenceLearning,S21,9,1185.5874547,41.125,2.401,4,88.88888888888889,.NET 8.0.14
MultiSequenceLearning,S22,9,1185.5874547,41.125,2.401,4,88.88888888888889,.NET 8.0.14
MultiSequenceLearning,S23,9,1185.5874547,41.125,2.401,4,88.88888888888889,.NET 8.0.14
MultiSequenceLearning,S24,9,1185.5874547,41.125,2.401,4,88.88888888888889,.NET 8.0.14
MultiSequenceLearning,S25,9,1185.5874547,41.125,2.401,4,88.88888888888889,.NET 8.0.14
MultiSequenceLearning,S26,9,1185.5874547,41.125,2.401,4,88.88888888888889,.NET 8.0.14
MultiSequenceLearning,S27,9,1185.5874547,41.125,2.401,4,88.88888888888889,.NET 8.0.14
MultiSequenceLearning,S28,9,1185.5874547,41.125,2.401,4,88.88888888888889,.NET 8.0.14
MultiSequenceLearning,S29,9,1185.5874547,41.125,2.401,4,88.88888888888889,.NET 8.0.14
MultiSequenceLearning,S30,9,1185.5874547,41.125,2.401,4,88.88888888888889,.NET 8.0.14
MultiSequenceLearning,S1,49,1049.2642153,37.3984375,2.401,4,100,.NET 8.0.14
MultiSequenceLearning,S2,49,1049.2642153,37.3984375,2.401,4,97.95918367346938,.NET 8.0.14
MultiSequenceLearning,S3,49,1049.2642153,37.3984375,2.401,4,97.95918367346938,.NET 8.0.14
MultiSequenceLearning,S4,9,1049.2642153,37.3984375,2.401,4,88.88888888888889,.NET 8.0.14
MultiSequenceLearning,S5,9,1049.2642153,37.3984375,2.401,4,88.88888888888889,.NET 8.0.14
MultiSequenceLearning,S6,9,1049.2642153,37.3984375,2.401,4,88.88888888888889,.NET 8.0.14
MultiSequenceLearning,S7,9,1049.2642153,37.3984375,2.401,4,88.88888888888889,.NET 8.0.14
MultiSequenceLearning,S8,9,1049.2642153,37.3984375,2.401,4,88.88888888888889,.NET 8.0.14
MultiSequenceLearning,S9,9,1049.2642153,37.3984375,2.401,4,88.88888888888889,.NET 8.0.14
MultiSequenceLearning,S10,9,1049.2642153,37.3984375,2.401,4,88.88888888888889,.NET 8.0.14
MultiSequenceLearning,S11,9,1049.2642153,37.3984375,2.401,4,88.88888888888889,.NET 8.0.14
MultiSequenceLearning,S12,9,1049.2642153,37.3984375,2.401,4,88.88888888888889,.NET 8.0.14
MultiSequenceLearning,S13,9,1049.2642153,37.3984375,2.401,4,88.88888888888889,.NET 8.0.14
MultiSequenceLearning,S14,9,1049.2642153,37.3984375,2.401,4,88.88888888888889,.NET 8.0.14
MultiSequenceLearning,S15,9,1049.2642153,37.3984375,2.401,4,88.88888888888889,.NET 8.0.14
MultiSequenceLearning,S16,9,1049.2642153,37.3984375,2.401,4,88.88888888888889,.NET 8.0.14
MultiSequenceLearning,S17,9,1049.2642153,37.3984375,2.401,4,88.88888888888889,.NET 8.0.14
MultiSequenceLearning,S18,9,1049.2642153,37.3984375,2.401,4,88.88888888888889,.NET 8.0.14
MultiSequenceLearning,S19,9,1049.2642153,37.3984375,2.401,4,88.88888888888889,.NET 8.0.14
MultiSequenceLearning,S20,9,1049.2642153,37.3984375,2.401,4,88.88888888888889,.NET 8.0.14
MultiSequenceLearning,S21,9,1049.2642153,37.3984375,2.401,4,88.88888888888889,.NET 8.0.14
MultiSequenceLearning,S22,9,1049.2642153,37.3984375,2.401,4,88.88888888888889,.NET 8.0.14
MultiSequenceLearning,S23,9,1049.2642153,37.3984375,2.401,4,88.88888888888889,.NET 8.0.14
MultiSequenceLearning,S24,9,1049.2642153,37.3984375,2.401,4,88.88888888888889,.NET 8.0.14
MultiSequenceLearning,S25,9,1049.2642153,37.3984375,2.401,4,88.88888888888889,.NET 8.0.14
MultiSequenceLearning,S26,9,1049.2642153,37.3984375,2.401,4,88.88888888888889,.NET 8.0.14
MultiSequenceLearning,S27,9,1049.2642153,37.3984375,2.401,4,88.88888888888889,.NET 8.0.14
MultiSequenceLearning,S28,9,1049.2642153,37.3984375,2.401,4,88.88888888888889,.NET 8.0.14
MultiSequenceLearning,S29,9,1049.2642153,37.3984375,2.401,4,88.88888888888889,.NET 8.0.14
MultiSequenceLearning,S30,9,1049.2642153,37.3984375,2.401,4,88.88888888888889,.NET 8.0.14
MultiSequenceLearning,S1,49,1049.2642153,37.3984375,2.401,4,100,.NET 8.0.14
MultiSequenceLearning,S2,49,1049.2642153,37.3984375,2.401,4,97.95918367346938,.NET 8.0.14
MultiSequenceLearning,S3,49,1049.2642153,37.3984375,2.401,4,97.95918367346938,.NET 8.0.14
MultiSequenceLearning,S4,9,1049.2642153,37.3984375,2.401,4,88.88888888888889,.NET 8.0.14
MultiSequenceLearning,S5,9,1049.2642153,37.3984375,2.401,4,88.88888888888889,.NET 8.0.14
MultiSequenceLearning,S6,9,1049.2642153,37.3984375,2.401,4,88.88888888888889,.NET 8.0.14
MultiSequenceLearning,S7,9,1049.2642153,37.3984375,2.401,4,88.88888888888889,.NET 8.0.14
MultiSequenceLearning,S8,9,1049.2642153,37.3984375,2.401,4,88.88888888888889,.NET 8.0.14
MultiSequenceLearning,S9,9,1049.2642153,37.3984375,2.401,4,88.88888888888889,.NET 8.0.14
MultiSequenceLearning,S10,9,1049.2642153,37.3984375,2.401,4,88.88888888888889,.NET 8.0.14
MultiSequenceLearning,S11,9,1049.2642153,37.3984375,2.401,4,88.88888888888889,.NET 8.0.14
MultiSequenceLearning,S12,9,1049.2642153,37.3984375,2.401,4,88.88888888888889,.NET 8.0.14
MultiSequenceLearning,S13,9,1049.2642153,37.3984375,2.401,4,88.88888888888889,.NET 8.0.14
MultiSequenceLearning,S14,9,1049.2642153,37.3984375,2.401,4,88.88888888888889,.NET 8.0.14
MultiSequenceLearning,S15,9,1049.2642153,37.3984375,2.401,4,88.88888888888889,.NET 8.0.14
MultiSequenceLearning,S16,9,1049.2642153,37.3984375,2.401,4,88.88888888888889,.NET 8.0.14
MultiSequenceLearning,S17,9,1049.2642153,37.3984375,2.401,4,88.88888888888889,.NET 8.0.14
MultiSequenceLearning,S18,9,1049.2642153,37.3984375,2.401,4,88.88888888888889,.NET 8.0.14
MultiSequenceLearning,S19,9,1049.2642153,37.3984375,2.401,4,88.88888888888889,.NET 8.0.14
MultiSequenceLearning,S20,9,1049.2642153,37.3984375,2.401,4,88.88888888888889,.NET 8.0.14
MultiSequenceLearning,S21,9,1049.2642153,37.3984375,2.401,4,88.88888888888889,.NET 8.0.14
MultiSequenceLearning,S22,9,1049.2642153,37.3984375,2.401,4,88.88888888888889,.NET 8.0.14
MultiSequenceLearning,S23,9,1049.2642153,37.3984375,2.401,4,88.88888888888889,.NET 8.0.14
MultiSequenceLearning,S24,9,1049.2642153,37.3984375,2.401,4,88.88888888888889,.NET 8.0.14
MultiSequenceLearning,S25,9,1049.2642153,37.3984375,2.401,4,88.88888888888889,.NET 8.0.14
MultiSequenceLearning,S26,9,1049.2642153,37.3984375,2.401,4,88.88888888888889,.NET 8.0.14
MultiSequenceLearning,S27,9,1049.2642153,37.3984375,2.401,4,88.88888888888889,.NET 8.0.14
MultiSequenceLearning,S28,9,1049.2642153,37.3984375,2.401,4,88.88888888888889,.NET 8.0.14
MultiSequenceLearning,S29,9,1049.2642153,37.3984375,2.401,4,88.88888888888889,.NET 8.0.14
MultiSequenceLearning,S30,9,1049.2642153,37.3984375,2.401,4,88.88888888888889,.NET 8.0.14
MultiSequenceLearning,S1,49,1049.2642153,37.3984375,2.401,4,100,.NET 8.0.14
MultiSequenceLearning,S2,49,1049.2642153,37.3984375,2.401,4,97.95918367346938,.NET 8.0.14
MultiSequenceLearning,S3,49,1049.2642153,37.3984375,2.401,4,97.95918367346938,.NET 8.0.14
MultiSequenceLearning,S4,9,1049.2642153,37.3984375,2.401,4,88.88888888888889,.NET 8.0.14
MultiSequenceLearning,S5,9,1049.2642153,37.3984375,2.401,4,88.88888888888889,.NET 8.0.14
MultiSequenceLearning,S6,9,1049.2642153,37.3984375,2.401,4,88.88888888888889,.NET 8.0.14
MultiSequenceLearning,S7,9,1049.2642153,37.3984375,2.401,4,88.88888888888889,.NET 8.0.14
MultiSequenceLearning,S8,9,1049.2642153,37.3984375,2.401,4,88.88888888888889,.NET 8.0.14
MultiSequenceLearning,S9,9,1049.2642153,37.3984375,2.401,4,88.88888888888889,.NET 8.0.14
MultiSequenceLearning,S10,9,1049.2642153,37.3984375,2.401,4,88.88888888888889,.NET 8.0.14
MultiSequenceLearning,S11,9,1049.2642153,37.3984375,2.401,4,88.88888888888889,.NET 8.0.14
MultiSequenceLearning,S12,9,1049.2642153,37.3984375,2.401,4,88.88888888888889,.NET 8.0.14
MultiSequenceLearning,S13,9,1049.2642153,37.3984375,2.401,4,88.88888888888889,.NET 8.0.14
MultiSequenceLearning,S14,9,1049.2642153,37.3984375,2.401,4,88.88888888888889,.NET 8.0.14
MultiSequenceLearning,S15,9,1049.2642153,37.3984375,2.401,4,88.88888888888889,.NET 8.0.14
MultiSequenceLearning,S16,9,1049.2642153,37.3984375,2.401,4,88.88888888888889,.NET 8.0.14
MultiSequenceLearning,S17,9,1049.2642153,37.3984375,2.401,4,88.88888888888889,.NET 8.0.14
MultiSequenceLearning,S18,9,1049.2642153,37.3984375,2.401,4,88.88888888888889,.NET 8.0.14
MultiSequenceLearning,S19,9,1049.2642153,37.3984375,2.401,4,88.88888888888889,.NET 8.0.14
MultiSequenceLearning,S20,9,1049.2642153,37.3984375,2.401,4,88.88888888888889,.NET 8.0.14
MultiSequenceLearning,S21,9,1049.2642153,37.3984375,2.401,4,88.88888888888889,.NET 8.0.14
MultiSequenceLearning,S22,9,1049.2642153,37.3984375,2.401,4,88.88888888888889,.NET 8.0.14
MultiSequenceLearning,S23,9,1049.2642153,37.3984375,2.401,4,88.88888888888889,.NET 8.0.14
MultiSequenceLearning,S24,9,1049.2642153,37.3984375,2.401,4,88.88888888888889,.NET 8.0.14
MultiSequenceLearning,S25,9,1049.2642153,37.3984375,2.401,4,88.88888888888889,.NET 8.0.14
MultiSequenceLearning,S26,9,1049.2642153,37.3984375,2.401,4,88.88888888888889,.NET 8.0.14
MultiSequenceLearning,S27,9,1049.2642153,37.3984375,2.401,4,88.88888888888889,.NET 8.0.14
MultiSequenceLearning,S28,9,1049.2642153,37.3984375,2.401,4,88.88888888888889,.NET 8.0.14
MultiSequenceLearning,S29,9,1049.2642153,37.3984375,2.401,4,88.88888888888889,.NET 8.0.14
MultiSequenceLearning,S30,9,1049.2642153,37.3984375,2.401,4,88.88888888888889,.NET 8.0.14
MultiSequenceLearning,S1,49,1049.2642153,37.3984375,2.401,4,100,.NET 8.0.14
MultiSequenceLearning,S2,49,1049.2642153,37.3984375,2.401,4,97.95918367346938,.NET 8.0.14
MultiSequenceLearning,S3,49,1049.2642153,37.3984375,2.401,4,97.95918367346938,.NET 8.0.14
MultiSequenceLearning,S4,9,1049.2642153,37.3984375,2.401,4,88.88888888888889,.NET 8.0.14
MultiSequenceLearning,S5,9,1049.2642153,37.3984375,2.401,4,88.88888888888889,.NET 8.0.14
MultiSequenceLearning,S6,9,1049.2642153,37.3984375,2.401,4,88.88888888888889,.NET 8.0.14
MultiSequenceLearning,S7,9,1049.2642153,37.3984375,2.401,4,88.88888888888889,.NET 8.0.14
MultiSequenceLearning,S8,9,1049.2642153,37.3984375,2.401,4,88.88888888888889,.NET 8.0.14
MultiSequenceLearning,S9,9,1049.2642153,37.3984375,2.401,4,88.88888888888889,.NET 8.0.14
MultiSequenceLearning,S10,9,1049.2642153,37.3984375,2.401,4,88.88888888888889,.NET 8.0.14
MultiSequenceLearning,S11,9,1049.2642153,37.3984375,2.401,4,88.88888888888889,.NET 8.0.14
MultiSequenceLearning,S12,9,1049.2642153,37.3984375,2.401,4,88.88888888888889,.NET 8.0.14
MultiSequenceLearning,S13,9,1049.2642153,37.3984375,2.401,4,88.88888888888889,.NET 8.0.14
MultiSequenceLearning,S14,9,1049.2642153,37.3984375,2.401,4,88.88888888888889,.NET 8.0.14
MultiSequenceLearning,S15,9,1049.2642153,37.3984375,2.401,4,88.88888888888889,.NET 8.0.14
MultiSequenceLearning,S16,9,1049.2642153,37.3984375,2.401,4,88.88888888888889,.NET 8.0.14
MultiSequenceLearning,S17,9,1049.2642153,37.3984375,2.401,4,88.88888888888889,.NET 8.0.14
MultiSequenceLearning,S18,9,1049.2642153,37.3984375,2.401,4,88.88888888888889,.NET 8.0.14
MultiSequenceLearning,S19,9,1049.2642153,37.3984375,2.401,4,88.88888888888889,.NET 8.0.14
MultiSequenceLearning,S20,9,1049.2642153,37.3984375,2.401,4,88.88888888888889,.NET 8.0.14
MultiSequenceLearning,S21,9,1049.2642153,37.3984375,2.401,4,88.88888888888889,.NET 8.0.14
MultiSequenceLearning,S22,9,1049.2642153,37.3984375,2.401,4,88.88888888888889,.NET 8.0.14
MultiSequenceLearning,S23,9,1049.2642153,37.3984375,2.401,4,88.88888888888889,.NET 8.0.14
MultiSequenceLearning,S24,9,1049.2642153,37.3984375,2.401,4,88.88888888888889,.NET 8.0.14
MultiSequenceLearning,S25,9,1049.2642153,37.3984375,2.401,4,88.88888888888889,.NET 8.0.14
MultiSequenceLearning,S26,9,1049.2642153,37.3984375,2.401,4,88.88888888888889,.NET 8.0.14
MultiSequenceLearning,S27,9,1049.2642153,37.3984375,2.401,4,88.88888888888889,.NET 8.0.14
MultiSequenceLearning,S28,9,1049.2642153,37.3984375,2.401,4,88.88888888888889,.NET 8.0.14
MultiSequenceLearning,S29,9,1049.2642153,37.3984375,2.401,4,88.88888888888889,.NET 8.0.14
MultiSequenceLearning,S30,9,1049.2642153,37.3984375,2.401,4,88.88888888888889,.NET 8.0.14
MultiSequenceLearning,S1,49,977.2616841,36.890625,2.401,5,100,.NET 8.0.14
MultiSequenceLearning,S2,49,977.2616841,36.890625,2.401,5,97.95918367346938,.NET 8.0.14
MultiSequenceLearning,S3,49,977.2616841,36.890625,2.401,5,97.95918367346938,.NET 8.0.14
MultiSequenceLearning,S4,9,977.2616841,36.890625,2.401,5,88.88888888888889,.NET 8.0.14
MultiSequenceLearning,S5,9,977.2616841,36.890625,2.401,5,88.88888888888889,.NET 8.0.14
MultiSequenceLearning,S6,9,977.2616841,36.890625,2.401,5,88.88888888888889,.NET 8.0.14
MultiSequenceLearning,S7,9,977.2616841,36.890625,2.401,5,88.88888888888889,.NET 8.0.14
MultiSequenceLearning,S8,9,977.2616841,36.890625,2.401,5,88.88888888888889,.NET 8.0.14
MultiSequenceLearning,S9,9,977.2616841,36.890625,2.401,5,88.88888888888889,.NET 8.0.14
MultiSequenceLearning,S10,9,977.2616841,36.890625,2.401,5,88.88888888888889,.NET 8.0.14
MultiSequenceLearning,S11,9,977.2616841,36.890625,2.401,5,88.88888888888889,.NET 8.0.14
MultiSequenceLearning,S12,9,977.2616841,36.890625,2.401,5,88.88888888888889,.NET 8.0.14
MultiSequenceLearning,S13,9,977.2616841,36.890625,2.401,5,88.88888888888889,.NET 8.0.14
MultiSequenceLearning,S14,9,977.2616841,36.890625,2.401,5,88.88888888888889,.NET 8.0.14
MultiSequenceLearning,S15,9,977.2616841,36.890625,2.401,5,88.88888888888889,.NET 8.0.14
MultiSequenceLearning,S16,9,977.2616841,36.890625,2.401,5,88.88888888888889,.NET 8.0.14
MultiSequenceLearning,S17,9,977.2616841,36.890625,2.401,5,88.88888888888889,.NET 8.0.14
MultiSequenceLearning,S18,9,977.2616841,36.890625,2.401,5,88.88888888888889,.NET 8.0.14
MultiSequenceLearning,S19,9,977.2616841,36.890625,2.401,5,88.88888888888889,.NET 8.0.14
MultiSequenceLearning,S20,9,977.2616841,36.890625,2.401,5,88.88888888888889,.NET 8.0.14
MultiSequenceLearning,S21,9,977.2616841,36.890625,2.401,5,88.88888888888889,.NET 8.0.14
MultiSequenceLearning,S22,9,977.2616841,36.890625,2.401,5,88.88888888888889,.NET 8.0.14
MultiSequenceLearning,S23,9,977.2616841,36.890625,2.401,5,88.88888888888889,.NET 8.0.14
MultiSequenceLearning,S24,9,977.2616841,36.890625,2.401,5,88.88888888888889,.NET 8.0.14
MultiSequenceLearning,S25,9,977.2616841,36.890625,2.401,5,88.88888888888889,.NET 8.0.14
MultiSequenceLearning,S26,9,977.2616841,36.890625,2.401,5,88.88888888888889,.NET 8.0.14
MultiSequenceLearning,S27,9,977.2616841,36.890625,2.401,5,88.88888888888889,.NET 8.0.14
MultiSequenceLearning,S28,9,977.2616841,36.890625,2.401,5,88.88888888888889,.NET 8.0.14
MultiSequenceLearning,S29,9,977.2616841,36.890625,2.401,5,88.88888888888889,.NET 8.0.14
MultiSequenceLearning,S30,9,977.2616841,36.890625,2.401,5,88.88888888888889,.NET 8.0.14
MultiSequenceLearning,S1,49,977.2616841,36.890625,2.401,5,100,.NET 8.0.14
MultiSequenceLearning,S2,49,977.2616841,36.890625,2.401,5,97.95918367346938,.NET 8.0.14
MultiSequenceLearning,S3,49,977.2616841,36.890625,2.401,5,97.95918367346938,.NET 8.0.14
MultiSequenceLearning,S4,9,977.2616841,36.890625,2.401,5,88.88888888888889,.NET 8.0.14
MultiSequenceLearning,S5,9,977.2616841,36.890625,2.401,5,88.88888888888889,.NET 8.0.14
MultiSequenceLearning,S6,9,977.2616841,36.890625,2.401,5,88.88888888888889,.NET 8.0.14
MultiSequenceLearning,S7,9,977.2616841,36.890625,2.401,5,88.88888888888889,.NET 8.0.14
MultiSequenceLearning,S8,9,977.2616841,36.890625,2.401,5,88.88888888888889,.NET 8.0.14
MultiSequenceLearning,S9,9,977.2616841,36.890625,2.401,5,88.88888888888889,.NET 8.0.14
MultiSequenceLearning,S10,9,977.2616841,36.890625,2.401,5,88.88888888888889,.NET 8.0.14
MultiSequenceLearning,S11,9,977.2616841,36.890625,2.401,5,88.88888888888889,.NET 8.0.14
MultiSequenceLearning,S12,9,977.2616841,36.890625,2.401,5,88.88888888888889,.NET 8.0.14
MultiSequenceLearning,S13,9,977.2616841,36.890625,2.401,5,88.88888888888889,.NET 8.0.14
MultiSequenceLearning,S14,9,977.2616841,36.890625,2.401,5,88.88888888888889,.NET 8.0.14
MultiSequenceLearning,S15,9,977.2616841,36.890625,2.401,5,88.88888888888889,.NET 8.0.14
MultiSequenceLearning,S16,9,977.2616841,36.890625,2.401,5,88.88888888888889,.NET 8.0.14
MultiSequenceLearning,S17,9,977.2616841,36.890625,2.401,5,88.88888888888889,.NET 8.0.14
MultiSequenceLearning,S18,9,977.2616841,36.890625,2.401,5,88.88888888888889,.NET 8.0.14
MultiSequenceLearning,S19,9,977.2616841,36.890625,2.401,5,88.88888888888889,.NET 8.0.14
MultiSequenceLearning,S20,9,977.2616841,36.890625,2.401,5,88.88888888888889,.NET 8.0.14
MultiSequenceLearning,S21,9,977.2616841,36.890625,2.401,5,88.88888888888889,.NET 8.0.14
MultiSequenceLearning,S22,9,977.2616841,36.890625,2.401,5,88.88888888888889,.NET 8.0.14
MultiSequenceLearning,S23,9,977.2616841,36.890625,2.401,5,88.88888888888889,.NET 8.0.14
MultiSequenceLearning,S24,9,977.2616841,36.890625,2.401,5,88.88888888888889,.NET 8.0.14
MultiSequenceLearning,S25,9,977.2616841,36.890625,2.401,5,88.88888888888889,.NET 8.0.14
MultiSequenceLearning,S26,9,977.2616841,36.890625,2.401,5,88.88888888888889,.NET 8.0.14
MultiSequenceLearning,S27,9,977.2616841,36.890625,2.401,5,88.88888888888889,.NET 8.0.14
MultiSequenceLearning,S28,9,977.2616841,36.890625,2.401,5,88.88888888888889,.NET 8.0.14
MultiSequenceLearning,S29,9,977.2616841,36.890625,2.401,5,88.88888888888889,.NET 8.0.14
MultiSequenceLearning,S30,9,977.2616841,36.890625,2.401,5,88.88888888888889,.NET 8.0.14
MultiSequenceLearning,S1,49,977.2616841,36.890625,2.401,5,100,.NET 8.0.14
MultiSequenceLearning,S2,49,977.2616841,36.890625,2.401,5,97.95918367346938,.NET 8.0.14
MultiSequenceLearning,S3,49,977.2616841,36.890625,2.401,5,97.95918367346938,.NET 8.0.14
MultiSequenceLearning,S4,9,977.2616841,36.890625,2.401,5,88.88888888888889,.NET 8.0.14
MultiSequenceLearning,S5,9,977.2616841,36.890625,2.401,5,88.88888888888889,.NET 8.0.14
MultiSequenceLearning,S6,9,977.2616841,36.890625,2.401,5,88.88888888888889,.NET 8.0.14
MultiSequenceLearning,S7,9,977.2616841,36.890625,2.401,5,88.88888888888889,.NET 8.0.14
MultiSequenceLearning,S8,9,977.2616841,36.890625,2.401,5,88.88888888888889,.NET 8.0.14
MultiSequenceLearning,S9,9,977.2616841,36.890625,2.401,5,88.88888888888889,.NET 8.0.14
MultiSequenceLearning,S10,9,977.2616841,36.890625,2.401,5,88.88888888888889,.NET 8.0.14
MultiSequenceLearning,S11,9,977.2616841,36.890625,2.401,5,88.88888888888889,.NET 8.0.14
MultiSequenceLearning,S12,9,977.2616841,36.890625,2.401,5,88.88888888888889,.NET 8.0.14
MultiSequenceLearning,S13,9,977.2616841,36.890625,2.401,5,88.88888888888889,.NET 8.0.14
MultiSequenceLearning,S14,9,977.2616841,36.890625,2.401,5,88.88888888888889,.NET 8.0.14
MultiSequenceLearning,S15,9,977.2616841,36.890625,2.401,5,88.88888888888889,.NET 8.0.14
MultiSequenceLearning,S16,9,977.2616841,36.890625,2.401,5,88.88888888888889,.NET 8.0.14
MultiSequenceLearning,S17,9,977.2616841,36.890625,2.401,5,88.88888888888889,.NET 8.0.14
MultiSequenceLearning,S18,9,977.2616841,36.890625,2.401,5,88.88888888888889,.NET 8.0.14
MultiSequenceLearning,S19,9,977.2616841,36.890625,2.401,5,88.88888888888889,.NET 8.0.14
MultiSequenceLearning,S20,9,977.2616841,36.890625,2.401,5,88.88888888888889,.NET 8.0.14
MultiSequenceLearning,S21,9,977.2616841,36.890625,2.401,5,88.88888888888889,.NET 8.0.14
MultiSequenceLearning,S22,9,977.2616841,36.890625,2.401,5,88.88888888888889,.NET 8.0.14
MultiSequenceLearning,S23,9,977.2616841,36.890625,2.401,5,88.88888888888889,.NET 8.0.14
MultiSequenceLearning,S24,9,977.2616841,36.890625,2.401,5,88.88888888888889,.NET 8.0.14
MultiSequenceLearning,S25,9,977.2616841,36.890625,2.401,5,88.88888888888889,.NET 8.0.14
MultiSequenceLearning,S26,9,977.2616841,36.890625,2.401,5,88.88888888888889,.NET 8.0.14
MultiSequenceLearning,S27,9,977.2616841,36.890625,2.401,5,88.88888888888889,.NET 8.0.14
MultiSequenceLearning,S28,9,977.2616841,36.890625,2.401,5,88.88888888888889,.NET 8.0.14
MultiSequenceLearning,S29,9,977.2616841,36.890625,2.401,5,88.88888888888889,.NET 8.0.14
MultiSequenceLearning,S30,9,977.2616841,36.890625,2.401,5,88.88888888888889,.NET 8.0.14
MultiSequenceLearning,S1,49,977.2616841,36.890625,2.401,5,100,.NET 8.0.14
MultiSequenceLearning,S2,49,977.2616841,36.890625,2.401,5,97.95918367346938,.NET 8.0.14
MultiSequenceLearning,S3,49,977.2616841,36.890625,2.401,5,97.95918367346938,.NET 8.0.14
MultiSequenceLearning,S4,9,977.2616841,36.890625,2.401,5,88.88888888888889,.NET 8.0.14
MultiSequenceLearning,S5,9,977.2616841,36.890625,2.401,5,88.88888888888889,.NET 8.0.14
MultiSequenceLearning,S6,9,977.2616841,36.890625,2.401,5,88.88888888888889,.NET 8.0.14
MultiSequenceLearning,S7,9,977.2616841,36.890625,2.401,5,88.88888888888889,.NET 8.0.14
MultiSequenceLearning,S8,9,977.2616841,36.890625,2.401,5,88.88888888888889,.NET 8.0.14
MultiSequenceLearning,S9,9,977.2616841,36.890625,2.401,5,88.88888888888889,.NET 8.0.14
MultiSequenceLearning,S10,9,977.2616841,36.890625,2.401,5,88.88888888888889,.NET 8.0.14
MultiSequenceLearning,S11,9,977.2616841,36.890625,2.401,5,88.88888888888889,.NET 8.0.14
MultiSequenceLearning,S12,9,977.2616841,36.890625,2.401,5,88.88888888888889,.NET 8.0.14
MultiSequenceLearning,S13,9,977.2616841,36.890625,2.401,5,88.88888888888889,.NET 8.0.14
MultiSequenceLearning,S14,9,977.2616841,36.890625,2.401,5,88.88888888888889,.NET 8.0.14
MultiSequenceLearning,S15,9,977.2616841,36.890625,2.401,5,88.88888888888889,.NET 8.0.14
MultiSequenceLearning,S16,9,977.2616841,36.890625,2.401,5,88.88888888888889,.NET 8.0.14
MultiSequenceLearning,S17,9,977.2616841,36.890625,2.401,5,88.88888888888889,.NET 8.0.14
MultiSequenceLearning,S18,9,977.2616841,36.890625,2.401,5,88.88888888888889,.NET 8.0.14
MultiSequenceLearning,S19,9,977.2616841,36.890625,2.401,5,88.88888888888889,.NET 8.0.14
MultiSequenceLearning,S20,9,977.2616841,36.890625,2.401,5,88.88888888888889,.NET 8.0.14
MultiSequenceLearning,S21,9,977.2616841,36.890625,2.401,5,88.88888888888889,.NET 8.0.14
MultiSequenceLearning,S22,9,977.2616841,36.890625,2.401,5,88.88888888888889,.NET 8.0.14
MultiSequenceLearning,S23,9,977.2616841,36.890625,2.401,5,88.88888888888889,.NET 8.0.14
MultiSequenceLearning,S24,9,977.2616841,36.890625,2.401,5,88.88888888888889,.NET 8.0.14
MultiSequenceLearning,S25,9,977.2616841,36.890625,2.401,5,88.88888888888889,.NET 8.0.14
MultiSequenceLearning,S26,9,977.2616841,36.890625,2.401,5,88.88888888888889,.NET 8.0.14
MultiSequenceLearning,S27,9,977.2616841,36.890625,2.401,5,88.88888888888889,.NET 8.0.14
MultiSequenceLearning,S28,9,977.2616841,36.890625,2.401,5,88.88888888888889,.NET 8.0.14
MultiSequenceLearning,S29,9,977.2616841,36.890625,2.401,5,88.88888888888889,.NET 8.0.14
MultiSequenceLearning,S30,9,977.2616841,36.890625,2.401,5,88.88888888888889,.NET 8.0.14
MultiSequenceLearning,S1,49,1204.3558866,38.36328125,2.401,5,100,.NET 8.0.14
MultiSequenceLearning,S2,49,1204.3558866,38.36328125,2.401,5,97.95918367346938,.NET 8.0.14
MultiSequenceLearning,S3,49,1204.3558866,38.36328125,2.401,5,97.95918367346938,.NET 8.0.14
MultiSequenceLearning,S4,9,1204.3558866,38.36328125,2.401,5,88.88888888888889,.NET 8.0.14
MultiSequenceLearning,S5,9,1204.3558866,38.36328125,2.401,5,88.88888888888889,.NET 8.0.14
MultiSequenceLearning,S6,9,1204.3558866,38.36328125,2.401,5,88.88888888888889,.NET 8.0.14
MultiSequenceLearning,S7,9,1204.3558866,38.36328125,2.401,5,88.88888888888889,.NET 8.0.14
MultiSequenceLearning,S8,9,1204.3558866,38.36328125,2.401,5,88.88888888888889,.NET 8.0.14
MultiSequenceLearning,S9,9,1204.3558866,38.36328125,2.401,5,88.88888888888889,.NET 8.0.14
MultiSequenceLearning,S10,9,1204.3558866,38.36328125,2.401,5,88.88888888888889,.NET 8.0.14
MultiSequenceLearning,S11,9,1204.3558866,38.36328125,2.401,5,88.88888888888889,.NET 8.0.14
MultiSequenceLearning,S12,9,1204.3558866,38.36328125,2.401,5,88.88888888888889,.NET 8.0.14
MultiSequenceLearning,S13,9,1204.3558866,38.36328125,2.401,5,88.88888888888889,.NET 8.0.14
MultiSequenceLearning,S14,9,1204.3558866,38.36328125,2.401,5,88.88888888888889,.NET 8.0.14
MultiSequenceLearning,S15,9,1204.3558866,38.36328125,2.401,5,88.88888888888889,.NET 8.0.14
MultiSequenceLearning,S16,9,1204.3558866,38.36328125,2.401,5,88.88888888888889,.NET 8.0.14
MultiSequenceLearning,S17,9,1204.3558866,38.36328125,2.401,5,88.88888888888889,.NET 8.0.14
MultiSequenceLearning,S18,9,1204.3558866,38.36328125,2.401,5,88.88888888888889,.NET 8.0.14
MultiSequenceLearning,S19,9,1204.3558866,38.36328125,2.401,5,88.88888888888889,.NET 8.0.14
MultiSequenceLearning,S20,9,1204.3558866,38.36328125,2.401,5,88.88888888888889,.NET 8.0.14
MultiSequenceLearning,S21,9,1204.3558866,38.36328125,2.401,5,88.88888888888889,.NET 8.0.14
MultiSequenceLearning,S22,9,1204.3558866,38.36328125,2.401,5,88.88888888888889,.NET 8.0.14
MultiSequenceLearning,S23,9,1204.3558866,38.36328125,2.401,5,88.88888888888889,.NET 8.0.14
MultiSequenceLearning,S24,9,1204.3558866,38.36328125,2.401,5,88.88888888888889,.NET 8.0.14
MultiSequenceLearning,S25,9,1204.3558866,38.36328125,2.401,5,88.88888888888889,.NET 8.0.14
MultiSequenceLearning,S26,9,1204.3558866,38.36328125,2.401,5,88.88888888888889,.NET 8.0.14
MultiSequenceLearning,S27,9,1204.3558866,38.36328125,2.401,5,88.88888888888889,.NET 8.0.14
MultiSequenceLearning,S28,9,1204.3558866,38.36328125,2.401,5,88.88888888888889,.NET 8.0.14
MultiSequenceLearning,S29,9,1204.3558866,38.36328125,2.401,5,88.88888888888889,.NET 8.0.14
MultiSequenceLearning,S30,9,1204.3558866,38.36328125,2.401,5,88.88888888888889,.NET 8.0.14
MultiSequenceLearning,S1,49,1204.3558866,38.36328125,2.401,5,100,.NET 8.0.14
MultiSequenceLearning,S2,49,1204.3558866,38.36328125,2.401,5,97.95918367346938,.NET 8.0.14
MultiSequenceLearning,S3,49,1204.3558866,38.36328125,2.401,5,97.95918367346938,.NET 8.0.14
MultiSequenceLearning,S4,9,1204.3558866,38.36328125,2.401,5,88.88888888888889,.NET 8.0.14
MultiSequenceLearning,S5,9,1204.3558866,38.36328125,2.401,5,88.88888888888889,.NET 8.0.14
MultiSequenceLearning,S6,9,1204.3558866,38.36328125,2.401,5,88.88888888888889,.NET 8.0.14
MultiSequenceLearning,S7,9,1204.3558866,38.36328125,2.401,5,88.88888888888889,.NET 8.0.14
MultiSequenceLearning,S8,9,1204.3558866,38.36328125,2.401,5,88.88888888888889,.NET 8.0.14
MultiSequenceLearning,S9,9,1204.3558866,38.36328125,2.401,5,88.88888888888889,.NET 8.0.14
MultiSequenceLearning,S10,9,1204.3558866,38.36328125,2.401,5,88.88888888888889,.NET 8.0.14
MultiSequenceLearning,S11,9,1204.3558866,38.36328125,2.401,5,88.88888888888889,.NET 8.0.14
MultiSequenceLearning,S12,9,1204.3558866,38.36328125,2.401,5,88.88888888888889,.NET 8.0.14
MultiSequenceLearning,S13,9,1204.3558866,38.36328125,2.401,5,88.88888888888889,.NET 8.0.14
MultiSequenceLearning,S14,9,1204.3558866,38.36328125,2.401,5,88.88888888888889,.NET 8.0.14
MultiSequenceLearning,S15,9,1204.3558866,38.36328125,2.401,5,88.88888888888889,.NET 8.0.14
MultiSequenceLearning,S16,9,1204.3558866,38.36328125,2.401,5,88.88888888888889,.NET 8.0.14
MultiSequenceLearning,S17,9,1204.3558866,38.36328125,2.401,5,88.88888888888889,.NET 8.0.14
MultiSequenceLearning,S18,9,1204.3558866,38.36328125,2.401,5,88.88888888888889,.NET 8.0.14
MultiSequenceLearning,S19,9,1204.3558866,38.36328125,2.401,5,88.88888888888889,.NET 8.0.14
MultiSequenceLearning,S20,9,1204.3558866,38.36328125,2.401,5,88.88888888888889,.NET 8.0.14
MultiSequenceLearning,S21,9,1204.3558866,38.36328125,2.401,5,88.88888888888889,.NET 8.0.14
MultiSequenceLearning,S22,9,1204.3558866,38.36328125,2.401,5,88.88888888888889,.NET 8.0.14
MultiSequenceLearning,S23,9,1204.3558866,38.36328125,2.401,5,88.88888888888889,.NET 8.0.14
MultiSequenceLearning,S24,9,1204.3558866,38.36328125,2.401,5,88.88888888888889,.NET 8.0.14
MultiSequenceLearning,S25,9,1204.3558866,38.36328125,2.401,5,88.88888888888889,.NET 8.0.14
MultiSequenceLearning,S26,9,1204.3558866,38.36328125,2.401,5,88.88888888888889,.NET 8.0.14
MultiSequenceLearning,S27,9,1204.3558866,38.36328125,2.401,5,88.88888888888889,.NET 8.0.14
MultiSequenceLearning,S28,9,1204.3558866,38.36328125,2.401,5,88.88888888888889,.NET 8.0.14
MultiSequenceLearning,S29,9,1204.3558866,38.36328125,2.401,5,88.88888888888889,.NET 8.0.14
MultiSequenceLearning,S30,9,1204.3558866,38.36328125,2.401,5,88.88888888888889,.NET 8.0.14
MultiSequenceLearning,S1,49,1204.3558866,38.36328125,2.401,5,100,.NET 8.0.14
MultiSequenceLearning,S2,49,1204.3558866,38.36328125,2.401,5,97.95918367346938,.NET 8.0.14
MultiSequenceLearning,S3,49,1204.3558866,38.36328125,2.401,5,97.95918367346938,.NET 8.0.14
MultiSequenceLearning,S4,9,1204.3558866,38.36328125,2.401,5,88.88888888888889,.NET 8.0.14
MultiSequenceLearning,S5,9,1204.3558866,38.36328125,2.401,5,88.88888888888889,.NET 8.0.14
MultiSequenceLearning,S6,9,1204.3558866,38.36328125,2.401,5,88.88888888888889,.NET 8.0.14
MultiSequenceLearning,S7,9,1204.3558866,38.36328125,2.401,5,88.88888888888889,.NET 8.0.14
MultiSequenceLearning,S8,9,1204.3558866,38.36328125,2.401,5,88.88888888888889,.NET 8.0.14
MultiSequenceLearning,S9,9,1204.3558866,38.36328125,2.401,5,88.88888888888889,.NET 8.0.14
MultiSequenceLearning,S10,9,1204.3558866,38.36328125,2.401,5,88.88888888888889,.NET 8.0.14
MultiSequenceLearning,S11,9,1204.3558866,38.36328125,2.401,5,88.88888888888889,.NET 8.0.14
MultiSequenceLearning,S12,9,1204.3558866,38.36328125,2.401,5,88.88888888888889,.NET 8.0.14
MultiSequenceLearning,S13,9,1204.3558866,38.36328125,2.401,5,88.88888888888889,.NET 8.0.14
MultiSequenceLearning,S14,9,1204.3558866,38.36328125,2.401,5,88.88888888888889,.NET 8.0.14
MultiSequenceLearning,S15,9,1204.3558866,38.36328125,2.401,5,88.88888888888889,.NET 8.0.14
MultiSequenceLearning,S16,9,1204.3558866,38.36328125,2.401,5,88.88888888888889,.NET 8.0.14
MultiSequenceLearning,S17,9,1204.3558866,38.36328125,2.401,5,88.88888888888889,.NET 8.0.14
MultiSequenceLearning,S18,9,1204.3558866,38.36328125,2.401,5,88.88888888888889,.NET 8.0.14
MultiSequenceLearning,S19,9,1204.3558866,38.36328125,2.401,5,88.88888888888889,.NET 8.0.14
MultiSequenceLearning,S20,9,1204.3558866,38.36328125,2.401,5,88.88888888888889,.NET 8.0.14
MultiSequenceLearning,S21,9,1204.3558866,38.36328125,2.401,5,88.88888888888889,.NET 8.0.14
MultiSequenceLearning,S22,9,1204.3558866,38.36328125,2.401,5,88.88888888888889,.NET 8.0.14
MultiSequenceLearning,S23,9,1204.3558866,38.36328125,2.401,5,88.88888888888889,.NET 8.0.14
MultiSequenceLearning,S24,9,1204.3558866,38.36328125,2.401,5,88.88888888888889,.NET 8.0.14
MultiSequenceLearning,S25,9,1204.3558866,38.36328125,2.401,5,88.88888888888889,.NET 8.0.14
MultiSequenceLearning,S26,9,1204.3558866,38.36328125,2.401,5,88.88888888888889,.NET 8.0.14
MultiSequenceLearning,S27,9,1204.3558866,38.36328125,2.401,5,88.88888888888889,.NET 8.0.14
MultiSequenceLearning,S28,9,1204.3558866,38.36328125,2.401,5,88.88888888888889,.NET 8.0.14
MultiSequenceLearning,S29,9,1204.3558866,38.36328125,2.401,5,88.88888888888889,.NET 8.0.14
MultiSequenceLearning,S30,9,1204.3558866,38.36328125,2.401,5,88.88888888888889,.NET 8.0.14
MultiSequenceLearning,S1,49,1204.3558866,38.36328125,2.401,5,100,.NET 8.0.14
MultiSequenceLearning,S2,49,1204.3558866,38.36328125,2.401,5,97.95918367346938,.NET 8.0.14
MultiSequenceLearning,S3,49,1204.3558866,38.36328125,2.401,5,97.95918367346938,.NET 8.0.14
MultiSequenceLearning,S4,9,1204.3558866,38.36328125,2.401,5,88.88888888888889,.NET 8.0.14
MultiSequenceLearning,S5,9,1204.3558866,38.36328125,2.401,5,88.88888888888889,.NET 8.0.14
MultiSequenceLearning,S6,9,1204.3558866,38.36328125,2.401,5,88.88888888888889,.NET 8.0.14
MultiSequenceLearning,S7,9,1204.3558866,38.36328125,2.401,5,88.88888888888889,.NET 8.0.14
MultiSequenceLearning,S8,9,1204.3558866,38.36328125,2.401,5,88.88888888888889,.NET 8.0.14
MultiSequenceLearning,S9,9,1204.3558866,38.36328125,2.401,5,88.88888888888889,.NET 8.0.14
MultiSequenceLearning,S10,9,1204.3558866,38.36328125,2.401,5,88.88888888888889,.NET 8.0.14
MultiSequenceLearning,S11,9,1204.3558866,38.36328125,2.401,5,88.88888888888889,.NET 8.0.14
MultiSequenceLearning,S12,9,1204.3558866,38.36328125,2.401,5,88.88888888888889,.NET 8.0.14
MultiSequenceLearning,S13,9,1204.3558866,38.36328125,2.401,5,88.88888888888889,.NET 8.0.14
MultiSequenceLearning,S14,9,1204.3558866,38.36328125,2.401,5,88.88888888888889,.NET 8.0.14
MultiSequenceLearning,S15,9,1204.3558866,38.36328125,2.401,5,88.88888888888889,.NET 8.0.14
MultiSequenceLearning,S16,9,1204.3558866,38.36328125,2.401,5,88.88888888888889,.NET 8.0.14
MultiSequenceLearning,S17,9,1204.3558866,38.36328125,2.401,5,88.88888888888889,.NET 8.0.14
MultiSequenceLearning,S18,9,1204.3558866,38.36328125,2.401,5,88.88888888888889,.NET 8.0.14
MultiSequenceLearning,S19,9,1204.3558866,38.36328125,2.401,5,88.88888888888889,.NET 8.0.14
MultiSequenceLearning,S20,9,1204.3558866,38.36328125,2.401,5,88.88888888888889,.NET 8.0.14
MultiSequenceLearning,S21,9,1204.3558866,38.36328125,2.401,5,88.88888888888889,.NET 8.0.14
MultiSequenceLearning,S22,9,1204.3558866,38.36328125,2.401,5,88.88888888888889,.NET 8.0.14
MultiSequenceLearning,S23,9,1204.3558866,38.36328125,2.401,5,88.88888888888889,.NET 8.0.14
MultiSequenceLearning,S24,9,1204.3558866,38.36328125,2.401,5,88.88888888888889,.NET 8.0.14
MultiSequenceLearning,S25,9,1204.3558866,38.36328125,2.401,5,88.88888888888889,.NET 8.0.14
MultiSequenceLearning,S26,9,1204.3558866,38.36328125,2.401,5,88.88888888888889,.NET 8.0.14
MultiSequenceLearning,S27,9,1204.3558866,38.36328125,2.401,5,88.88888888888889,.NET 8.0.14
MultiSequenceLearning,S28,9,1204.3558866,38.36328125,2.401,5,88.88888888888889,.NET 8.0.14
MultiSequenceLearning,S29,9,1204.3558866,38.36328125,2.401,5,88.88888888888889,.NET 8.0.14
MultiSequenceLearning,S30,9,1204.3558866,38.36328125,2.401,5,88.88888888888889,.NET 8.0.14
MultiSequenceLearning,S1,49,1140.1498766,36.20703125,2.401,5,100,.NET 8.0.14
MultiSequenceLearning,S2,49,1140.1498766,36.20703125,2.401,5,97.95918367346938,.NET 8.0.14
MultiSequenceLearning,S3,49,1140.1498766,36.20703125,2.401,5,97.95918367346938,.NET 8.0.14
MultiSequenceLearning,S4,9,1140.1498766,36.20703125,2.401,5,88.88888888888889,.NET 8.0.14
MultiSequenceLearning,S5,9,1140.1498766,36.20703125,2.401,5,88.88888888888889,.NET 8.0.14
MultiSequenceLearning,S6,9,1140.1498766,36.20703125,2.401,5,88.88888888888889,.NET 8.0.14
MultiSequenceLearning,S7,9,1140.1498766,36.20703125,2.401,5,88.88888888888889,.NET 8.0.14
MultiSequenceLearning,S8,9,1140.1498766,36.20703125,2.401,5,88.88888888888889,.NET 8.0.14
MultiSequenceLearning,S9,9,1140.1498766,36.20703125,2.401,5,88.88888888888889,.NET 8.0.14
MultiSequenceLearning,S10,9,1140.1498766,36.20703125,2.401,5,88.88888888888889,.NET 8.0.14
MultiSequenceLearning,S11,9,1140.1498766,36.20703125,2.401,5,88.88888888888889,.NET 8.0.14
MultiSequenceLearning,S12,9,1140.1498766,36.20703125,2.401,5,88.88888888888889,.NET 8.0.14
MultiSequenceLearning,S13,9,1140.1498766,36.20703125,2.401,5,88.88888888888889,.NET 8.0.14
MultiSequenceLearning,S14,9,1140.1498766,36.20703125,2.401,5,88.88888888888889,.NET 8.0.14
MultiSequenceLearning,S15,9,1140.1498766,36.20703125,2.401,5,88.88888888888889,.NET 8.0.14
MultiSequenceLearning,S16,9,1140.1498766,36.20703125,2.401,5,88.88888888888889,.NET 8.0.14
MultiSequenceLearning,S17,9,1140.1498766,36.20703125,2.401,5,88.88888888888889,.NET 8.0.14
MultiSequenceLearning,S18,9,1140.1498766,36.20703125,2.401,5,88.88888888888889,.NET 8.0.14
MultiSequenceLearning,S19,9,1140.1498766,36.20703125,2.401,5,88.88888888888889,.NET 8.0.14
MultiSequenceLearning,S20,9,1140.1498766,36.20703125,2.401,5,88.88888888888889,.NET 8.0.14
MultiSequenceLearning,S21,9,1140.1498766,36.20703125,2.401,5,88.88888888888889,.NET 8.0.14
MultiSequenceLearning,S22,9,1140.1498766,36.20703125,2.401,5,88.88888888888889,.NET 8.0.14
MultiSequenceLearning,S23,9,1140.1498766,36.20703125,2.401,5,88.88888888888889,.NET 8.0.14
MultiSequenceLearning,S24,9,1140.1498766,36.20703125,2.401,5,88.88888888888889,.NET 8.0.14
MultiSequenceLearning,S25,9,1140.1498766,36.20703125,2.401,5,88.88888888888889,.NET 8.0.14
MultiSequenceLearning,S26,9,1140.1498766,36.20703125,2.401,5,88.88888888888889,.NET 8.0.14
MultiSequenceLearning,S27,9,1140.1498766,36.20703125,2.401,5,88.88888888888889,.NET 8.0.14
MultiSequenceLearning,S28,9,1140.1498766,36.20703125,2.401,5,88.88888888888889,.NET 8.0.14
MultiSequenceLearning,S29,9,1140.1498766,36.20703125,2.401,5,88.88888888888889,.NET 8.0.14
MultiSequenceLearning,S30,9,1140.1498766,36.20703125,2.401,5,88.88888888888889,.NET 8.0.14
MultiSequenceLearning,S1,49,1140.1498766,36.20703125,2.401,5,100,.NET 8.0.14
MultiSequenceLearning,S2,49,1140.1498766,36.20703125,2.401,5,97.95918367346938,.NET 8.0.14
MultiSequenceLearning,S3,49,1140.1498766,36.20703125,2.401,5,97.95918367346938,.NET 8.0.14
MultiSequenceLearning,S4,9,1140.1498766,36.20703125,2.401,5,88.88888888888889,.NET 8.0.14
MultiSequenceLearning,S5,9,1140.1498766,36.20703125,2.401,5,88.88888888888889,.NET 8.0.14
MultiSequenceLearning,S6,9,1140.1498766,36.20703125,2.401,5,88.88888888888889,.NET 8.0.14
MultiSequenceLearning,S7,9,1140.1498766,36.20703125,2.401,5,88.88888888888889,.NET 8.0.14
MultiSequenceLearning,S8,9,1140.1498766,36.20703125,2.401,5,88.88888888888889,.NET 8.0.14
MultiSequenceLearning,S9,9,1140.1498766,36.20703125,2.401,5,88.88888888888889,.NET 8.0.14
MultiSequenceLearning,S10,9,1140.1498766,36.20703125,2.401,5,88.88888888888889,.NET 8.0.14
MultiSequenceLearning,S11,9,1140.1498766,36.20703125,2.401,5,88.88888888888889,.NET 8.0.14
MultiSequenceLearning,S12,9,1140.1498766,36.20703125,2.401,5,88.88888888888889,.NET 8.0.14
MultiSequenceLearning,S13,9,1140.1498766,36.20703125,2.401,5,88.88888888888889,.NET 8.0.14
MultiSequenceLearning,S14,9,1140.1498766,36.20703125,2.401,5,88.88888888888889,.NET 8.0.14
MultiSequenceLearning,S15,9,1140.1498766,36.20703125,2.401,5,88.88888888888889,.NET 8.0.14
MultiSequenceLearning,S16,9,1140.1498766,36.20703125,2.401,5,88.88888888888889,.NET 8.0.14
MultiSequenceLearning,S17,9,1140.1498766,36.20703125,2.401,5,88.88888888888889,.NET 8.0.14
MultiSequenceLearning,S18,9,1140.1498766,36.20703125,2.401,5,88.88888888888889,.NET 8.0.14
MultiSequenceLearning,S19,9,1140.1498766,36.20703125,2.401,5,88.88888888888889,.NET 8.0.14
MultiSequenceLearning,S20,9,1140.1498766,36.20703125,2.401,5,88.88888888888889,.NET 8.0.14
MultiSequenceLearning,S21,9,1140.1498766,36.20703125,2.401,5,88.88888888888889,.NET 8.0.14
MultiSequenceLearning,S22,9,1140.1498766,36.20703125,2.401,5,88.88888888888889,.NET 8.0.14
MultiSequenceLearning,S23,9,1140.1498766,36.20703125,2.401,5,88.88888888888889,.NET 8.0.14
MultiSequenceLearning,S24,9,1140.1498766,36.20703125,2.401,5,88.88888888888889,.NET 8.0.14
MultiSequenceLearning,S25,9,1140.1498766,36.20703125,2.401,5,88.88888888888889,.NET 8.0.14
MultiSequenceLearning,S26,9,1140.1498766,36.20703125,2.401,5,88.88888888888889,.NET 8.0.14
MultiSequenceLearning,S27,9,1140.1498766,36.20703125,2.401,5,88.88888888888889,.NET 8.0.14
MultiSequenceLearning,S28,9,1140.1498766,36.20703125,2.401,5,88.88888888888889,.NET 8.0.14
MultiSequenceLearning,S29,9,1140.1498766,36.20703125,2.401,5,88.88888888888889,.NET 8.0.14
MultiSequenceLearning,S30,9,1140.1498766,36.20703125,2.401,5,88.88888888888889,.NET 8.0.14
MultiSequenceLearning,S1,49,1140.1498766,36.20703125,2.401,5,100,.NET 8.0.14
MultiSequenceLearning,S2,49,1140.1498766,36.20703125,2.401,5,97.95918367346938,.NET 8.0.14
MultiSequenceLearning,S3,49,1140.1498766,36.20703125,2.401,5,97.95918367346938,.NET 8.0.14
MultiSequenceLearning,S4,9,1140.1498766,36.20703125,2.401,5,88.88888888888889,.NET 8.0.14
MultiSequenceLearning,S5,9,1140.1498766,36.20703125,2.401,5,88.88888888888889,.NET 8.0.14
MultiSequenceLearning,S6,9,1140.1498766,36.20703125,2.401,5,88.88888888888889,.NET 8.0.14
MultiSequenceLearning,S7,9,1140.1498766,36.20703125,2.401,5,88.88888888888889,.NET 8.0.14
MultiSequenceLearning,S8,9,1140.1498766,36.20703125,2.401,5,88.88888888888889,.NET 8.0.14
MultiSequenceLearning,S9,9,1140.1498766,36.20703125,2.401,5,88.88888888888889,.NET 8.0.14
MultiSequenceLearning,S10,9,1140.1498766,36.20703125,2.401,5,88.88888888888889,.NET 8.0.14
MultiSequenceLearning,S11,9,1140.1498766,36.20703125,2.401,5,88.88888888888889,.NET 8.0.14
MultiSequenceLearning,S12,9,1140.1498766,36.20703125,2.401,5,88.88888888888889,.NET 8.0.14
MultiSequenceLearning,S13,9,1140.1498766,36.20703125,2.401,5,88.88888888888889,.NET 8.0.14
MultiSequenceLearning,S14,9,1140.1498766,36.20703125,2.401,5,88.88888888888889,.NET 8.0.14
MultiSequenceLearning,S15,9,1140.1498766,36.20703125,2.401,5,88.88888888888889,.NET 8.0.14
MultiSequenceLearning,S16,9,1140.1498766,36.20703125,2.401,5,88.88888888888889,.NET 8.0.14
MultiSequenceLearning,S17,9,1140.1498766,36.20703125,2.401,5,88.88888888888889,.NET 8.0.14
MultiSequenceLearning,S18,9,1140.1498766,36.20703125,2.401,5,88.88888888888889,.NET 8.0.14
MultiSequenceLearning,S19,9,1140.1498766,36.20703125,2.401,5,88.88888888888889,.NET 8.0.14
MultiSequenceLearning,S20,9,1140.1498766,36.20703125,2.401,5,88.88888888888889,.NET 8.0.14
MultiSequenceLearning,S21,9,1140.1498766,36.20703125,2.401,5,88.88888888888889,.NET 8.0.14
MultiSequenceLearning,S22,9,1140.1498766,36.20703125,2.401,5,88.88888888888889,.NET 8.0.14
MultiSequenceLearning,S23,9,1140.1498766,36.20703125,2.401,5,88.88888888888889,.NET 8.0.14
MultiSequenceLearning,S24,9,1140.1498766,36.20703125,2.401,5,88.88888888888889,.NET 8.0.14
MultiSequenceLearning,S25,9,1140.1498766,36.20703125,2.401,5,88.88888888888889,.NET 8.0.14
MultiSequenceLearning,S26,9,1140.1498766,36.20703125,2.401,5,88.88888888888889,.NET 8.0.14
MultiSequenceLearning,S27,9,1140.1498766,36.20703125,2.401,5,88.88888888888889,.NET 8.0.14
MultiSequenceLearning,S28,9,1140.1498766,36.20703125,2.401,5,88.88888888888889,.NET 8.0.14
MultiSequenceLearning,S29,9,1140.1498766,36.20703125,2.401,5,88.88888888888889,.NET 8.0.14
MultiSequenceLearning,S30,9,1140.1498766,36.20703125,2.401,5,88.88888888888889,.NET 8.0.14
MultiSequenceLearning,S1,49,1140.1498766,36.20703125,2.401,5,100,.NET 8.0.14
MultiSequenceLearning,S2,49,1140.1498766,36.20703125,2.401,5,97.95918367346938,.NET 8.0.14
MultiSequenceLearning,S3,49,1140.1498766,36.20703125,2.401,5,97.95918367346938,.NET 8.0.14
MultiSequenceLearning,S4,9,1140.1498766,36.20703125,2.401,5,88.88888888888889,.NET 8.0.14
MultiSequenceLearning,S5,9,1140.1498766,36.20703125,2.401,5,88.88888888888889,.NET 8.0.14
MultiSequenceLearning,S6,9,1140.1498766,36.20703125,2.401,5,88.88888888888889,.NET 8.0.14
MultiSequenceLearning,S7,9,1140.1498766,36.20703125,2.401,5,88.88888888888889,.NET 8.0.14
MultiSequenceLearning,S8,9,1140.1498766,36.20703125,2.401,5,88.88888888888889,.NET 8.0.14
MultiSequenceLearning,S9,9,1140.1498766,36.20703125,2.401,5,88.88888888888889,.NET 8.0.14
MultiSequenceLearning,S10,9,1140.1498766,36.20703125,2.401,5,88.88888888888889,.NET 8.0.14
MultiSequenceLearning,S11,9,1140.1498766,36.20703125,2.401,5,88.88888888888889,.NET 8.0.14
MultiSequenceLearning,S12,9,1140.1498766,36.20703125,2.401,5,88.88888888888889,.NET 8.0.14
MultiSequenceLearning,S13,9,1140.1498766,36.20703125,2.401,5,88.88888888888889,.NET 8.0.14
MultiSequenceLearning,S14,9,1140.1498766,36.20703125,2.401,5,88.88888888888889,.NET 8.0.14
MultiSequenceLearning,S15,9,1140.1498766,36.20703125,2.401,5,88.88888888888889,.NET 8.0.14
MultiSequenceLearning,S16,9,1140.1498766,36.20703125,2.401,5,88.88888888888889,.NET 8.0.14
MultiSequenceLearning,S17,9,1140.1498766,36.20703125,2.401,5,88.88888888888889,.NET 8.0.14
MultiSequenceLearning,S18,9,1140.1498766,36.20703125,2.401,5,88.88888888888889,.NET 8.0.14
MultiSequenceLearning,S19,9,1140.1498766,36.20703125,2.401,5,88.88888888888889,.NET 8.0.14
MultiSequenceLearning,S20,9,1140.1498766,36.20703125,2.401,5,88.88888888888889,.NET 8.0.14
MultiSequenceLearning,S21,9,1140.1498766,36.20703125,2.401,5,88.88888888888889,.NET 8.0.14
MultiSequenceLearning,S22,9,1140.1498766,36.20703125,2.401,5,88.88888888888889,.NET 8.0.14
MultiSequenceLearning,S23,9,1140.1498766,36.20703125,2.401,5,88.88888888888889,.NET 8.0.14
MultiSequenceLearning,S24,9,1140.1498766,36.20703125,2.401,5,88.88888888888889,.NET 8.0.14
MultiSequenceLearning,S25,9,1140.1498766,36.20703125,2.401,5,88.88888888888889,.NET 8.0.14
MultiSequenceLearning,S26,9,1140.1498766,36.20703125,2.401,5,88.88888888888889,.NET 8.0.14
MultiSequenceLearning,S27,9,1140.1498766,36.20703125,2.401,5,88.88888888888889,.NET 8.0.14
MultiSequenceLearning,S28,9,1140.1498766,36.20703125,2.401,5,88.88888888888889,.NET 8.0.14
MultiSequenceLearning,S29,9,1140.1498766,36.20703125,2.401,5,88.88888888888889,.NET 8.0.14
MultiSequenceLearning,S30,9,1140.1498766,36.20703125,2.401,5,88.88888888888889,.NET 8.0.14
MultiSequenceLearning,S1,49,1133.0813376,37.6328125,2.401,6,100,.NET 8.0.14
MultiSequenceLearning,S2,49,1133.0813376,37.6328125,2.401,6,97.95918367346938,.NET 8.0.14
MultiSequenceLearning,S3,49,1133.0813376,37.6328125,2.401,6,97.95918367346938,.NET 8.0.14
MultiSequenceLearning,S4,9,1133.0813376,37.6328125,2.401,6,88.88888888888889,.NET 8.0.14
MultiSequenceLearning,S5,9,1133.0813376,37.6328125,2.401,6,88.88888888888889,.NET 8.0.14
MultiSequenceLearning,S6,9,1133.0813376,37.6328125,2.401,6,88.88888888888889,.NET 8.0.14
MultiSequenceLearning,S7,9,1133.0813376,37.6328125,2.401,6,88.88888888888889,.NET 8.0.14
MultiSequenceLearning,S8,9,1133.0813376,37.6328125,2.401,6,88.88888888888889,.NET 8.0.14
MultiSequenceLearning,S9,9,1133.0813376,37.6328125,2.401,6,88.88888888888889,.NET 8.0.14
MultiSequenceLearning,S10,9,1133.0813376,37.6328125,2.401,6,88.88888888888889,.NET 8.0.14
MultiSequenceLearning,S11,9,1133.0813376,37.6328125,2.401,6,88.88888888888889,.NET 8.0.14
MultiSequenceLearning,S12,9,1133.0813376,37.6328125,2.401,6,88.88888888888889,.NET 8.0.14
MultiSequenceLearning,S13,9,1133.0813376,37.6328125,2.401,6,88.88888888888889,.NET 8.0.14
MultiSequenceLearning,S14,9,1133.0813376,37.6328125,2.401,6,88.88888888888889,.NET 8.0.14
MultiSequenceLearning,S15,9,1133.0813376,37.6328125,2.401,6,88.88888888888889,.NET 8.0.14
MultiSequenceLearning,S16,9,1133.0813376,37.6328125,2.401,6,88.88888888888889,.NET 8.0.14
MultiSequenceLearning,S17,9,1133.0813376,37.6328125,2.401,6,88.88888888888889,.NET 8.0.14
MultiSequenceLearning,S18,9,1133.0813376,37.6328125,2.401,6,88.88888888888889,.NET 8.0.14
MultiSequenceLearning,S19,9,1133.0813376,37.6328125,2.401,6,88.88888888888889,.NET 8.0.14
MultiSequenceLearning,S20,9,1133.0813376,37.6328125,2.401,6,88.88888888888889,.NET 8.0.14
MultiSequenceLearning,S21,9,1133.0813376,37.6328125,2.401,6,88.88888888888889,.NET 8.0.14
MultiSequenceLearning,S22,9,1133.0813376,37.6328125,2.401,6,88.88888888888889,.NET 8.0.14
MultiSequenceLearning,S23,9,1133.0813376,37.6328125,2.401,6,88.88888888888889,.NET 8.0.14
MultiSequenceLearning,S24,9,1133.0813376,37.6328125,2.401,6,88.88888888888889,.NET 8.0.14
MultiSequenceLearning,S25,9,1133.0813376,37.6328125,2.401,6,88.88888888888889,.NET 8.0.14
MultiSequenceLearning,S26,9,1133.0813376,37.6328125,2.401,6,88.88888888888889,.NET 8.0.14
MultiSequenceLearning,S27,9,1133.0813376,37.6328125,2.401,6,88.88888888888889,.NET 8.0.14
MultiSequenceLearning,S28,9,1133.0813376,37.6328125,2.401,6,88.88888888888889,.NET 8.0.14
MultiSequenceLearning,S29,9,1133.0813376,37.6328125,2.401,6,88.88888888888889,.NET 8.0.14
MultiSequenceLearning,S30,9,1133.0813376,37.6328125,2.401,6,88.88888888888889,.NET 8.0.14
MultiSequenceLearning,S1,49,1133.0813376,37.6328125,2.401,6,100,.NET 8.0.14
MultiSequenceLearning,S2,49,1133.0813376,37.6328125,2.401,6,97.95918367346938,.NET 8.0.14
MultiSequenceLearning,S3,49,1133.0813376,37.6328125,2.401,6,97.95918367346938,.NET 8.0.14
MultiSequenceLearning,S4,9,1133.0813376,37.6328125,2.401,6,88.88888888888889,.NET 8.0.14
MultiSequenceLearning,S5,9,1133.0813376,37.6328125,2.401,6,88.88888888888889,.NET 8.0.14
MultiSequenceLearning,S6,9,1133.0813376,37.6328125,2.401,6,88.88888888888889,.NET 8.0.14
MultiSequenceLearning,S7,9,1133.0813376,37.6328125,2.401,6,88.88888888888889,.NET 8.0.14
MultiSequenceLearning,S8,9,1133.0813376,37.6328125,2.401,6,88.88888888888889,.NET 8.0.14
MultiSequenceLearning,S9,9,1133.0813376,37.6328125,2.401,6,88.88888888888889,.NET 8.0.14
MultiSequenceLearning,S10,9,1133.0813376,37.6328125,2.401,6,88.88888888888889,.NET 8.0.14
MultiSequenceLearning,S11,9,1133.0813376,37.6328125,2.401,6,88.88888888888889,.NET 8.0.14
MultiSequenceLearning,S12,9,1133.0813376,37.6328125,2.401,6,88.88888888888889,.NET 8.0.14
MultiSequenceLearning,S13,9,1133.0813376,37.6328125,2.401,6,88.88888888888889,.NET 8.0.14
MultiSequenceLearning,S14,9,1133.0813376,37.6328125,2.401,6,88.88888888888889,.NET 8.0.14
MultiSequenceLearning,S15,9,1133.0813376,37.6328125,2.401,6,88.88888888888889,.NET 8.0.14
MultiSequenceLearning,S16,9,1133.0813376,37.6328125,2.401,6,88.88888888888889,.NET 8.0.14
MultiSequenceLearning,S17,9,1133.0813376,37.6328125,2.401,6,88.88888888888889,.NET 8.0.14
MultiSequenceLearning,S18,9,1133.0813376,37.6328125,2.401,6,88.88888888888889,.NET 8.0.14
MultiSequenceLearning,S19,9,1133.0813376,37.6328125,2.401,6,88.88888888888889,.NET 8.0.14
MultiSequenceLearning,S20,9,1133.0813376,37.6328125,2.401,6,88.88888888888889,.NET 8.0.14
MultiSequenceLearning,S21,9,1133.0813376,37.6328125,2.401,6,88.88888888888889,.NET 8.0.14
MultiSequenceLearning,S22,9,1133.0813376,37.6328125,2.401,6,88.88888888888889,.NET 8.0.14
MultiSequenceLearning,S23,9,1133.0813376,37.6328125,2.401,6,88.88888888888889,.NET 8.0.14
MultiSequenceLearning,S24,9,1133.0813376,37.6328125,2.401,6,88.88888888888889,.NET 8.0.14
MultiSequenceLearning,S25,9,1133.0813376,37.6328125,2.401,6,88.88888888888889,.NET 8.0.14
MultiSequenceLearning,S26,9,1133.0813376,37.6328125,2.401,6,88.88888888888889,.NET 8.0.14
MultiSequenceLearning,S27,9,1133.0813376,37.6328125,2.401,6,88.88888888888889,.NET 8.0.14
MultiSequenceLearning,S28,9,1133.0813376,37.6328125,2.401,6,88.88888888888889,.NET 8.0.14
MultiSequenceLearning,S29,9,1133.0813376,37.6328125,2.401,6,88.88888888888889,.NET 8.0.14
MultiSequenceLearning,S30,9,1133.0813376,37.6328125,2.401,6,88.88888888888889,.NET 8.0.14
MultiSequenceLearning,S1,49,1133.0813376,37.6328125,2.401,6,100,.NET 8.0.14
MultiSequenceLearning,S2,49,1133.0813376,37.6328125,2.401,6,97.95918367346938,.NET 8.0.14
MultiSequenceLearning,S3,49,1133.0813376,37.6328125,2.401,6,97.95918367346938,.NET 8.0.14
MultiSequenceLearning,S4,9,1133.0813376,37.6328125,2.401,6,88.88888888888889,.NET 8.0.14
MultiSequenceLearning,S5,9,1133.0813376,37.6328125,2.401,6,88.88888888888889,.NET 8.0.14
MultiSequenceLearning,S6,9,1133.0813376,37.6328125,2.401,6,88.88888888888889,.NET 8.0.14
MultiSequenceLearning,S7,9,1133.0813376,37.6328125,2.401,6,88.88888888888889,.NET 8.0.14
MultiSequenceLearning,S8,9,1133.0813376,37.6328125,2.401,6,88.88888888888889,.NET 8.0.14
MultiSequenceLearning,S9,9,1133.0813376,37.6328125,2.401,6,88.88888888888889,.NET 8.0.14
MultiSequenceLearning,S10,9,1133.0813376,37.6328125,2.401,6,88.88888888888889,.NET 8.0.14
MultiSequenceLearning,S11,9,1133.0813376,37.6328125,2.401,6,88.88888888888889,.NET 8.0.14
MultiSequenceLearning,S12,9,1133.0813376,37.6328125,2.401,6,88.88888888888889,.NET 8.0.14
MultiSequenceLearning,S13,9,1133.0813376,37.6328125,2.401,6,88.88888888888889,.NET 8.0.14
MultiSequenceLearning,S14,9,1133.0813376,37.6328125,2.401,6,88.88888888888889,.NET 8.0.14
MultiSequenceLearning,S15,9,1133.0813376,37.6328125,2.401,6,88.88888888888889,.NET 8.0.14
MultiSequenceLearning,S16,9,1133.0813376,37.6328125,2.401,6,88.88888888888889,.NET 8.0.14
MultiSequenceLearning,S17,9,1133.0813376,37.6328125,2.401,6,88.88888888888889,.NET 8.0.14
MultiSequenceLearning,S18,9,1133.0813376,37.6328125,2.401,6,88.88888888888889,.NET 8.0.14
MultiSequenceLearning,S19,9,1133.0813376,37.6328125,2.401,6,88.88888888888889,.NET 8.0.14
MultiSequenceLearning,S20,9,1133.0813376,37.6328125,2.401,6,88.88888888888889,.NET 8.0.14
MultiSequenceLearning,S21,9,1133.0813376,37.6328125,2.401,6,88.88888888888889,.NET 8.0.14
MultiSequenceLearning,S22,9,1133.0813376,37.6328125,2.401,6,88.88888888888889,.NET 8.0.14
MultiSequenceLearning,S23,9,1133.0813376,37.6328125,2.401,6,88.88888888888889,.NET 8.0.14
MultiSequenceLearning,S24,9,1133.0813376,37.6328125,2.401,6,88.88888888888889,.NET 8.0.14
MultiSequenceLearning,S25,9,1133.0813376,37.6328125,2.401,6,88.88888888888889,.NET 8.0.14
MultiSequenceLearning,S26,9,1133.0813376,37.6328125,2.401,6,88.88888888888889,.NET 8.0.14
MultiSequenceLearning,S27,9,1133.0813376,37.6328125,2.401,6,88.88888888888889,.NET 8.0.14
MultiSequenceLearning,S28,9,1133.0813376,37.6328125,2.401,6,88.88888888888889,.NET 8.0.14
MultiSequenceLearning,S29,9,1133.0813376,37.6328125,2.401,6,88.88888888888889,.NET 8.0.14
MultiSequenceLearning,S30,9,1133.0813376,37.6328125,2.401,6,88.88888888888889,.NET 8.0.14
MultiSequenceLearning,S1,49,1133.0813376,37.6328125,2.401,6,100,.NET 8.0.14
MultiSequenceLearning,S2,49,1133.0813376,37.6328125,2.401,6,97.95918367346938,.NET 8.0.14
MultiSequenceLearning,S3,49,1133.0813376,37.6328125,2.401,6,97.95918367346938,.NET 8.0.14
MultiSequenceLearning,S4,9,1133.0813376,37.6328125,2.401,6,88.88888888888889,.NET 8.0.14
MultiSequenceLearning,S5,9,1133.0813376,37.6328125,2.401,6,88.88888888888889,.NET 8.0.14
MultiSequenceLearning,S6,9,1133.0813376,37.6328125,2.401,6,88.88888888888889,.NET 8.0.14
MultiSequenceLearning,S7,9,1133.0813376,37.6328125,2.401,6,88.88888888888889,.NET 8.0.14
MultiSequenceLearning,S8,9,1133.0813376,37.6328125,2.401,6,88.88888888888889,.NET 8.0.14
MultiSequenceLearning,S9,9,1133.0813376,37.6328125,2.401,6,88.88888888888889,.NET 8.0.14
MultiSequenceLearning,S10,9,1133.0813376,37.6328125,2.401,6,88.88888888888889,.NET 8.0.14
MultiSequenceLearning,S11,9,1133.0813376,37.6328125,2.401,6,88.88888888888889,.NET 8.0.14
MultiSequenceLearning,S12,9,1133.0813376,37.6328125,2.401,6,88.88888888888889,.NET 8.0.14
MultiSequenceLearning,S13,9,1133.0813376,37.6328125,2.401,6,88.88888888888889,.NET 8.0.14
MultiSequenceLearning,S14,9,1133.0813376,37.6328125,2.401,6,88.88888888888889,.NET 8.0.14
MultiSequenceLearning,S15,9,1133.0813376,37.6328125,2.401,6,88.88888888888889,.NET 8.0.14
MultiSequenceLearning,S16,9,1133.0813376,37.6328125,2.401,6,88.88888888888889,.NET 8.0.14
MultiSequenceLearning,S17,9,1133.0813376,37.6328125,2.401,6,88.88888888888889,.NET 8.0.14
MultiSequenceLearning,S18,9,1133.0813376,37.6328125,2.401,6,88.88888888888889,.NET 8.0.14
MultiSequenceLearning,S19,9,1133.0813376,37.6328125,2.401,6,88.88888888888889,.NET 8.0.14
MultiSequenceLearning,S20,9,1133.0813376,37.6328125,2.401,6,88.88888888888889,.NET 8.0.14
MultiSequenceLearning,S21,9,1133.0813376,37.6328125,2.401,6,88.88888888888889,.NET 8.0.14
MultiSequenceLearning,S22,9,1133.0813376,37.6328125,2.401,6,88.88888888888889,.NET 8.0.14
MultiSequenceLearning,S23,9,1133.0813376,37.6328125,2.401,6,88.88888888888889,.NET 8.0.14
MultiSequenceLearning,S24,9,1133.0813376,37.6328125,2.401,6,88.88888888888889,.NET 8.0.14
MultiSequenceLearning,S25,9,1133.0813376,37.6328125,2.401,6,88.88888888888889,.NET 8.0.14
MultiSequenceLearning,S26,9,1133.0813376,37.6328125,2.401,6,88.88888888888889,.NET 8.0.14
MultiSequenceLearning,S27,9,1133.0813376,37.6328125,2.401,6,88.88888888888889,.NET 8.0.14
MultiSequenceLearning,S28,9,1133.0813376,37.6328125,2.401,6,88.88888888888889,.NET 8.0.14
MultiSequenceLearning,S29,9,1133.0813376,37.6328125,2.401,6,88.88888888888889,.NET 8.0.14
MultiSequenceLearning,S30,9,1133.0813376,37.6328125,2.401,6,88.88888888888889,.NET 8.0.14
MultiSequenceLearning,S1,49,962.3990468,35.19921875,2.401,6,100,.NET 8.0.14
MultiSequenceLearning,S2,49,962.3990468,35.19921875,2.401,6,97.95918367346938,.NET 8.0.14
MultiSequenceLearning,S3,49,962.3990468,35.19921875,2.401,6,97.95918367346938,.NET 8.0.14
MultiSequenceLearning,S4,9,962.3990468,35.19921875,2.401,6,88.88888888888889,.NET 8.0.14
MultiSequenceLearning,S5,9,962.3990468,35.19921875,2.401,6,88.88888888888889,.NET 8.0.14
MultiSequenceLearning,S6,9,962.3990468,35.19921875,2.401,6,88.88888888888889,.NET 8.0.14
MultiSequenceLearning,S7,9,962.3990468,35.19921875,2.401,6,88.88888888888889,.NET 8.0.14
MultiSequenceLearning,S8,9,962.3990468,35.19921875,2.401,6,88.88888888888889,.NET 8.0.14
MultiSequenceLearning,S9,9,962.3990468,35.19921875,2.401,6,88.88888888888889,.NET 8.0.14
MultiSequenceLearning,S10,9,962.3990468,35.19921875,2.401,6,88.88888888888889,.NET 8.0.14
MultiSequenceLearning,S11,9,962.3990468,35.19921875,2.401,6,88.88888888888889,.NET 8.0.14
MultiSequenceLearning,S12,9,962.3990468,35.19921875,2.401,6,88.88888888888889,.NET 8.0.14
MultiSequenceLearning,S13,9,962.3990468,35.19921875,2.401,6,88.88888888888889,.NET 8.0.14
MultiSequenceLearning,S14,9,962.3990468,35.19921875,2.401,6,88.88888888888889,.NET 8.0.14
MultiSequenceLearning,S15,9,962.3990468,35.19921875,2.401,6,88.88888888888889,.NET 8.0.14
MultiSequenceLearning,S16,9,962.3990468,35.19921875,2.401,6,88.88888888888889,.NET 8.0.14
MultiSequenceLearning,S17,9,962.3990468,35.19921875,2.401,6,88.88888888888889,.NET 8.0.14
MultiSequenceLearning,S18,9,962.3990468,35.19921875,2.401,6,88.88888888888889,.NET 8.0.14
MultiSequenceLearning,S19,9,962.3990468,35.19921875,2.401,6,88.88888888888889,.NET 8.0.14
MultiSequenceLearning,S20,9,962.3990468,35.19921875,2.401,6,88.88888888888889,.NET 8.0.14
MultiSequenceLearning,S21,9,962.3990468,35.19921875,2.401,6,88.88888888888889,.NET 8.0.14
MultiSequenceLearning,S22,9,962.3990468,35.19921875,2.401,6,88.88888888888889,.NET 8.0.14
MultiSequenceLearning,S23,9,962.3990468,35.19921875,2.401,6,88.88888888888889,.NET 8.0.14
MultiSequenceLearning,S24,9,962.3990468,35.19921875,2.401,6,88.88888888888889,.NET 8.0.14
MultiSequenceLearning,S25,9,962.3990468,35.19921875,2.401,6,88.88888888888889,.NET 8.0.14
MultiSequenceLearning,S26,9,962.3990468,35.19921875,2.401,6,88.88888888888889,.NET 8.0.14
MultiSequenceLearning,S27,9,962.3990468,35.19921875,2.401,6,88.88888888888889,.NET 8.0.14
MultiSequenceLearning,S28,9,962.3990468,35.19921875,2.401,6,88.88888888888889,.NET 8.0.14
MultiSequenceLearning,S29,9,962.3990468,35.19921875,2.401,6,88.88888888888889,.NET 8.0.14
MultiSequenceLearning,S30,9,962.3990468,35.19921875,2.401,6,88.88888888888889,.NET 8.0.14
MultiSequenceLearning,S1,49,962.3990468,35.19921875,2.401,6,100,.NET 8.0.14
MultiSequenceLearning,S2,49,962.3990468,35.19921875,2.401,6,97.95918367346938,.NET 8.0.14
MultiSequenceLearning,S3,49,962.3990468,35.19921875,2.401,6,97.95918367346938,.NET 8.0.14
MultiSequenceLearning,S4,9,962.3990468,35.19921875,2.401,6,88.88888888888889,.NET 8.0.14
MultiSequenceLearning,S5,9,962.3990468,35.19921875,2.401,6,88.88888888888889,.NET 8.0.14
MultiSequenceLearning,S6,9,962.3990468,35.19921875,2.401,6,88.88888888888889,.NET 8.0.14
MultiSequenceLearning,S7,9,962.3990468,35.19921875,2.401,6,88.88888888888889,.NET 8.0.14
MultiSequenceLearning,S8,9,962.3990468,35.19921875,2.401,6,88.88888888888889,.NET 8.0.14
MultiSequenceLearning,S9,9,962.3990468,35.19921875,2.401,6,88.88888888888889,.NET 8.0.14
MultiSequenceLearning,S10,9,962.3990468,35.19921875,2.401,6,88.88888888888889,.NET 8.0.14
MultiSequenceLearning,S11,9,962.3990468,35.19921875,2.401,6,88.88888888888889,.NET 8.0.14
MultiSequenceLearning,S12,9,962.3990468,35.19921875,2.401,6,88.88888888888889,.NET 8.0.14
MultiSequenceLearning,S13,9,962.3990468,35.19921875,2.401,6,88.88888888888889,.NET 8.0.14
MultiSequenceLearning,S14,9,962.3990468,35.19921875,2.401,6,88.88888888888889,.NET 8.0.14
MultiSequenceLearning,S15,9,962.3990468,35.19921875,2.401,6,88.88888888888889,.NET 8.0.14
MultiSequenceLearning,S16,9,962.3990468,35.19921875,2.401,6,88.88888888888889,.NET 8.0.14
MultiSequenceLearning,S17,9,962.3990468,35.19921875,2.401,6,88.88888888888889,.NET 8.0.14
MultiSequenceLearning,S18,9,962.3990468,35.19921875,2.401,6,88.88888888888889,.NET 8.0.14
MultiSequenceLearning,S19,9,962.3990468,35.19921875,2.401,6,88.88888888888889,.NET 8.0.14
MultiSequenceLearning,S20,9,962.3990468,35.19921875,2.401,6,88.88888888888889,.NET 8.0.14
MultiSequenceLearning,S21,9,962.3990468,35.19921875,2.401,6,88.88888888888889,.NET 8.0.14
MultiSequenceLearning,S22,9,962.3990468,35.19921875,2.401,6,88.88888888888889,.NET 8.0.14
MultiSequenceLearning,S23,9,962.3990468,35.19921875,2.401,6,88.88888888888889,.NET 8.0.14
MultiSequenceLearning,S24,9,962.3990468,35.19921875,2.401,6,88.88888888888889,.NET 8.0.14
MultiSequenceLearning,S25,9,962.3990468,35.19921875,2.401,6,88.88888888888889,.NET 8.0.14
MultiSequenceLearning,S26,9,962.3990468,35.19921875,2.401,6,88.88888888888889,.NET 8.0.14
MultiSequenceLearning,S27,9,962.3990468,35.19921875,2.401,6,88.88888888888889,.NET 8.0.14
MultiSequenceLearning,S28,9,962.3990468,35.19921875,2.401,6,88.88888888888889,.NET 8.0.14
MultiSequenceLearning,S29,9,962.3990468,35.19921875,2.401,6,88.88888888888889,.NET 8.0.14
MultiSequenceLearning,S30,9,962.3990468,35.19921875,2.401,6,88.88888888888889,.NET 8.0.14
MultiSequenceLearning,S1,49,962.3990468,35.19921875,2.401,6,100,.NET 8.0.14
MultiSequenceLearning,S2,49,962.3990468,35.19921875,2.401,6,97.95918367346938,.NET 8.0.14
MultiSequenceLearning,S3,49,962.3990468,35.19921875,2.401,6,97.95918367346938,.NET 8.0.14
MultiSequenceLearning,S4,9,962.3990468,35.19921875,2.401,6,88.88888888888889,.NET 8.0.14
MultiSequenceLearning,S5,9,962.3990468,35.19921875,2.401,6,88.88888888888889,.NET 8.0.14
MultiSequenceLearning,S6,9,962.3990468,35.19921875,2.401,6,88.88888888888889,.NET 8.0.14
MultiSequenceLearning,S7,9,962.3990468,35.19921875,2.401,6,88.88888888888889,.NET 8.0.14
MultiSequenceLearning,S8,9,962.3990468,35.19921875,2.401,6,88.88888888888889,.NET 8.0.14
MultiSequenceLearning,S9,9,962.3990468,35.19921875,2.401,6,88.88888888888889,.NET 8.0.14
MultiSequenceLearning,S10,9,962.3990468,35.19921875,2.401,6,88.88888888888889,.NET 8.0.14
MultiSequenceLearning,S11,9,962.3990468,35.19921875,2.401,6,88.88888888888889,.NET 8.0.14
MultiSequenceLearning,S12,9,962.3990468,35.19921875,2.401,6,88.88888888888889,.NET 8.0.14
MultiSequenceLearning,S13,9,962.3990468,35.19921875,2.401,6,88.88888888888889,.NET 8.0.14
MultiSequenceLearning,S14,9,962.3990468,35.19921875,2.401,6,88.88888888888889,.NET 8.0.14
MultiSequenceLearning,S15,9,962.3990468,35.19921875,2.401,6,88.88888888888889,.NET 8.0.14
MultiSequenceLearning,S16,9,962.3990468,35.19921875,2.401,6,88.88888888888889,.NET 8.0.14
MultiSequenceLearning,S17,9,962.3990468,35.19921875,2.401,6,88.88888888888889,.NET 8.0.14
MultiSequenceLearning,S18,9,962.3990468,35.19921875,2.401,6,88.88888888888889,.NET 8.0.14
MultiSequenceLearning,S19,9,962.3990468,35.19921875,2.401,6,88.88888888888889,.NET 8.0.14
MultiSequenceLearning,S20,9,962.3990468,35.19921875,2.401,6,88.88888888888889,.NET 8.0.14
MultiSequenceLearning,S21,9,962.3990468,35.19921875,2.401,6,88.88888888888889,.NET 8.0.14
MultiSequenceLearning,S22,9,962.3990468,35.19921875,2.401,6,88.88888888888889,.NET 8.0.14
MultiSequenceLearning,S23,9,962.3990468,35.19921875,2.401,6,88.88888888888889,.NET 8.0.14
MultiSequenceLearning,S24,9,962.3990468,35.19921875,2.401,6,88.88888888888889,.NET 8.0.14
MultiSequenceLearning,S25,9,962.3990468,35.19921875,2.401,6,88.88888888888889,.NET 8.0.14
MultiSequenceLearning,S26,9,962.3990468,35.19921875,2.401,6,88.88888888888889,.NET 8.0.14
MultiSequenceLearning,S27,9,962.3990468,35.19921875,2.401,6,88.88888888888889,.NET 8.0.14
MultiSequenceLearning,S28,9,962.3990468,35.19921875,2.401,6,88.88888888888889,.NET 8.0.14
MultiSequenceLearning,S29,9,962.3990468,35.19921875,2.401,6,88.88888888888889,.NET 8.0.14
MultiSequenceLearning,S30,9,962.3990468,35.19921875,2.401,6,88.88888888888889,.NET 8.0.14
MultiSequenceLearning,S1,49,962.3990468,35.19921875,2.401,6,100,.NET 8.0.14
MultiSequenceLearning,S2,49,962.3990468,35.19921875,2.401,6,97.95918367346938,.NET 8.0.14
MultiSequenceLearning,S3,49,962.3990468,35.19921875,2.401,6,97.95918367346938,.NET 8.0.14
MultiSequenceLearning,S4,9,962.3990468,35.19921875,2.401,6,88.88888888888889,.NET 8.0.14
MultiSequenceLearning,S5,9,962.3990468,35.19921875,2.401,6,88.88888888888889,.NET 8.0.14
MultiSequenceLearning,S6,9,962.3990468,35.19921875,2.401,6,88.88888888888889,.NET 8.0.14
MultiSequenceLearning,S7,9,962.3990468,35.19921875,2.401,6,88.88888888888889,.NET 8.0.14
MultiSequenceLearning,S8,9,962.3990468,35.19921875,2.401,6,88.88888888888889,.NET 8.0.14
MultiSequenceLearning,S9,9,962.3990468,35.19921875,2.401,6,88.88888888888889,.NET 8.0.14
MultiSequenceLearning,S10,9,962.3990468,35.19921875,2.401,6,88.88888888888889,.NET 8.0.14
MultiSequenceLearning,S11,9,962.3990468,35.19921875,2.401,6,88.88888888888889,.NET 8.0.14
MultiSequenceLearning,S12,9,962.3990468,35.19921875,2.401,6,88.88888888888889,.NET 8.0.14
MultiSequenceLearning,S13,9,962.3990468,35.19921875,2.401,6,88.88888888888889,.NET 8.0.14
MultiSequenceLearning,S14,9,962.3990468,35.19921875,2.401,6,88.88888888888889,.NET 8.0.14
MultiSequenceLearning,S15,9,962.3990468,35.19921875,2.401,6,88.88888888888889,.NET 8.0.14
MultiSequenceLearning,S16,9,962.3990468,35.19921875,2.401,6,88.88888888888889,.NET 8.0.14
MultiSequenceLearning,S17,9,962.3990468,35.19921875,2.401,6,88.88888888888889,.NET 8.0.14
MultiSequenceLearning,S18,9,962.3990468,35.19921875,2.401,6,88.88888888888889,.NET 8.0.14
MultiSequenceLearning,S19,9,962.3990468,35.19921875,2.401,6,88.88888888888889,.NET 8.0.14
MultiSequenceLearning,S20,9,962.3990468,35.19921875,2.401,6,88.88888888888889,.NET 8.0.14
MultiSequenceLearning,S21,9,962.3990468,35.19921875,2.401,6,88.88888888888889,.NET 8.0.14
MultiSequenceLearning,S22,9,962.3990468,35.19921875,2.401,6,88.88888888888889,.NET 8.0.14
MultiSequenceLearning,S23,9,962.3990468,35.19921875,2.401,6,88.88888888888889,.NET 8.0.14
MultiSequenceLearning,S24,9,962.3990468,35.19921875,2.401,6,88.88888888888889,.NET 8.0.14
MultiSequenceLearning,S25,9,962.3990468,35.19921875,2.401,6,88.88888888888889,.NET 8.0.14
MultiSequenceLearning,S26,9,962.3990468,35.19921875,2.401,6,88.88888888888889,.NET 8.0.14
MultiSequenceLearning,S27,9,962.3990468,35.19921875,2.401,6,88.88888888888889,.NET 8.0.14
MultiSequenceLearning,S28,9,962.3990468,35.19921875,2.401,6,88.88888888888889,.NET 8.0.14
MultiSequenceLearning,S29,9,962.3990468,35.19921875,2.401,6,88.88888888888889,.NET 8.0.14
MultiSequenceLearning,S30,9,962.3990468,35.19921875,2.401,6,88.88888888888889,.NET 8.0.14
MultiSequenceLearning,S1,49,1101.3793924,42.4765625,2.401,6,100,.NET 8.0.14
MultiSequenceLearning,S2,49,1101.3793924,42.4765625,2.401,6,97.95918367346938,.NET 8.0.14
MultiSequenceLearning,S3,49,1101.3793924,42.4765625,2.401,6,97.95918367346938,.NET 8.0.14
MultiSequenceLearning,S4,9,1101.3793924,42.4765625,2.401,6,88.88888888888889,.NET 8.0.14
MultiSequenceLearning,S5,9,1101.3793924,42.4765625,2.401,6,88.88888888888889,.NET 8.0.14
MultiSequenceLearning,S6,9,1101.3793924,42.4765625,2.401,6,88.88888888888889,.NET 8.0.14
MultiSequenceLearning,S7,9,1101.3793924,42.4765625,2.401,6,88.88888888888889,.NET 8.0.14
MultiSequenceLearning,S8,9,1101.3793924,42.4765625,2.401,6,88.88888888888889,.NET 8.0.14
MultiSequenceLearning,S9,9,1101.3793924,42.4765625,2.401,6,88.88888888888889,.NET 8.0.14
MultiSequenceLearning,S10,9,1101.3793924,42.4765625,2.401,6,88.88888888888889,.NET 8.0.14
MultiSequenceLearning,S11,9,1101.3793924,42.4765625,2.401,6,88.88888888888889,.NET 8.0.14
MultiSequenceLearning,S12,9,1101.3793924,42.4765625,2.401,6,88.88888888888889,.NET 8.0.14
MultiSequenceLearning,S13,9,1101.3793924,42.4765625,2.401,6,88.88888888888889,.NET 8.0.14
MultiSequenceLearning,S14,9,1101.3793924,42.4765625,2.401,6,88.88888888888889,.NET 8.0.14
MultiSequenceLearning,S15,9,1101.3793924,42.4765625,2.401,6,88.88888888888889,.NET 8.0.14
MultiSequenceLearning,S16,9,1101.3793924,42.4765625,2.401,6,88.88888888888889,.NET 8.0.14
MultiSequenceLearning,S17,9,1101.3793924,42.4765625,2.401,6,88.88888888888889,.NET 8.0.14
MultiSequenceLearning,S18,9,1101.3793924,42.4765625,2.401,6,88.88888888888889,.NET 8.0.14
MultiSequenceLearning,S19,9,1101.3793924,42.4765625,2.401,6,88.88888888888889,.NET 8.0.14
MultiSequenceLearning,S20,9,1101.3793924,42.4765625,2.401,6,88.88888888888889,.NET 8.0.14
MultiSequenceLearning,S21,9,1101.3793924,42.4765625,2.401,6,88.88888888888889,.NET 8.0.14
MultiSequenceLearning,S22,9,1101.3793924,42.4765625,2.401,6,88.88888888888889,.NET 8.0.14
MultiSequenceLearning,S23,9,1101.3793924,42.4765625,2.401,6,88.88888888888889,.NET 8.0.14
MultiSequenceLearning,S24,9,1101.3793924,42.4765625,2.401,6,88.88888888888889,.NET 8.0.14
MultiSequenceLearning,S25,9,1101.3793924,42.4765625,2.401,6,88.88888888888889,.NET 8.0.14
MultiSequenceLearning,S26,9,1101.3793924,42.4765625,2.401,6,88.88888888888889,.NET 8.0.14
MultiSequenceLearning,S27,9,1101.3793924,42.4765625,2.401,6,88.88888888888889,.NET 8.0.14
MultiSequenceLearning,S28,9,1101.3793924,42.4765625,2.401,6,88.88888888888889,.NET 8.0.14
MultiSequenceLearning,S29,9,1101.3793924,42.4765625,2.401,6,88.88888888888889,.NET 8.0.14
MultiSequenceLearning,S30,9,1101.3793924,42.4765625,2.401,6,88.88888888888889,.NET 8.0.14
MultiSequenceLearning,S1,49,1101.3793924,42.4765625,2.401,6,100,.NET 8.0.14
MultiSequenceLearning,S2,49,1101.3793924,42.4765625,2.401,6,97.95918367346938,.NET 8.0.14
MultiSequenceLearning,S3,49,1101.3793924,42.4765625,2.401,6,97.95918367346938,.NET 8.0.14
MultiSequenceLearning,S4,9,1101.3793924,42.4765625,2.401,6,88.88888888888889,.NET 8.0.14
MultiSequenceLearning,S5,9,1101.3793924,42.4765625,2.401,6,88.88888888888889,.NET 8.0.14
MultiSequenceLearning,S6,9,1101.3793924,42.4765625,2.401,6,88.88888888888889,.NET 8.0.14
MultiSequenceLearning,S7,9,1101.3793924,42.4765625,2.401,6,88.88888888888889,.NET 8.0.14
MultiSequenceLearning,S8,9,1101.3793924,42.4765625,2.401,6,88.88888888888889,.NET 8.0.14
MultiSequenceLearning,S9,9,1101.3793924,42.4765625,2.401,6,88.88888888888889,.NET 8.0.14
MultiSequenceLearning,S10,9,1101.3793924,42.4765625,2.401,6,88.88888888888889,.NET 8.0.14
MultiSequenceLearning,S11,9,1101.3793924,42.4765625,2.401,6,88.88888888888889,.NET 8.0.14
MultiSequenceLearning,S12,9,1101.3793924,42.4765625,2.401,6,88.88888888888889,.NET 8.0.14
MultiSequenceLearning,S13,9,1101.3793924,42.4765625,2.401,6,88.88888888888889,.NET 8.0.14
MultiSequenceLearning,S14,9,1101.3793924,42.4765625,2.401,6,88.88888888888889,.NET 8.0.14
MultiSequenceLearning,S15,9,1101.3793924,42.4765625,2.401,6,88.88888888888889,.NET 8.0.14
MultiSequenceLearning,S16,9,1101.3793924,42.4765625,2.401,6,88.88888888888889,.NET 8.0.14
MultiSequenceLearning,S17,9,1101.3793924,42.4765625,2.401,6,88.88888888888889,.NET 8.0.14
MultiSequenceLearning,S18,9,1101.3793924,42.4765625,2.401,6,88.88888888888889,.NET 8.0.14
MultiSequenceLearning,S19,9,1101.3793924,42.4765625,2.401,6,88.88888888888889,.NET 8.0.14
MultiSequenceLearning,S20,9,1101.3793924,42.4765625,2.401,6,88.88888888888889,.NET 8.0.14
MultiSequenceLearning,S21,9,1101.3793924,42.4765625,2.401,6,88.88888888888889,.NET 8.0.14
MultiSequenceLearning,S22,9,1101.3793924,42.4765625,2.401,6,88.88888888888889,.NET 8.0.14
MultiSequenceLearning,S23,9,1101.3793924,42.4765625,2.401,6,88.88888888888889,.NET 8.0.14
MultiSequenceLearning,S24,9,1101.3793924,42.4765625,2.401,6,88.88888888888889,.NET 8.0.14
MultiSequenceLearning,S25,9,1101.3793924,42.4765625,2.401,6,88.88888888888889,.NET 8.0.14
MultiSequenceLearning,S26,9,1101.3793924,42.4765625,2.401,6,88.88888888888889,.NET 8.0.14
MultiSequenceLearning,S27,9,1101.3793924,42.4765625,2.401,6,88.88888888888889,.NET 8.0.14
MultiSequenceLearning,S28,9,1101.3793924,42.4765625,2.401,6,88.88888888888889,.NET 8.0.14
MultiSequenceLearning,S29,9,1101.3793924,42.4765625,2.401,6,88.88888888888889,.NET 8.0.14
MultiSequenceLearning,S30,9,1101.3793924,42.4765625,2.401,6,88.88888888888889,.NET 8.0.14
MultiSequenceLearning,S1,49,1101.3793924,42.4765625,2.401,6,100,.NET 8.0.14
MultiSequenceLearning,S2,49,1101.3793924,42.4765625,2.401,6,97.95918367346938,.NET 8.0.14
MultiSequenceLearning,S3,49,1101.3793924,42.4765625,2.401,6,97.95918367346938,.NET 8.0.14
MultiSequenceLearning,S4,9,1101.3793924,42.4765625,2.401,6,88.88888888888889,.NET 8.0.14
MultiSequenceLearning,S5,9,1101.3793924,42.4765625,2.401,6,88.88888888888889,.NET 8.0.14
MultiSequenceLearning,S6,9,1101.3793924,42.4765625,2.401,6,88.88888888888889,.NET 8.0.14
MultiSequenceLearning,S7,9,1101.3793924,42.4765625,2.401,6,88.88888888888889,.NET 8.0.14
MultiSequenceLearning,S8,9,1101.3793924,42.4765625,2.401,6,88.88888888888889,.NET 8.0.14
MultiSequenceLearning,S9,9,1101.3793924,42.4765625,2.401,6,88.88888888888889,.NET 8.0.14
MultiSequenceLearning,S10,9,1101.3793924,42.4765625,2.401,6,88.88888888888889,.NET 8.0.14
MultiSequenceLearning,S11,9,1101.3793924,42.4765625,2.401,6,88.88888888888889,.NET 8.0.14
MultiSequenceLearning,S12,9,1101.3793924,42.4765625,2.401,6,88.88888888888889,.NET 8.0.14
MultiSequenceLearning,S13,9,1101.3793924,42.4765625,2.401,6,88.88888888888889,.NET 8.0.14
MultiSequenceLearning,S14,9,1101.3793924,42.4765625,2.401,6,88.88888888888889,.NET 8.0.14
MultiSequenceLearning,S15,9,1101.3793924,42.4765625,2.401,6,88.88888888888889,.NET 8.0.14
MultiSequenceLearning,S16,9,1101.3793924,42.4765625,2.401,6,88.88888888888889,.NET 8.0.14
MultiSequenceLearning,S17,9,1101.3793924,42.4765625,2.401,6,88.88888888888889,.NET 8.0.14
MultiSequenceLearning,S18,9,1101.3793924,42.4765625,2.401,6,88.88888888888889,.NET 8.0.14
MultiSequenceLearning,S19,9,1101.3793924,42.4765625,2.401,6,88.88888888888889,.NET 8.0.14
MultiSequenceLearning,S20,9,1101.3793924,42.4765625,2.401,6,88.88888888888889,.NET 8.0.14
MultiSequenceLearning,S21,9,1101.3793924,42.4765625,2.401,6,88.88888888888889,.NET 8.0.14
MultiSequenceLearning,S22,9,1101.3793924,42.4765625,2.401,6,88.88888888888889,.NET 8.0.14
MultiSequenceLearning,S23,9,1101.3793924,42.4765625,2.401,6,88.88888888888889,.NET 8.0.14
MultiSequenceLearning,S24,9,1101.3793924,42.4765625,2.401,6,88.88888888888889,.NET 8.0.14
MultiSequenceLearning,S25,9,1101.3793924,42.4765625,2.401,6,88.88888888888889,.NET 8.0.14
MultiSequenceLearning,S26,9,1101.3793924,42.4765625,2.401,6,88.88888888888889,.NET 8.0.14
MultiSequenceLearning,S27,9,1101.3793924,42.4765625,2.401,6,88.88888888888889,.NET 8.0.14
MultiSequenceLearning,S28,9,1101.3793924,42.4765625,2.401,6,88.88888888888889,.NET 8.0.14
MultiSequenceLearning,S29,9,1101.3793924,42.4765625,2.401,6,88.88888888888889,.NET 8.0.14
MultiSequenceLearning,S30,9,1101.3793924,42.4765625,2.401,6,88.88888888888889,.NET 8.0.14
MultiSequenceLearning,S1,49,1101.3793924,42.4765625,2.401,6,100,.NET 8.0.14
MultiSequenceLearning,S2,49,1101.3793924,42.4765625,2.401,6,97.95918367346938,.NET 8.0.14
MultiSequenceLearning,S3,49,1101.3793924,42.4765625,2.401,6,97.95918367346938,.NET 8.0.14
MultiSequenceLearning,S4,9,1101.3793924,42.4765625,2.401,6,88.88888888888889,.NET 8.0.14
MultiSequenceLearning,S5,9,1101.3793924,42.4765625,2.401,6,88.88888888888889,.NET 8.0.14
MultiSequenceLearning,S6,9,1101.3793924,42.4765625,2.401,6,88.88888888888889,.NET 8.0.14
MultiSequenceLearning,S7,9,1101.3793924,42.4765625,2.401,6,88.88888888888889,.NET 8.0.14
MultiSequenceLearning,S8,9,1101.3793924,42.4765625,2.401,6,88.88888888888889,.NET 8.0.14
MultiSequenceLearning,S9,9,1101.3793924,42.4765625,2.401,6,88.88888888888889,.NET 8.0.14
MultiSequenceLearning,S10,9,1101.3793924,42.4765625,2.401,6,88.88888888888889,.NET 8.0.14
MultiSequenceLearning,S11,9,1101.3793924,42.4765625,2.401,6,88.88888888888889,.NET 8.0.14
MultiSequenceLearning,S12,9,1101.3793924,42.4765625,2.401,6,88.88888888888889,.NET 8.0.14
MultiSequenceLearning,S13,9,1101.3793924,42.4765625,2.401,6,88.88888888888889,.NET 8.0.14
MultiSequenceLearning,S14,9,1101.3793924,42.4765625,2.401,6,88.88888888888889,.NET 8.0.14
MultiSequenceLearning,S15,9,1101.3793924,42.4765625,2.401,6,88.88888888888889,.NET 8.0.14
MultiSequenceLearning,S16,9,1101.3793924,42.4765625,2.401,6,88.88888888888889,.NET 8.0.14
MultiSequenceLearning,S17,9,1101.3793924,42.4765625,2.401,6,88.88888888888889,.NET 8.0.14
MultiSequenceLearning,S18,9,1101.3793924,42.4765625,2.401,6,88.88888888888889,.NET 8.0.14
MultiSequenceLearning,S19,9,1101.3793924,42.4765625,2.401,6,88.88888888888889,.NET 8.0.14
MultiSequenceLearning,S20,9,1101.3793924,42.4765625,2.401,6,88.88888888888889,.NET 8.0.14
MultiSequenceLearning,S21,9,1101.3793924,42.4765625,2.401,6,88.88888888888889,.NET 8.0.14
MultiSequenceLearning,S22,9,1101.3793924,42.4765625,2.401,6,88.88888888888889,.NET 8.0.14
MultiSequenceLearning,S23,9,1101.3793924,42.4765625,2.401,6,88.88888888888889,.NET 8.0.14
MultiSequenceLearning,S24,9,1101.3793924,42.4765625,2.401,6,88.88888888888889,.NET 8.0.14
MultiSequenceLearning,S25,9,1101.3793924,42.4765625,2.401,6,88.88888888888889,.NET 8.0.14
MultiSequenceLearning,S26,9,1101.3793924,42.4765625,2.401,6,88.88888888888889,.NET 8.0.14
MultiSequenceLearning,S27,9,1101.3793924,42.4765625,2.401,6,88.88888888888889,.NET 8.0.14
MultiSequenceLearning,S28,9,1101.3793924,42.4765625,2.401,6,88.88888888888889,.NET 8.0.14
MultiSequenceLearning,S29,9,1101.3793924,42.4765625,2.401,6,88.88888888888889,.NET 8.0.14
MultiSequenceLearning,S30,9,1101.3793924,42.4765625,2.401,6,88.88888888888889,.NET 8.0.14
MultiSequenceLearning,S1,49,1011.7864333,37.78515625,2.401,7,100,.NET 8.0.14
MultiSequenceLearning,S2,49,1011.7864333,37.78515625,2.401,7,97.95918367346938,.NET 8.0.14
MultiSequenceLearning,S3,49,1011.7864333,37.78515625,2.401,7,97.95918367346938,.NET 8.0.14
MultiSequenceLearning,S4,9,1011.7864333,37.78515625,2.401,7,88.88888888888889,.NET 8.0.14
MultiSequenceLearning,S5,9,1011.7864333,37.78515625,2.401,7,88.88888888888889,.NET 8.0.14
MultiSequenceLearning,S6,9,1011.7864333,37.78515625,2.401,7,88.88888888888889,.NET 8.0.14
MultiSequenceLearning,S7,9,1011.7864333,37.78515625,2.401,7,88.88888888888889,.NET 8.0.14
MultiSequenceLearning,S8,9,1011.7864333,37.78515625,2.401,7,88.88888888888889,.NET 8.0.14
MultiSequenceLearning,S9,9,1011.7864333,37.78515625,2.401,7,88.88888888888889,.NET 8.0.14
MultiSequenceLearning,S10,9,1011.7864333,37.78515625,2.401,7,88.88888888888889,.NET 8.0.14
MultiSequenceLearning,S11,9,1011.7864333,37.78515625,2.401,7,88.88888888888889,.NET 8.0.14
MultiSequenceLearning,S12,9,1011.7864333,37.78515625,2.401,7,88.88888888888889,.NET 8.0.14
MultiSequenceLearning,S13,9,1011.7864333,37.78515625,2.401,7,88.88888888888889,.NET 8.0.14
MultiSequenceLearning,S14,9,1011.7864333,37.78515625,2.401,7,88.88888888888889,.NET 8.0.14
MultiSequenceLearning,S15,9,1011.7864333,37.78515625,2.401,7,88.88888888888889,.NET 8.0.14
MultiSequenceLearning,S16,9,1011.7864333,37.78515625,2.401,7,88.88888888888889,.NET 8.0.14
MultiSequenceLearning,S17,9,1011.7864333,37.78515625,2.401,7,88.88888888888889,.NET 8.0.14
MultiSequenceLearning,S18,9,1011.7864333,37.78515625,2.401,7,88.88888888888889,.NET 8.0.14
MultiSequenceLearning,S19,9,1011.7864333,37.78515625,2.401,7,88.88888888888889,.NET 8.0.14
MultiSequenceLearning,S20,9,1011.7864333,37.78515625,2.401,7,88.88888888888889,.NET 8.0.14
MultiSequenceLearning,S21,9,1011.7864333,37.78515625,2.401,7,88.88888888888889,.NET 8.0.14
MultiSequenceLearning,S22,9,1011.7864333,37.78515625,2.401,7,88.88888888888889,.NET 8.0.14
MultiSequenceLearning,S23,9,1011.7864333,37.78515625,2.401,7,88.88888888888889,.NET 8.0.14
MultiSequenceLearning,S24,9,1011.7864333,37.78515625,2.401,7,88.88888888888889,.NET 8.0.14
MultiSequenceLearning,S25,9,1011.7864333,37.78515625,2.401,7,88.88888888888889,.NET 8.0.14
MultiSequenceLearning,S26,9,1011.7864333,37.78515625,2.401,7,88.88888888888889,.NET 8.0.14
MultiSequenceLearning,S27,9,1011.7864333,37.78515625,2.401,7,88.88888888888889,.NET 8.0.14
MultiSequenceLearning,S28,9,1011.7864333,37.78515625,2.401,7,88.88888888888889,.NET 8.0.14
MultiSequenceLearning,S29,9,1011.7864333,37.78515625,2.401,7,88.88888888888889,.NET 8.0.14
MultiSequenceLearning,S30,9,1011.7864333,37.78515625,2.401,7,88.88888888888889,.NET 8.0.14
MultiSequenceLearning,S1,49,1011.7864333,37.78515625,2.401,7,100,.NET 8.0.14
MultiSequenceLearning,S2,49,1011.7864333,37.78515625,2.401,7,97.95918367346938,.NET 8.0.14
MultiSequenceLearning,S3,49,1011.7864333,37.78515625,2.401,7,97.95918367346938,.NET 8.0.14
MultiSequenceLearning,S4,9,1011.7864333,37.78515625,2.401,7,88.88888888888889,.NET 8.0.14
MultiSequenceLearning,S5,9,1011.7864333,37.78515625,2.401,7,88.88888888888889,.NET 8.0.14
MultiSequenceLearning,S6,9,1011.7864333,37.78515625,2.401,7,88.88888888888889,.NET 8.0.14
MultiSequenceLearning,S7,9,1011.7864333,37.78515625,2.401,7,88.88888888888889,.NET 8.0.14
MultiSequenceLearning,S8,9,1011.7864333,37.78515625,2.401,7,88.88888888888889,.NET 8.0.14
MultiSequenceLearning,S9,9,1011.7864333,37.78515625,2.401,7,88.88888888888889,.NET 8.0.14
MultiSequenceLearning,S10,9,1011.7864333,37.78515625,2.401,7,88.88888888888889,.NET 8.0.14
MultiSequenceLearning,S11,9,1011.7864333,37.78515625,2.401,7,88.88888888888889,.NET 8.0.14
MultiSequenceLearning,S12,9,1011.7864333,37.78515625,2.401,7,88.88888888888889,.NET 8.0.14
MultiSequenceLearning,S13,9,1011.7864333,37.78515625,2.401,7,88.88888888888889,.NET 8.0.14
MultiSequenceLearning,S14,9,1011.7864333,37.78515625,2.401,7,88.88888888888889,.NET 8.0.14
MultiSequenceLearning,S15,9,1011.7864333,37.78515625,2.401,7,88.88888888888889,.NET 8.0.14
MultiSequenceLearning,S16,9,1011.7864333,37.78515625,2.401,7,88.88888888888889,.NET 8.0.14
MultiSequenceLearning,S17,9,1011.7864333,37.78515625,2.401,7,88.88888888888889,.NET 8.0.14
MultiSequenceLearning,S18,9,1011.7864333,37.78515625,2.401,7,88.88888888888889,.NET 8.0.14
MultiSequenceLearning,S19,9,1011.7864333,37.78515625,2.401,7,88.88888888888889,.NET 8.0.14
MultiSequenceLearning,S20,9,1011.7864333,37.78515625,2.401,7,88.88888888888889,.NET 8.0.14
MultiSequenceLearning,S21,9,1011.7864333,37.78515625,2.401,7,88.88888888888889,.NET 8.0.14
MultiSequenceLearning,S22,9,1011.7864333,37.78515625,2.401,7,88.88888888888889,.NET 8.0.14
MultiSequenceLearning,S23,9,1011.7864333,37.78515625,2.401,7,88.88888888888889,.NET 8.0.14
MultiSequenceLearning,S24,9,1011.7864333,37.78515625,2.401,7,88.88888888888889,.NET 8.0.14
MultiSequenceLearning,S25,9,1011.7864333,37.78515625,2.401,7,88.88888888888889,.NET 8.0.14
MultiSequenceLearning,S26,9,1011.7864333,37.78515625,2.401,7,88.88888888888889,.NET 8.0.14
MultiSequenceLearning,S27,9,1011.7864333,37.78515625,2.401,7,88.88888888888889,.NET 8.0.14
MultiSequenceLearning,S28,9,1011.7864333,37.78515625,2.401,7,88.88888888888889,.NET 8.0.14
MultiSequenceLearning,S29,9,1011.7864333,37.78515625,2.401,7,88.88888888888889,.NET 8.0.14
MultiSequenceLearning,S30,9,1011.7864333,37.78515625,2.401,7,88.88888888888889,.NET 8.0.14
MultiSequenceLearning,S1,49,1011.7864333,37.78515625,2.401,7,100,.NET 8.0.14
MultiSequenceLearning,S2,49,1011.7864333,37.78515625,2.401,7,97.95918367346938,.NET 8.0.14
MultiSequenceLearning,S3,49,1011.7864333,37.78515625,2.401,7,97.95918367346938,.NET 8.0.14
MultiSequenceLearning,S4,9,1011.7864333,37.78515625,2.401,7,88.88888888888889,.NET 8.0.14
MultiSequenceLearning,S5,9,1011.7864333,37.78515625,2.401,7,88.88888888888889,.NET 8.0.14
MultiSequenceLearning,S6,9,1011.7864333,37.78515625,2.401,7,88.88888888888889,.NET 8.0.14
MultiSequenceLearning,S7,9,1011.7864333,37.78515625,2.401,7,88.88888888888889,.NET 8.0.14
MultiSequenceLearning,S8,9,1011.7864333,37.78515625,2.401,7,88.88888888888889,.NET 8.0.14
MultiSequenceLearning,S9,9,1011.7864333,37.78515625,2.401,7,88.88888888888889,.NET 8.0.14
MultiSequenceLearning,S10,9,1011.7864333,37.78515625,2.401,7,88.88888888888889,.NET 8.0.14
MultiSequenceLearning,S11,9,1011.7864333,37.78515625,2.401,7,88.88888888888889,.NET 8.0.14
MultiSequenceLearning,S12,9,1011.7864333,37.78515625,2.401,7,88.88888888888889,.NET 8.0.14
MultiSequenceLearning,S13,9,1011.7864333,37.78515625,2.401,7,88.88888888888889,.NET 8.0.14
MultiSequenceLearning,S14,9,1011.7864333,37.78515625,2.401,7,88.88888888888889,.NET 8.0.14
MultiSequenceLearning,S15,9,1011.7864333,37.78515625,2.401,7,88.88888888888889,.NET 8.0.14
MultiSequenceLearning,S16,9,1011.7864333,37.78515625,2.401,7,88.88888888888889,.NET 8.0.14
MultiSequenceLearning,S17,9,1011.7864333,37.78515625,2.401,7,88.88888888888889,.NET 8.0.14
MultiSequenceLearning,S18,9,1011.7864333,37.78515625,2.401,7,88.88888888888889,.NET 8.0.14
MultiSequenceLearning,S19,9,1011.7864333,37.78515625,2.401,7,88.88888888888889,.NET 8.0.14
MultiSequenceLearning,S20,9,1011.7864333,37.78515625,2.401,7,88.88888888888889,.NET 8.0.14
MultiSequenceLearning,S21,9,1011.7864333,37.78515625,2.401,7,88.88888888888889,.NET 8.0.14
MultiSequenceLearning,S22,9,1011.7864333,37.78515625,2.401,7,88.88888888888889,.NET 8.0.14
MultiSequenceLearning,S23,9,1011.7864333,37.78515625,2.401,7,88.88888888888889,.NET 8.0.14
MultiSequenceLearning,S24,9,1011.7864333,37.78515625,2.401,7,88.88888888888889,.NET 8.0.14
MultiSequenceLearning,S25,9,1011.7864333,37.78515625,2.401,7,88.88888888888889,.NET 8.0.14
MultiSequenceLearning,S26,9,1011.7864333,37.78515625,2.401,7,88.88888888888889,.NET 8.0.14
MultiSequenceLearning,S27,9,1011.7864333,37.78515625,2.401,7,88.88888888888889,.NET 8.0.14
MultiSequenceLearning,S28,9,1011.7864333,37.78515625,2.401,7,88.88888888888889,.NET 8.0.14
MultiSequenceLearning,S29,9,1011.7864333,37.78515625,2.401,7,88.88888888888889,.NET 8.0.14
MultiSequenceLearning,S30,9,1011.7864333,37.78515625,2.401,7,88.88888888888889,.NET 8.0.14
MultiSequenceLearning,S1,49,1011.7864333,37.78515625,2.401,7,100,.NET 8.0.14
MultiSequenceLearning,S2,49,1011.7864333,37.78515625,2.401,7,97.95918367346938,.NET 8.0.14
MultiSequenceLearning,S3,49,1011.7864333,37.78515625,2.401,7,97.95918367346938,.NET 8.0.14
MultiSequenceLearning,S4,9,1011.7864333,37.78515625,2.401,7,88.88888888888889,.NET 8.0.14
MultiSequenceLearning,S5,9,1011.7864333,37.78515625,2.401,7,88.88888888888889,.NET 8.0.14
MultiSequenceLearning,S6,9,1011.7864333,37.78515625,2.401,7,88.88888888888889,.NET 8.0.14
MultiSequenceLearning,S7,9,1011.7864333,37.78515625,2.401,7,88.88888888888889,.NET 8.0.14
MultiSequenceLearning,S8,9,1011.7864333,37.78515625,2.401,7,88.88888888888889,.NET 8.0.14
MultiSequenceLearning,S9,9,1011.7864333,37.78515625,2.401,7,88.88888888888889,.NET 8.0.14
MultiSequenceLearning,S10,9,1011.7864333,37.78515625,2.401,7,88.88888888888889,.NET 8.0.14
MultiSequenceLearning,S11,9,1011.7864333,37.78515625,2.401,7,88.88888888888889,.NET 8.0.14
MultiSequenceLearning,S12,9,1011.7864333,37.78515625,2.401,7,88.88888888888889,.NET 8.0.14
MultiSequenceLearning,S13,9,1011.7864333,37.78515625,2.401,7,88.88888888888889,.NET 8.0.14
MultiSequenceLearning,S14,9,1011.7864333,37.78515625,2.401,7,88.88888888888889,.NET 8.0.14
MultiSequenceLearning,S15,9,1011.7864333,37.78515625,2.401,7,88.88888888888889,.NET 8.0.14
MultiSequenceLearning,S16,9,1011.7864333,37.78515625,2.401,7,88.88888888888889,.NET 8.0.14
MultiSequenceLearning,S17,9,1011.7864333,37.78515625,2.401,7,88.88888888888889,.NET 8.0.14
MultiSequenceLearning,S18,9,1011.7864333,37.78515625,2.401,7,88.88888888888889,.NET 8.0.14
MultiSequenceLearning,S19,9,1011.7864333,37.78515625,2.401,7,88.88888888888889,.NET 8.0.14
MultiSequenceLearning,S20,9,1011.7864333,37.78515625,2.401,7,88.88888888888889,.NET 8.0.14
MultiSequenceLearning,S21,9,1011.7864333,37.78515625,2.401,7,88.88888888888889,.NET 8.0.14
MultiSequenceLearning,S22,9,1011.7864333,37.78515625,2.401,7,88.88888888888889,.NET 8.0.14
MultiSequenceLearning,S23,9,1011.7864333,37.78515625,2.401,7,88.88888888888889,.NET 8.0.14
MultiSequenceLearning,S24,9,1011.7864333,37.78515625,2.401,7,88.88888888888889,.NET 8.0.14
MultiSequenceLearning,S25,9,1011.7864333,37.78515625,2.401,7,88.88888888888889,.NET 8.0.14
MultiSequenceLearning,S26,9,1011.7864333,37.78515625,2.401,7,88.88888888888889,.NET 8.0.14
MultiSequenceLearning,S27,9,1011.7864333,37.78515625,2.401,7,88.88888888888889,.NET 8.0.14
MultiSequenceLearning,S28,9,1011.7864333,37.78515625,2.401,7,88.88888888888889,.NET 8.0.14
MultiSequenceLearning,S29,9,1011.7864333,37.78515625,2.401,7,88.88888888888889,.NET 8.0.14
MultiSequenceLearning,S30,9,1011.7864333,37.78515625,2.401,7,88.88888888888889,.NET 8.0.14
MultiSequenceLearning,S1,49,1088.27477,40.48828125,2.401,7,100,.NET 8.0.14
MultiSequenceLearning,S2,49,1088.27477,40.48828125,2.401,7,97.95918367346938,.NET 8.0.14
MultiSequenceLearning,S3,49,1088.27477,40.48828125,2.401,7,97.95918367346938,.NET 8.0.14
MultiSequenceLearning,S4,9,1088.27477,40.48828125,2.401,7,88.88888888888889,.NET 8.0.14
MultiSequenceLearning,S5,9,1088.27477,40.48828125,2.401,7,88.88888888888889,.NET 8.0.14
MultiSequenceLearning,S6,9,1088.27477,40.48828125,2.401,7,88.88888888888889,.NET 8.0.14
MultiSequenceLearning,S7,9,1088.27477,40.48828125,2.401,7,88.88888888888889,.NET 8.0.14
MultiSequenceLearning,S8,9,1088.27477,40.48828125,2.401,7,88.88888888888889,.NET 8.0.14
MultiSequenceLearning,S9,9,1088.27477,40.48828125,2.401,7,88.88888888888889,.NET 8.0.14
MultiSequenceLearning,S10,9,1088.27477,40.48828125,2.401,7,88.88888888888889,.NET 8.0.14
MultiSequenceLearning,S11,9,1088.27477,40.48828125,2.401,7,88.88888888888889,.NET 8.0.14
MultiSequenceLearning,S12,9,1088.27477,40.48828125,2.401,7,88.88888888888889,.NET 8.0.14
MultiSequenceLearning,S13,9,1088.27477,40.48828125,2.401,7,88.88888888888889,.NET 8.0.14
MultiSequenceLearning,S14,9,1088.27477,40.48828125,2.401,7,88.88888888888889,.NET 8.0.14
MultiSequenceLearning,S15,9,1088.27477,40.48828125,2.401,7,88.88888888888889,.NET 8.0.14
MultiSequenceLearning,S16,9,1088.27477,40.48828125,2.401,7,88.88888888888889,.NET 8.0.14
MultiSequenceLearning,S17,9,1088.27477,40.48828125,2.401,7,88.88888888888889,.NET 8.0.14
MultiSequenceLearning,S18,9,1088.27477,40.48828125,2.401,7,88.88888888888889,.NET 8.0.14
MultiSequenceLearning,S19,9,1088.27477,40.48828125,2.401,7,88.88888888888889,.NET 8.0.14
MultiSequenceLearning,S20,9,1088.27477,40.48828125,2.401,7,88.88888888888889,.NET 8.0.14
MultiSequenceLearning,S21,9,1088.27477,40.48828125,2.401,7,88.88888888888889,.NET 8.0.14
MultiSequenceLearning,S22,9,1088.27477,40.48828125,2.401,7,88.88888888888889,.NET 8.0.14
MultiSequenceLearning,S23,9,1088.27477,40.48828125,2.401,7,88.88888888888889,.NET 8.0.14
MultiSequenceLearning,S24,9,1088.27477,40.48828125,2.401,7,88.88888888888889,.NET 8.0.14
MultiSequenceLearning,S25,9,1088.27477,40.48828125,2.401,7,88.88888888888889,.NET 8.0.14
MultiSequenceLearning,S26,9,1088.27477,40.48828125,2.401,7,88.88888888888889,.NET 8.0.14
MultiSequenceLearning,S27,9,1088.27477,40.48828125,2.401,7,88.88888888888889,.NET 8.0.14
MultiSequenceLearning,S28,9,1088.27477,40.48828125,2.401,7,88.88888888888889,.NET 8.0.14
MultiSequenceLearning,S29,9,1088.27477,40.48828125,2.401,7,88.88888888888889,.NET 8.0.14
MultiSequenceLearning,S30,9,1088.27477,40.48828125,2.401,7,88.88888888888889,.NET 8.0.14
MultiSequenceLearning,S1,49,1088.27477,40.48828125,2.401,7,100,.NET 8.0.14
MultiSequenceLearning,S2,49,1088.27477,40.48828125,2.401,7,97.95918367346938,.NET 8.0.14
MultiSequenceLearning,S3,49,1088.27477,40.48828125,2.401,7,97.95918367346938,.NET 8.0.14
MultiSequenceLearning,S4,9,1088.27477,40.48828125,2.401,7,88.88888888888889,.NET 8.0.14
MultiSequenceLearning,S5,9,1088.27477,40.48828125,2.401,7,88.88888888888889,.NET 8.0.14
MultiSequenceLearning,S6,9,1088.27477,40.48828125,2.401,7,88.88888888888889,.NET 8.0.14
MultiSequenceLearning,S7,9,1088.27477,40.48828125,2.401,7,88.88888888888889,.NET 8.0.14
MultiSequenceLearning,S8,9,1088.27477,40.48828125,2.401,7,88.88888888888889,.NET 8.0.14
MultiSequenceLearning,S9,9,1088.27477,40.48828125,2.401,7,88.88888888888889,.NET 8.0.14
MultiSequenceLearning,S10,9,1088.27477,40.48828125,2.401,7,88.88888888888889,.NET 8.0.14
MultiSequenceLearning,S11,9,1088.27477,40.48828125,2.401,7,88.88888888888889,.NET 8.0.14
MultiSequenceLearning,S12,9,1088.27477,40.48828125,2.401,7,88.88888888888889,.NET 8.0.14
MultiSequenceLearning,S13,9,1088.27477,40.48828125,2.401,7,88.88888888888889,.NET 8.0.14
MultiSequenceLearning,S14,9,1088.27477,40.48828125,2.401,7,88.88888888888889,.NET 8.0.14
MultiSequenceLearning,S15,9,1088.27477,40.48828125,2.401,7,88.88888888888889,.NET 8.0.14
MultiSequenceLearning,S16,9,1088.27477,40.48828125,2.401,7,88.88888888888889,.NET 8.0.14
MultiSequenceLearning,S17,9,1088.27477,40.48828125,2.401,7,88.88888888888889,.NET 8.0.14
MultiSequenceLearning,S18,9,1088.27477,40.48828125,2.401,7,88.88888888888889,.NET 8.0.14
MultiSequenceLearning,S19,9,1088.27477,40.48828125,2.401,7,88.88888888888889,.NET 8.0.14
MultiSequenceLearning,S20,9,1088.27477,40.48828125,2.401,7,88.88888888888889,.NET 8.0.14
MultiSequenceLearning,S21,9,1088.27477,40.48828125,2.401,7,88.88888888888889,.NET 8.0.14
MultiSequenceLearning,S22,9,1088.27477,40.48828125,2.401,7,88.88888888888889,.NET 8.0.14
MultiSequenceLearning,S23,9,1088.27477,40.48828125,2.401,7,88.88888888888889,.NET 8.0.14
MultiSequenceLearning,S24,9,1088.27477,40.48828125,2.401,7,88.88888888888889,.NET 8.0.14
MultiSequenceLearning,S25,9,1088.27477,40.48828125,2.401,7,88.88888888888889,.NET 8.0.14
MultiSequenceLearning,S26,9,1088.27477,40.48828125,2.401,7,88.88888888888889,.NET 8.0.14
MultiSequenceLearning,S27,9,1088.27477,40.48828125,2.401,7,88.88888888888889,.NET 8.0.14
MultiSequenceLearning,S28,9,1088.27477,40.48828125,2.401,7,88.88888888888889,.NET 8.0.14
MultiSequenceLearning,S29,9,1088.27477,40.48828125,2.401,7,88.88888888888889,.NET 8.0.14
MultiSequenceLearning,S30,9,1088.27477,40.48828125,2.401,7,88.88888888888889,.NET 8.0.14
MultiSequenceLearning,S1,49,1088.27477,40.48828125,2.401,7,100,.NET 8.0.14
MultiSequenceLearning,S2,49,1088.27477,40.48828125,2.401,7,97.95918367346938,.NET 8.0.14
MultiSequenceLearning,S3,49,1088.27477,40.48828125,2.401,7,97.95918367346938,.NET 8.0.14
MultiSequenceLearning,S4,9,1088.27477,40.48828125,2.401,7,88.88888888888889,.NET 8.0.14
MultiSequenceLearning,S5,9,1088.27477,40.48828125,2.401,7,88.88888888888889,.NET 8.0.14
MultiSequenceLearning,S6,9,1088.27477,40.48828125,2.401,7,88.88888888888889,.NET 8.0.14
MultiSequenceLearning,S7,9,1088.27477,40.48828125,2.401,7,88.88888888888889,.NET 8.0.14
MultiSequenceLearning,S8,9,1088.27477,40.48828125,2.401,7,88.88888888888889,.NET 8.0.14
MultiSequenceLearning,S9,9,1088.27477,40.48828125,2.401,7,88.88888888888889,.NET 8.0.14
MultiSequenceLearning,S10,9,1088.27477,40.48828125,2.401,7,88.88888888888889,.NET 8.0.14
MultiSequenceLearning,S11,9,1088.27477,40.48828125,2.401,7,88.88888888888889,.NET 8.0.14
MultiSequenceLearning,S12,9,1088.27477,40.48828125,2.401,7,88.88888888888889,.NET 8.0.14
MultiSequenceLearning,S13,9,1088.27477,40.48828125,2.401,7,88.88888888888889,.NET 8.0.14
MultiSequenceLearning,S14,9,1088.27477,40.48828125,2.401,7,88.88888888888889,.NET 8.0.14
MultiSequenceLearning,S15,9,1088.27477,40.48828125,2.401,7,88.88888888888889,.NET 8.0.14
MultiSequenceLearning,S16,9,1088.27477,40.48828125,2.401,7,88.88888888888889,.NET 8.0.14
MultiSequenceLearning,S17,9,1088.27477,40.48828125,2.401,7,88.88888888888889,.NET 8.0.14
MultiSequenceLearning,S18,9,1088.27477,40.48828125,2.401,7,88.88888888888889,.NET 8.0.14
MultiSequenceLearning,S19,9,1088.27477,40.48828125,2.401,7,88.88888888888889,.NET 8.0.14
MultiSequenceLearning,S20,9,1088.27477,40.48828125,2.401,7,88.88888888888889,.NET 8.0.14
MultiSequenceLearning,S21,9,1088.27477,40.48828125,2.401,7,88.88888888888889,.NET 8.0.14
MultiSequenceLearning,S22,9,1088.27477,40.48828125,2.401,7,88.88888888888889,.NET 8.0.14
MultiSequenceLearning,S23,9,1088.27477,40.48828125,2.401,7,88.88888888888889,.NET 8.0.14
MultiSequenceLearning,S24,9,1088.27477,40.48828125,2.401,7,88.88888888888889,.NET 8.0.14
MultiSequenceLearning,S25,9,1088.27477,40.48828125,2.401,7,88.88888888888889,.NET 8.0.14
MultiSequenceLearning,S26,9,1088.27477,40.48828125,2.401,7,88.88888888888889,.NET 8.0.14
MultiSequenceLearning,S27,9,1088.27477,40.48828125,2.401,7,88.88888888888889,.NET 8.0.14
MultiSequenceLearning,S28,9,1088.27477,40.48828125,2.401,7,88.88888888888889,.NET 8.0.14
MultiSequenceLearning,S29,9,1088.27477,40.48828125,2.401,7,88.88888888888889,.NET 8.0.14
MultiSequenceLearning,S30,9,1088.27477,40.48828125,2.401,7,88.88888888888889,.NET 8.0.14
MultiSequenceLearning,S1,49,1088.27477,40.48828125,2.401,7,100,.NET 8.0.14
MultiSequenceLearning,S2,49,1088.27477,40.48828125,2.401,7,97.95918367346938,.NET 8.0.14
MultiSequenceLearning,S3,49,1088.27477,40.48828125,2.401,7,97.95918367346938,.NET 8.0.14
MultiSequenceLearning,S4,9,1088.27477,40.48828125,2.401,7,88.88888888888889,.NET 8.0.14
MultiSequenceLearning,S5,9,1088.27477,40.48828125,2.401,7,88.88888888888889,.NET 8.0.14
MultiSequenceLearning,S6,9,1088.27477,40.48828125,2.401,7,88.88888888888889,.NET 8.0.14
MultiSequenceLearning,S7,9,1088.27477,40.48828125,2.401,7,88.88888888888889,.NET 8.0.14
MultiSequenceLearning,S8,9,1088.27477,40.48828125,2.401,7,88.88888888888889,.NET 8.0.14
MultiSequenceLearning,S9,9,1088.27477,40.48828125,2.401,7,88.88888888888889,.NET 8.0.14
MultiSequenceLearning,S10,9,1088.27477,40.48828125,2.401,7,88.88888888888889,.NET 8.0.14
MultiSequenceLearning,S11,9,1088.27477,40.48828125,2.401,7,88.88888888888889,.NET 8.0.14
MultiSequenceLearning,S12,9,1088.27477,40.48828125,2.401,7,88.88888888888889,.NET 8.0.14
MultiSequenceLearning,S13,9,1088.27477,40.48828125,2.401,7,88.88888888888889,.NET 8.0.14
MultiSequenceLearning,S14,9,1088.27477,40.48828125,2.401,7,88.88888888888889,.NET 8.0.14
MultiSequenceLearning,S15,9,1088.27477,40.48828125,2.401,7,88.88888888888889,.NET 8.0.14
MultiSequenceLearning,S16,9,1088.27477,40.48828125,2.401,7,88.88888888888889,.NET 8.0.14
MultiSequenceLearning,S17,9,1088.27477,40.48828125,2.401,7,88.88888888888889,.NET 8.0.14
MultiSequenceLearning,S18,9,1088.27477,40.48828125,2.401,7,88.88888888888889,.NET 8.0.14
MultiSequenceLearning,S19,9,1088.27477,40.48828125,2.401,7,88.88888888888889,.NET 8.0.14
MultiSequenceLearning,S20,9,1088.27477,40.48828125,2.401,7,88.88888888888889,.NET 8.0.14
MultiSequenceLearning,S21,9,1088.27477,40.48828125,2.401,7,88.88888888888889,.NET 8.0.14
MultiSequenceLearning,S22,9,1088.27477,40.48828125,2.401,7,88.88888888888889,.NET 8.0.14
MultiSequenceLearning,S23,9,1088.27477,40.48828125,2.401,7,88.88888888888889,.NET 8.0.14
MultiSequenceLearning,S24,9,1088.27477,40.48828125,2.401,7,88.88888888888889,.NET 8.0.14
MultiSequenceLearning,S25,9,1088.27477,40.48828125,2.401,7,88.88888888888889,.NET 8.0.14
MultiSequenceLearning,S26,9,1088.27477,40.48828125,2.401,7,88.88888888888889,.NET 8.0.14
MultiSequenceLearning,S27,9,1088.27477,40.48828125,2.401,7,88.88888888888889,.NET 8.0.14
MultiSequenceLearning,S28,9,1088.27477,40.48828125,2.401,7,88.88888888888889,.NET 8.0.14
MultiSequenceLearning,S29,9,1088.27477,40.48828125,2.401,7,88.88888888888889,.NET 8.0.14
MultiSequenceLearning,S30,9,1088.27477,40.48828125,2.401,7,88.88888888888889,.NET 8.0.14
MultiSequenceLearning,S1,49,1010.2401497,40.2265625,2.401,7,100,.NET 8.0.14
MultiSequenceLearning,S2,49,1010.2401497,40.2265625,2.401,7,97.95918367346938,.NET 8.0.14
MultiSequenceLearning,S3,49,1010.2401497,40.2265625,2.401,7,97.95918367346938,.NET 8.0.14
MultiSequenceLearning,S4,9,1010.2401497,40.2265625,2.401,7,88.88888888888889,.NET 8.0.14
MultiSequenceLearning,S5,9,1010.2401497,40.2265625,2.401,7,88.88888888888889,.NET 8.0.14
MultiSequenceLearning,S6,9,1010.2401497,40.2265625,2.401,7,88.88888888888889,.NET 8.0.14
MultiSequenceLearning,S7,9,1010.2401497,40.2265625,2.401,7,88.88888888888889,.NET 8.0.14
MultiSequenceLearning,S8,9,1010.2401497,40.2265625,2.401,7,88.88888888888889,.NET 8.0.14
MultiSequenceLearning,S9,9,1010.2401497,40.2265625,2.401,7,88.88888888888889,.NET 8.0.14
MultiSequenceLearning,S10,9,1010.2401497,40.2265625,2.401,7,88.88888888888889,.NET 8.0.14
MultiSequenceLearning,S11,9,1010.2401497,40.2265625,2.401,7,88.88888888888889,.NET 8.0.14
MultiSequenceLearning,S12,9,1010.2401497,40.2265625,2.401,7,88.88888888888889,.NET 8.0.14
MultiSequenceLearning,S13,9,1010.2401497,40.2265625,2.401,7,88.88888888888889,.NET 8.0.14
MultiSequenceLearning,S14,9,1010.2401497,40.2265625,2.401,7,88.88888888888889,.NET 8.0.14
MultiSequenceLearning,S15,9,1010.2401497,40.2265625,2.401,7,88.88888888888889,.NET 8.0.14
MultiSequenceLearning,S16,9,1010.2401497,40.2265625,2.401,7,88.88888888888889,.NET 8.0.14
MultiSequenceLearning,S17,9,1010.2401497,40.2265625,2.401,7,88.88888888888889,.NET 8.0.14
MultiSequenceLearning,S18,9,1010.2401497,40.2265625,2.401,7,88.88888888888889,.NET 8.0.14
MultiSequenceLearning,S19,9,1010.2401497,40.2265625,2.401,7,88.88888888888889,.NET 8.0.14
MultiSequenceLearning,S20,9,1010.2401497,40.2265625,2.401,7,88.88888888888889,.NET 8.0.14
MultiSequenceLearning,S21,9,1010.2401497,40.2265625,2.401,7,88.88888888888889,.NET 8.0.14
MultiSequenceLearning,S22,9,1010.2401497,40.2265625,2.401,7,88.88888888888889,.NET 8.0.14
MultiSequenceLearning,S23,9,1010.2401497,40.2265625,2.401,7,88.88888888888889,.NET 8.0.14
MultiSequenceLearning,S24,9,1010.2401497,40.2265625,2.401,7,88.88888888888889,.NET 8.0.14
MultiSequenceLearning,S25,9,1010.2401497,40.2265625,2.401,7,88.88888888888889,.NET 8.0.14
MultiSequenceLearning,S26,9,1010.2401497,40.2265625,2.401,7,88.88888888888889,.NET 8.0.14
MultiSequenceLearning,S27,9,1010.2401497,40.2265625,2.401,7,88.88888888888889,.NET 8.0.14
MultiSequenceLearning,S28,9,1010.2401497,40.2265625,2.401,7,88.88888888888889,.NET 8.0.14
MultiSequenceLearning,S29,9,1010.2401497,40.2265625,2.401,7,88.88888888888889,.NET 8.0.14
MultiSequenceLearning,S30,9,1010.2401497,40.2265625,2.401,7,88.88888888888889,.NET 8.0.14
MultiSequenceLearning,S1,49,1010.2401497,40.2265625,2.401,7,100,.NET 8.0.14
MultiSequenceLearning,S2,49,1010.2401497,40.2265625,2.401,7,97.95918367346938,.NET 8.0.14
MultiSequenceLearning,S3,49,1010.2401497,40.2265625,2.401,7,97.95918367346938,.NET 8.0.14
MultiSequenceLearning,S4,9,1010.2401497,40.2265625,2.401,7,88.88888888888889,.NET 8.0.14
MultiSequenceLearning,S5,9,1010.2401497,40.2265625,2.401,7,88.88888888888889,.NET 8.0.14
MultiSequenceLearning,S6,9,1010.2401497,40.2265625,2.401,7,88.88888888888889,.NET 8.0.14
MultiSequenceLearning,S7,9,1010.2401497,40.2265625,2.401,7,88.88888888888889,.NET 8.0.14
MultiSequenceLearning,S8,9,1010.2401497,40.2265625,2.401,7,88.88888888888889,.NET 8.0.14
MultiSequenceLearning,S9,9,1010.2401497,40.2265625,2.401,7,88.88888888888889,.NET 8.0.14
MultiSequenceLearning,S10,9,1010.2401497,40.2265625,2.401,7,88.88888888888889,.NET 8.0.14
MultiSequenceLearning,S11,9,1010.2401497,40.2265625,2.401,7,88.88888888888889,.NET 8.0.14
MultiSequenceLearning,S12,9,1010.2401497,40.2265625,2.401,7,88.88888888888889,.NET 8.0.14
MultiSequenceLearning,S13,9,1010.2401497,40.2265625,2.401,7,88.88888888888889,.NET 8.0.14
MultiSequenceLearning,S14,9,1010.2401497,40.2265625,2.401,7,88.88888888888889,.NET 8.0.14
MultiSequenceLearning,S15,9,1010.2401497,40.2265625,2.401,7,88.88888888888889,.NET 8.0.14
MultiSequenceLearning,S16,9,1010.2401497,40.2265625,2.401,7,88.88888888888889,.NET 8.0.14
MultiSequenceLearning,S17,9,1010.2401497,40.2265625,2.401,7,88.88888888888889,.NET 8.0.14
MultiSequenceLearning,S18,9,1010.2401497,40.2265625,2.401,7,88.88888888888889,.NET 8.0.14
MultiSequenceLearning,S19,9,1010.2401497,40.2265625,2.401,7,88.88888888888889,.NET 8.0.14
MultiSequenceLearning,S20,9,1010.2401497,40.2265625,2.401,7,88.88888888888889,.NET 8.0.14
MultiSequenceLearning,S21,9,1010.2401497,40.2265625,2.401,7,88.88888888888889,.NET 8.0.14
MultiSequenceLearning,S22,9,1010.2401497,40.2265625,2.401,7,88.88888888888889,.NET 8.0.14
MultiSequenceLearning,S23,9,1010.2401497,40.2265625,2.401,7,88.88888888888889,.NET 8.0.14
MultiSequenceLearning,S24,9,1010.2401497,40.2265625,2.401,7,88.88888888888889,.NET 8.0.14
MultiSequenceLearning,S25,9,1010.2401497,40.2265625,2.401,7,88.88888888888889,.NET 8.0.14
MultiSequenceLearning,S26,9,1010.2401497,40.2265625,2.401,7,88.88888888888889,.NET 8.0.14
MultiSequenceLearning,S27,9,1010.2401497,40.2265625,2.401,7,88.88888888888889,.NET 8.0.14
MultiSequenceLearning,S28,9,1010.2401497,40.2265625,2.401,7,88.88888888888889,.NET 8.0.14
MultiSequenceLearning,S29,9,1010.2401497,40.2265625,2.401,7,88.88888888888889,.NET 8.0.14
MultiSequenceLearning,S30,9,1010.2401497,40.2265625,2.401,7,88.88888888888889,.NET 8.0.14
MultiSequenceLearning,S1,49,1010.2401497,40.2265625,2.401,7,100,.NET 8.0.14
MultiSequenceLearning,S2,49,1010.2401497,40.2265625,2.401,7,97.95918367346938,.NET 8.0.14
MultiSequenceLearning,S3,49,1010.2401497,40.2265625,2.401,7,97.95918367346938,.NET 8.0.14
MultiSequenceLearning,S4,9,1010.2401497,40.2265625,2.401,7,88.88888888888889,.NET 8.0.14
MultiSequenceLearning,S5,9,1010.2401497,40.2265625,2.401,7,88.88888888888889,.NET 8.0.14
MultiSequenceLearning,S6,9,1010.2401497,40.2265625,2.401,7,88.88888888888889,.NET 8.0.14
MultiSequenceLearning,S7,9,1010.2401497,40.2265625,2.401,7,88.88888888888889,.NET 8.0.14
MultiSequenceLearning,S8,9,1010.2401497,40.2265625,2.401,7,88.88888888888889,.NET 8.0.14
MultiSequenceLearning,S9,9,1010.2401497,40.2265625,2.401,7,88.88888888888889,.NET 8.0.14
MultiSequenceLearning,S10,9,1010.2401497,40.2265625,2.401,7,88.88888888888889,.NET 8.0.14
MultiSequenceLearning,S11,9,1010.2401497,40.2265625,2.401,7,88.88888888888889,.NET 8.0.14
MultiSequenceLearning,S12,9,1010.2401497,40.2265625,2.401,7,88.88888888888889,.NET 8.0.14
MultiSequenceLearning,S13,9,1010.2401497,40.2265625,2.401,7,88.88888888888889,.NET 8.0.14
MultiSequenceLearning,S14,9,1010.2401497,40.2265625,2.401,7,88.88888888888889,.NET 8.0.14
MultiSequenceLearning,S15,9,1010.2401497,40.2265625,2.401,7,88.88888888888889,.NET 8.0.14
MultiSequenceLearning,S16,9,1010.2401497,40.2265625,2.401,7,88.88888888888889,.NET 8.0.14
MultiSequenceLearning,S17,9,1010.2401497,40.2265625,2.401,7,88.88888888888889,.NET 8.0.14
MultiSequenceLearning,S18,9,1010.2401497,40.2265625,2.401,7,88.88888888888889,.NET 8.0.14
MultiSequenceLearning,S19,9,1010.2401497,40.2265625,2.401,7,88.88888888888889,.NET 8.0.14
MultiSequenceLearning,S20,9,1010.2401497,40.2265625,2.401,7,88.88888888888889,.NET 8.0.14
MultiSequenceLearning,S21,9,1010.2401497,40.2265625,2.401,7,88.88888888888889,.NET 8.0.14
MultiSequenceLearning,S22,9,1010.2401497,40.2265625,2.401,7,88.88888888888889,.NET 8.0.14
MultiSequenceLearning,S23,9,1010.2401497,40.2265625,2.401,7,88.88888888888889,.NET 8.0.14
MultiSequenceLearning,S24,9,1010.2401497,40.2265625,2.401,7,88.88888888888889,.NET 8.0.14
MultiSequenceLearning,S25,9,1010.2401497,40.2265625,2.401,7,88.88888888888889,.NET 8.0.14
MultiSequenceLearning,S26,9,1010.2401497,40.2265625,2.401,7,88.88888888888889,.NET 8.0.14
MultiSequenceLearning,S27,9,1010.2401497,40.2265625,2.401,7,88.88888888888889,.NET 8.0.14
MultiSequenceLearning,S28,9,1010.2401497,40.2265625,2.401,7,88.88888888888889,.NET 8.0.14
MultiSequenceLearning,S29,9,1010.2401497,40.2265625,2.401,7,88.88888888888889,.NET 8.0.14
MultiSequenceLearning,S30,9,1010.2401497,40.2265625,2.401,7,88.88888888888889,.NET 8.0.14
MultiSequenceLearning,S1,49,1010.2401497,40.2265625,2.401,7,100,.NET 8.0.14
MultiSequenceLearning,S2,49,1010.2401497,40.2265625,2.401,7,97.95918367346938,.NET 8.0.14
MultiSequenceLearning,S3,49,1010.2401497,40.2265625,2.401,7,97.95918367346938,.NET 8.0.14
MultiSequenceLearning,S4,9,1010.2401497,40.2265625,2.401,7,88.88888888888889,.NET 8.0.14
MultiSequenceLearning,S5,9,1010.2401497,40.2265625,2.401,7,88.88888888888889,.NET 8.0.14
MultiSequenceLearning,S6,9,1010.2401497,40.2265625,2.401,7,88.88888888888889,.NET 8.0.14
MultiSequenceLearning,S7,9,1010.2401497,40.2265625,2.401,7,88.88888888888889,.NET 8.0.14
MultiSequenceLearning,S8,9,1010.2401497,40.2265625,2.401,7,88.88888888888889,.NET 8.0.14
MultiSequenceLearning,S9,9,1010.2401497,40.2265625,2.401,7,88.88888888888889,.NET 8.0.14
MultiSequenceLearning,S10,9,1010.2401497,40.2265625,2.401,7,88.88888888888889,.NET 8.0.14
MultiSequenceLearning,S11,9,1010.2401497,40.2265625,2.401,7,88.88888888888889,.NET 8.0.14
MultiSequenceLearning,S12,9,1010.2401497,40.2265625,2.401,7,88.88888888888889,.NET 8.0.14
MultiSequenceLearning,S13,9,1010.2401497,40.2265625,2.401,7,88.88888888888889,.NET 8.0.14
MultiSequenceLearning,S14,9,1010.2401497,40.2265625,2.401,7,88.88888888888889,.NET 8.0.14
MultiSequenceLearning,S15,9,1010.2401497,40.2265625,2.401,7,88.88888888888889,.NET 8.0.14
MultiSequenceLearning,S16,9,1010.2401497,40.2265625,2.401,7,88.88888888888889,.NET 8.0.14
MultiSequenceLearning,S17,9,1010.2401497,40.2265625,2.401,7,88.88888888888889,.NET 8.0.14
MultiSequenceLearning,S18,9,1010.2401497,40.2265625,2.401,7,88.88888888888889,.NET 8.0.14
MultiSequenceLearning,S19,9,1010.2401497,40.2265625,2.401,7,88.88888888888889,.NET 8.0.14
MultiSequenceLearning,S20,9,1010.2401497,40.2265625,2.401,7,88.88888888888889,.NET 8.0.14
MultiSequenceLearning,S21,9,1010.2401497,40.2265625,2.401,7,88.88888888888889,.NET 8.0.14
MultiSequenceLearning,S22,9,1010.2401497,40.2265625,2.401,7,88.88888888888889,.NET 8.0.14
MultiSequenceLearning,S23,9,1010.2401497,40.2265625,2.401,7,88.88888888888889,.NET 8.0.14
MultiSequenceLearning,S24,9,1010.2401497,40.2265625,2.401,7,88.88888888888889,.NET 8.0.14
MultiSequenceLearning,S25,9,1010.2401497,40.2265625,2.401,7,88.88888888888889,.NET 8.0.14
MultiSequenceLearning,S26,9,1010.2401497,40.2265625,2.401,7,88.88888888888889,.NET 8.0.14
MultiSequenceLearning,S27,9,1010.2401497,40.2265625,2.401,7,88.88888888888889,.NET 8.0.14
MultiSequenceLearning,S28,9,1010.2401497,40.2265625,2.401,7,88.88888888888889,.NET 8.0.14
MultiSequenceLearning,S29,9,1010.2401497,40.2265625,2.401,7,88.88888888888889,.NET 8.0.14
MultiSequenceLearning,S30,9,1010.2401497,40.2265625,2.401,7,88.88888888888889,.NET 8.0.14
MultiSequenceLearning,S1,49,1051.8276222,35.2421875,2.401,8,100,.NET 8.0.14
MultiSequenceLearning,S2,49,1051.8276222,35.2421875,2.401,8,97.95918367346938,.NET 8.0.14
MultiSequenceLearning,S3,49,1051.8276222,35.2421875,2.401,8,97.95918367346938,.NET 8.0.14
MultiSequenceLearning,S4,9,1051.8276222,35.2421875,2.401,8,88.88888888888889,.NET 8.0.14
MultiSequenceLearning,S5,9,1051.8276222,35.2421875,2.401,8,88.88888888888889,.NET 8.0.14
MultiSequenceLearning,S6,9,1051.8276222,35.2421875,2.401,8,88.88888888888889,.NET 8.0.14
MultiSequenceLearning,S7,9,1051.8276222,35.2421875,2.401,8,88.88888888888889,.NET 8.0.14
MultiSequenceLearning,S8,9,1051.8276222,35.2421875,2.401,8,88.88888888888889,.NET 8.0.14
MultiSequenceLearning,S9,9,1051.8276222,35.2421875,2.401,8,88.88888888888889,.NET 8.0.14
MultiSequenceLearning,S10,9,1051.8276222,35.2421875,2.401,8,88.88888888888889,.NET 8.0.14
MultiSequenceLearning,S11,9,1051.8276222,35.2421875,2.401,8,88.88888888888889,.NET 8.0.14
MultiSequenceLearning,S12,9,1051.8276222,35.2421875,2.401,8,88.88888888888889,.NET 8.0.14
MultiSequenceLearning,S13,9,1051.8276222,35.2421875,2.401,8,88.88888888888889,.NET 8.0.14
MultiSequenceLearning,S14,9,1051.8276222,35.2421875,2.401,8,88.88888888888889,.NET 8.0.14
MultiSequenceLearning,S15,9,1051.8276222,35.2421875,2.401,8,88.88888888888889,.NET 8.0.14
MultiSequenceLearning,S16,9,1051.8276222,35.2421875,2.401,8,88.88888888888889,.NET 8.0.14
MultiSequenceLearning,S17,9,1051.8276222,35.2421875,2.401,8,88.88888888888889,.NET 8.0.14
MultiSequenceLearning,S18,9,1051.8276222,35.2421875,2.401,8,88.88888888888889,.NET 8.0.14
MultiSequenceLearning,S19,9,1051.8276222,35.2421875,2.401,8,88.88888888888889,.NET 8.0.14
MultiSequenceLearning,S20,9,1051.8276222,35.2421875,2.401,8,88.88888888888889,.NET 8.0.14
MultiSequenceLearning,S21,9,1051.8276222,35.2421875,2.401,8,88.88888888888889,.NET 8.0.14
MultiSequenceLearning,S22,9,1051.8276222,35.2421875,2.401,8,88.88888888888889,.NET 8.0.14
MultiSequenceLearning,S23,9,1051.8276222,35.2421875,2.401,8,88.88888888888889,.NET 8.0.14
MultiSequenceLearning,S24,9,1051.8276222,35.2421875,2.401,8,88.88888888888889,.NET 8.0.14
MultiSequenceLearning,S25,9,1051.8276222,35.2421875,2.401,8,88.88888888888889,.NET 8.0.14
MultiSequenceLearning,S26,9,1051.8276222,35.2421875,2.401,8,88.88888888888889,.NET 8.0.14
MultiSequenceLearning,S27,9,1051.8276222,35.2421875,2.401,8,88.88888888888889,.NET 8.0.14
MultiSequenceLearning,S28,9,1051.8276222,35.2421875,2.401,8,88.88888888888889,.NET 8.0.14
MultiSequenceLearning,S29,9,1051.8276222,35.2421875,2.401,8,88.88888888888889,.NET 8.0.14
MultiSequenceLearning,S30,9,1051.8276222,35.2421875,2.401,8,88.88888888888889,.NET 8.0.14
MultiSequenceLearning,S1,49,1051.8276222,35.2421875,2.401,8,100,.NET 8.0.14
MultiSequenceLearning,S2,49,1051.8276222,35.2421875,2.401,8,97.95918367346938,.NET 8.0.14
MultiSequenceLearning,S3,49,1051.8276222,35.2421875,2.401,8,97.95918367346938,.NET 8.0.14
MultiSequenceLearning,S4,9,1051.8276222,35.2421875,2.401,8,88.88888888888889,.NET 8.0.14
MultiSequenceLearning,S5,9,1051.8276222,35.2421875,2.401,8,88.88888888888889,.NET 8.0.14
MultiSequenceLearning,S6,9,1051.8276222,35.2421875,2.401,8,88.88888888888889,.NET 8.0.14
MultiSequenceLearning,S7,9,1051.8276222,35.2421875,2.401,8,88.88888888888889,.NET 8.0.14
MultiSequenceLearning,S8,9,1051.8276222,35.2421875,2.401,8,88.88888888888889,.NET 8.0.14
MultiSequenceLearning,S9,9,1051.8276222,35.2421875,2.401,8,88.88888888888889,.NET 8.0.14
MultiSequenceLearning,S10,9,1051.8276222,35.2421875,2.401,8,88.88888888888889,.NET 8.0.14
MultiSequenceLearning,S11,9,1051.8276222,35.2421875,2.401,8,88.88888888888889,.NET 8.0.14
MultiSequenceLearning,S12,9,1051.8276222,35.2421875,2.401,8,88.88888888888889,.NET 8.0.14
MultiSequenceLearning,S13,9,1051.8276222,35.2421875,2.401,8,88.88888888888889,.NET 8.0.14
MultiSequenceLearning,S14,9,1051.8276222,35.2421875,2.401,8,88.88888888888889,.NET 8.0.14
MultiSequenceLearning,S15,9,1051.8276222,35.2421875,2.401,8,88.88888888888889,.NET 8.0.14
MultiSequenceLearning,S16,9,1051.8276222,35.2421875,2.401,8,88.88888888888889,.NET 8.0.14
MultiSequenceLearning,S17,9,1051.8276222,35.2421875,2.401,8,88.88888888888889,.NET 8.0.14
MultiSequenceLearning,S18,9,1051.8276222,35.2421875,2.401,8,88.88888888888889,.NET 8.0.14
MultiSequenceLearning,S19,9,1051.8276222,35.2421875,2.401,8,88.88888888888889,.NET 8.0.14
MultiSequenceLearning,S20,9,1051.8276222,35.2421875,2.401,8,88.88888888888889,.NET 8.0.14
MultiSequenceLearning,S21,9,1051.8276222,35.2421875,2.401,8,88.88888888888889,.NET 8.0.14
MultiSequenceLearning,S22,9,1051.8276222,35.2421875,2.401,8,88.88888888888889,.NET 8.0.14
MultiSequenceLearning,S23,9,1051.8276222,35.2421875,2.401,8,88.88888888888889,.NET 8.0.14
MultiSequenceLearning,S24,9,1051.8276222,35.2421875,2.401,8,88.88888888888889,.NET 8.0.14
MultiSequenceLearning,S25,9,1051.8276222,35.2421875,2.401,8,88.88888888888889,.NET 8.0.14
MultiSequenceLearning,S26,9,1051.8276222,35.2421875,2.401,8,88.88888888888889,.NET 8.0.14
MultiSequenceLearning,S27,9,1051.8276222,35.2421875,2.401,8,88.88888888888889,.NET 8.0.14
MultiSequenceLearning,S28,9,1051.8276222,35.2421875,2.401,8,88.88888888888889,.NET 8.0.14
MultiSequenceLearning,S29,9,1051.8276222,35.2421875,2.401,8,88.88888888888889,.NET 8.0.14
MultiSequenceLearning,S30,9,1051.8276222,35.2421875,2.401,8,88.88888888888889,.NET 8.0.14
MultiSequenceLearning,S1,49,1051.8276222,35.2421875,2.401,8,100,.NET 8.0.14
MultiSequenceLearning,S2,49,1051.8276222,35.2421875,2.401,8,97.95918367346938,.NET 8.0.14
MultiSequenceLearning,S3,49,1051.8276222,35.2421875,2.401,8,97.95918367346938,.NET 8.0.14
MultiSequenceLearning,S4,9,1051.8276222,35.2421875,2.401,8,88.88888888888889,.NET 8.0.14
MultiSequenceLearning,S5,9,1051.8276222,35.2421875,2.401,8,88.88888888888889,.NET 8.0.14
MultiSequenceLearning,S6,9,1051.8276222,35.2421875,2.401,8,88.88888888888889,.NET 8.0.14
MultiSequenceLearning,S7,9,1051.8276222,35.2421875,2.401,8,88.88888888888889,.NET 8.0.14
MultiSequenceLearning,S8,9,1051.8276222,35.2421875,2.401,8,88.88888888888889,.NET 8.0.14
MultiSequenceLearning,S9,9,1051.8276222,35.2421875,2.401,8,88.88888888888889,.NET 8.0.14
MultiSequenceLearning,S10,9,1051.8276222,35.2421875,2.401,8,88.88888888888889,.NET 8.0.14
MultiSequenceLearning,S11,9,1051.8276222,35.2421875,2.401,8,88.88888888888889,.NET 8.0.14
MultiSequenceLearning,S12,9,1051.8276222,35.2421875,2.401,8,88.88888888888889,.NET 8.0.14
MultiSequenceLearning,S13,9,1051.8276222,35.2421875,2.401,8,88.88888888888889,.NET 8.0.14
MultiSequenceLearning,S14,9,1051.8276222,35.2421875,2.401,8,88.88888888888889,.NET 8.0.14
MultiSequenceLearning,S15,9,1051.8276222,35.2421875,2.401,8,88.88888888888889,.NET 8.0.14
MultiSequenceLearning,S16,9,1051.8276222,35.2421875,2.401,8,88.88888888888889,.NET 8.0.14
MultiSequenceLearning,S17,9,1051.8276222,35.2421875,2.401,8,88.88888888888889,.NET 8.0.14
MultiSequenceLearning,S18,9,1051.8276222,35.2421875,2.401,8,88.88888888888889,.NET 8.0.14
MultiSequenceLearning,S19,9,1051.8276222,35.2421875,2.401,8,88.88888888888889,.NET 8.0.14
MultiSequenceLearning,S20,9,1051.8276222,35.2421875,2.401,8,88.88888888888889,.NET 8.0.14
MultiSequenceLearning,S21,9,1051.8276222,35.2421875,2.401,8,88.88888888888889,.NET 8.0.14
MultiSequenceLearning,S22,9,1051.8276222,35.2421875,2.401,8,88.88888888888889,.NET 8.0.14
MultiSequenceLearning,S23,9,1051.8276222,35.2421875,2.401,8,88.88888888888889,.NET 8.0.14
MultiSequenceLearning,S24,9,1051.8276222,35.2421875,2.401,8,88.88888888888889,.NET 8.0.14
MultiSequenceLearning,S25,9,1051.8276222,35.2421875,2.401,8,88.88888888888889,.NET 8.0.14
MultiSequenceLearning,S26,9,1051.8276222,35.2421875,2.401,8,88.88888888888889,.NET 8.0.14
MultiSequenceLearning,S27,9,1051.8276222,35.2421875,2.401,8,88.88888888888889,.NET 8.0.14
MultiSequenceLearning,S28,9,1051.8276222,35.2421875,2.401,8,88.88888888888889,.NET 8.0.14
MultiSequenceLearning,S29,9,1051.8276222,35.2421875,2.401,8,88.88888888888889,.NET 8.0.14
MultiSequenceLearning,S30,9,1051.8276222,35.2421875,2.401,8,88.88888888888889,.NET 8.0.14
MultiSequenceLearning,S1,49,1051.8276222,35.2421875,2.401,8,100,.NET 8.0.14
MultiSequenceLearning,S2,49,1051.8276222,35.2421875,2.401,8,97.95918367346938,.NET 8.0.14
MultiSequenceLearning,S3,49,1051.8276222,35.2421875,2.401,8,97.95918367346938,.NET 8.0.14
MultiSequenceLearning,S4,9,1051.8276222,35.2421875,2.401,8,88.88888888888889,.NET 8.0.14
MultiSequenceLearning,S5,9,1051.8276222,35.2421875,2.401,8,88.88888888888889,.NET 8.0.14
MultiSequenceLearning,S6,9,1051.8276222,35.2421875,2.401,8,88.88888888888889,.NET 8.0.14
MultiSequenceLearning,S7,9,1051.8276222,35.2421875,2.401,8,88.88888888888889,.NET 8.0.14
MultiSequenceLearning,S8,9,1051.8276222,35.2421875,2.401,8,88.88888888888889,.NET 8.0.14
MultiSequenceLearning,S9,9,1051.8276222,35.2421875,2.401,8,88.88888888888889,.NET 8.0.14
MultiSequenceLearning,S10,9,1051.8276222,35.2421875,2.401,8,88.88888888888889,.NET 8.0.14
MultiSequenceLearning,S11,9,1051.8276222,35.2421875,2.401,8,88.88888888888889,.NET 8.0.14
MultiSequenceLearning,S12,9,1051.8276222,35.2421875,2.401,8,88.88888888888889,.NET 8.0.14
MultiSequenceLearning,S13,9,1051.8276222,35.2421875,2.401,8,88.88888888888889,.NET 8.0.14
MultiSequenceLearning,S14,9,1051.8276222,35.2421875,2.401,8,88.88888888888889,.NET 8.0.14
MultiSequenceLearning,S15,9,1051.8276222,35.2421875,2.401,8,88.88888888888889,.NET 8.0.14
MultiSequenceLearning,S16,9,1051.8276222,35.2421875,2.401,8,88.88888888888889,.NET 8.0.14
MultiSequenceLearning,S17,9,1051.8276222,35.2421875,2.401,8,88.88888888888889,.NET 8.0.14
MultiSequenceLearning,S18,9,1051.8276222,35.2421875,2.401,8,88.88888888888889,.NET 8.0.14
MultiSequenceLearning,S19,9,1051.8276222,35.2421875,2.401,8,88.88888888888889,.NET 8.0.14
MultiSequenceLearning,S20,9,1051.8276222,35.2421875,2.401,8,88.88888888888889,.NET 8.0.14
MultiSequenceLearning,S21,9,1051.8276222,35.2421875,2.401,8,88.88888888888889,.NET 8.0.14
MultiSequenceLearning,S22,9,1051.8276222,35.2421875,2.401,8,88.88888888888889,.NET 8.0.14
MultiSequenceLearning,S23,9,1051.8276222,35.2421875,2.401,8,88.88888888888889,.NET 8.0.14
MultiSequenceLearning,S24,9,1051.8276222,35.2421875,2.401,8,88.88888888888889,.NET 8.0.14
MultiSequenceLearning,S25,9,1051.8276222,35.2421875,2.401,8,88.88888888888889,.NET 8.0.14
MultiSequenceLearning,S26,9,1051.8276222,35.2421875,2.401,8,88.88888888888889,.NET 8.0.14
MultiSequenceLearning,S27,9,1051.8276222,35.2421875,2.401,8,88.88888888888889,.NET 8.0.14
MultiSequenceLearning,S28,9,1051.8276222,35.2421875,2.401,8,88.88888888888889,.NET 8.0.14
MultiSequenceLearning,S29,9,1051.8276222,35.2421875,2.401,8,88.88888888888889,.NET 8.0.14
MultiSequenceLearning,S30,9,1051.8276222,35.2421875,2.401,8,88.88888888888889,.NET 8.0.14
MultiSequenceLearning,S1,49,1078.5872644,36.9453125,2.401,8,100,.NET 8.0.14
MultiSequenceLearning,S2,49,1078.5872644,36.9453125,2.401,8,97.95918367346938,.NET 8.0.14
MultiSequenceLearning,S3,49,1078.5872644,36.9453125,2.401,8,97.95918367346938,.NET 8.0.14
MultiSequenceLearning,S4,9,1078.5872644,36.9453125,2.401,8,88.88888888888889,.NET 8.0.14
MultiSequenceLearning,S5,9,1078.5872644,36.9453125,2.401,8,88.88888888888889,.NET 8.0.14
MultiSequenceLearning,S6,9,1078.5872644,36.9453125,2.401,8,88.88888888888889,.NET 8.0.14
MultiSequenceLearning,S7,9,1078.5872644,36.9453125,2.401,8,88.88888888888889,.NET 8.0.14
MultiSequenceLearning,S8,9,1078.5872644,36.9453125,2.401,8,88.88888888888889,.NET 8.0.14
MultiSequenceLearning,S9,9,1078.5872644,36.9453125,2.401,8,88.88888888888889,.NET 8.0.14
MultiSequenceLearning,S10,9,1078.5872644,36.9453125,2.401,8,88.88888888888889,.NET 8.0.14
MultiSequenceLearning,S11,9,1078.5872644,36.9453125,2.401,8,88.88888888888889,.NET 8.0.14
MultiSequenceLearning,S12,9,1078.5872644,36.9453125,2.401,8,88.88888888888889,.NET 8.0.14
MultiSequenceLearning,S13,9,1078.5872644,36.9453125,2.401,8,88.88888888888889,.NET 8.0.14
MultiSequenceLearning,S14,9,1078.5872644,36.9453125,2.401,8,88.88888888888889,.NET 8.0.14
MultiSequenceLearning,S15,9,1078.5872644,36.9453125,2.401,8,88.88888888888889,.NET 8.0.14
MultiSequenceLearning,S16,9,1078.5872644,36.9453125,2.401,8,88.88888888888889,.NET 8.0.14
MultiSequenceLearning,S17,9,1078.5872644,36.9453125,2.401,8,88.88888888888889,.NET 8.0.14
MultiSequenceLearning,S18,9,1078.5872644,36.9453125,2.401,8,88.88888888888889,.NET 8.0.14
MultiSequenceLearning,S19,9,1078.5872644,36.9453125,2.401,8,88.88888888888889,.NET 8.0.14
MultiSequenceLearning,S20,9,1078.5872644,36.9453125,2.401,8,88.88888888888889,.NET 8.0.14
MultiSequenceLearning,S21,9,1078.5872644,36.9453125,2.401,8,88.88888888888889,.NET 8.0.14
MultiSequenceLearning,S22,9,1078.5872644,36.9453125,2.401,8,88.88888888888889,.NET 8.0.14
MultiSequenceLearning,S23,9,1078.5872644,36.9453125,2.401,8,88.88888888888889,.NET 8.0.14
MultiSequenceLearning,S24,9,1078.5872644,36.9453125,2.401,8,88.88888888888889,.NET 8.0.14
MultiSequenceLearning,S25,9,1078.5872644,36.9453125,2.401,8,88.88888888888889,.NET 8.0.14
MultiSequenceLearning,S26,9,1078.5872644,36.9453125,2.401,8,88.88888888888889,.NET 8.0.14
MultiSequenceLearning,S27,9,1078.5872644,36.9453125,2.401,8,88.88888888888889,.NET 8.0.14
MultiSequenceLearning,S28,9,1078.5872644,36.9453125,2.401,8,88.88888888888889,.NET 8.0.14
MultiSequenceLearning,S29,9,1078.5872644,36.9453125,2.401,8,88.88888888888889,.NET 8.0.14
MultiSequenceLearning,S30,9,1078.5872644,36.9453125,2.401,8,88.88888888888889,.NET 8.0.14
MultiSequenceLearning,S1,49,1078.5872644,36.9453125,2.401,8,100,.NET 8.0.14
MultiSequenceLearning,S2,49,1078.5872644,36.9453125,2.401,8,97.95918367346938,.NET 8.0.14
MultiSequenceLearning,S3,49,1078.5872644,36.9453125,2.401,8,97.95918367346938,.NET 8.0.14
MultiSequenceLearning,S4,9,1078.5872644,36.9453125,2.401,8,88.88888888888889,.NET 8.0.14
MultiSequenceLearning,S5,9,1078.5872644,36.9453125,2.401,8,88.88888888888889,.NET 8.0.14
MultiSequenceLearning,S6,9,1078.5872644,36.9453125,2.401,8,88.88888888888889,.NET 8.0.14
MultiSequenceLearning,S7,9,1078.5872644,36.9453125,2.401,8,88.88888888888889,.NET 8.0.14
MultiSequenceLearning,S8,9,1078.5872644,36.9453125,2.401,8,88.88888888888889,.NET 8.0.14
MultiSequenceLearning,S9,9,1078.5872644,36.9453125,2.401,8,88.88888888888889,.NET 8.0.14
MultiSequenceLearning,S10,9,1078.5872644,36.9453125,2.401,8,88.88888888888889,.NET 8.0.14
MultiSequenceLearning,S11,9,1078.5872644,36.9453125,2.401,8,88.88888888888889,.NET 8.0.14
MultiSequenceLearning,S12,9,1078.5872644,36.9453125,2.401,8,88.88888888888889,.NET 8.0.14
MultiSequenceLearning,S13,9,1078.5872644,36.9453125,2.401,8,88.88888888888889,.NET 8.0.14
MultiSequenceLearning,S14,9,1078.5872644,36.9453125,2.401,8,88.88888888888889,.NET 8.0.14
MultiSequenceLearning,S15,9,1078.5872644,36.9453125,2.401,8,88.88888888888889,.NET 8.0.14
MultiSequenceLearning,S16,9,1078.5872644,36.9453125,2.401,8,88.88888888888889,.NET 8.0.14
MultiSequenceLearning,S17,9,1078.5872644,36.9453125,2.401,8,88.88888888888889,.NET 8.0.14
MultiSequenceLearning,S18,9,1078.5872644,36.9453125,2.401,8,88.88888888888889,.NET 8.0.14
MultiSequenceLearning,S19,9,1078.5872644,36.9453125,2.401,8,88.88888888888889,.NET 8.0.14
MultiSequenceLearning,S20,9,1078.5872644,36.9453125,2.401,8,88.88888888888889,.NET 8.0.14
MultiSequenceLearning,S21,9,1078.5872644,36.9453125,2.401,8,88.88888888888889,.NET 8.0.14
MultiSequenceLearning,S22,9,1078.5872644,36.9453125,2.401,8,88.88888888888889,.NET 8.0.14
MultiSequenceLearning,S23,9,1078.5872644,36.9453125,2.401,8,88.88888888888889,.NET 8.0.14
MultiSequenceLearning,S24,9,1078.5872644,36.9453125,2.401,8,88.88888888888889,.NET 8.0.14
MultiSequenceLearning,S25,9,1078.5872644,36.9453125,2.401,8,88.88888888888889,.NET 8.0.14
MultiSequenceLearning,S26,9,1078.5872644,36.9453125,2.401,8,88.88888888888889,.NET 8.0.14
MultiSequenceLearning,S27,9,1078.5872644,36.9453125,2.401,8,88.88888888888889,.NET 8.0.14
MultiSequenceLearning,S28,9,1078.5872644,36.9453125,2.401,8,88.88888888888889,.NET 8.0.14
MultiSequenceLearning,S29,9,1078.5872644,36.9453125,2.401,8,88.88888888888889,.NET 8.0.14
MultiSequenceLearning,S30,9,1078.5872644,36.9453125,2.401,8,88.88888888888889,.NET 8.0.14
MultiSequenceLearning,S1,49,1078.5872644,36.9453125,2.401,8,100,.NET 8.0.14
MultiSequenceLearning,S2,49,1078.5872644,36.9453125,2.401,8,97.95918367346938,.NET 8.0.14
MultiSequenceLearning,S3,49,1078.5872644,36.9453125,2.401,8,97.95918367346938,.NET 8.0.14
MultiSequenceLearning,S4,9,1078.5872644,36.9453125,2.401,8,88.88888888888889,.NET 8.0.14
MultiSequenceLearning,S5,9,1078.5872644,36.9453125,2.401,8,88.88888888888889,.NET 8.0.14
MultiSequenceLearning,S6,9,1078.5872644,36.9453125,2.401,8,88.88888888888889,.NET 8.0.14
MultiSequenceLearning,S7,9,1078.5872644,36.9453125,2.401,8,88.88888888888889,.NET 8.0.14
MultiSequenceLearning,S8,9,1078.5872644,36.9453125,2.401,8,88.88888888888889,.NET 8.0.14
MultiSequenceLearning,S9,9,1078.5872644,36.9453125,2.401,8,88.88888888888889,.NET 8.0.14
MultiSequenceLearning,S10,9,1078.5872644,36.9453125,2.401,8,88.88888888888889,.NET 8.0.14
MultiSequenceLearning,S11,9,1078.5872644,36.9453125,2.401,8,88.88888888888889,.NET 8.0.14
MultiSequenceLearning,S12,9,1078.5872644,36.9453125,2.401,8,88.88888888888889,.NET 8.0.14
MultiSequenceLearning,S13,9,1078.5872644,36.9453125,2.401,8,88.88888888888889,.NET 8.0.14
MultiSequenceLearning,S14,9,1078.5872644,36.9453125,2.401,8,88.88888888888889,.NET 8.0.14
MultiSequenceLearning,S15,9,1078.5872644,36.9453125,2.401,8,88.88888888888889,.NET 8.0.14
MultiSequenceLearning,S16,9,1078.5872644,36.9453125,2.401,8,88.88888888888889,.NET 8.0.14
MultiSequenceLearning,S17,9,1078.5872644,36.9453125,2.401,8,88.88888888888889,.NET 8.0.14
MultiSequenceLearning,S18,9,1078.5872644,36.9453125,2.401,8,88.88888888888889,.NET 8.0.14
MultiSequenceLearning,S19,9,1078.5872644,36.9453125,2.401,8,88.88888888888889,.NET 8.0.14
MultiSequenceLearning,S20,9,1078.5872644,36.9453125,2.401,8,88.88888888888889,.NET 8.0.14
MultiSequenceLearning,S21,9,1078.5872644,36.9453125,2.401,8,88.88888888888889,.NET 8.0.14
MultiSequenceLearning,S22,9,1078.5872644,36.9453125,2.401,8,88.88888888888889,.NET 8.0.14
MultiSequenceLearning,S23,9,1078.5872644,36.9453125,2.401,8,88.88888888888889,.NET 8.0.14
MultiSequenceLearning,S24,9,1078.5872644,36.9453125,2.401,8,88.88888888888889,.NET 8.0.14
MultiSequenceLearning,S25,9,1078.5872644,36.9453125,2.401,8,88.88888888888889,.NET 8.0.14
MultiSequenceLearning,S26,9,1078.5872644,36.9453125,2.401,8,88.88888888888889,.NET 8.0.14
MultiSequenceLearning,S27,9,1078.5872644,36.9453125,2.401,8,88.88888888888889,.NET 8.0.14
MultiSequenceLearning,S28,9,1078.5872644,36.9453125,2.401,8,88.88888888888889,.NET 8.0.14
MultiSequenceLearning,S29,9,1078.5872644,36.9453125,2.401,8,88.88888888888889,.NET 8.0.14
MultiSequenceLearning,S30,9,1078.5872644,36.9453125,2.401,8,88.88888888888889,.NET 8.0.14
MultiSequenceLearning,S1,49,1078.5872644,36.9453125,2.401,8,100,.NET 8.0.14
MultiSequenceLearning,S2,49,1078.5872644,36.9453125,2.401,8,97.95918367346938,.NET 8.0.14
MultiSequenceLearning,S3,49,1078.5872644,36.9453125,2.401,8,97.95918367346938,.NET 8.0.14
MultiSequenceLearning,S4,9,1078.5872644,36.9453125,2.401,8,88.88888888888889,.NET 8.0.14
MultiSequenceLearning,S5,9,1078.5872644,36.9453125,2.401,8,88.88888888888889,.NET 8.0.14
MultiSequenceLearning,S6,9,1078.5872644,36.9453125,2.401,8,88.88888888888889,.NET 8.0.14
MultiSequenceLearning,S7,9,1078.5872644,36.9453125,2.401,8,88.88888888888889,.NET 8.0.14
MultiSequenceLearning,S8,9,1078.5872644,36.9453125,2.401,8,88.88888888888889,.NET 8.0.14
MultiSequenceLearning,S9,9,1078.5872644,36.9453125,2.401,8,88.88888888888889,.NET 8.0.14
MultiSequenceLearning,S10,9,1078.5872644,36.9453125,2.401,8,88.88888888888889,.NET 8.0.14
MultiSequenceLearning,S11,9,1078.5872644,36.9453125,2.401,8,88.88888888888889,.NET 8.0.14
MultiSequenceLearning,S12,9,1078.5872644,36.9453125,2.401,8,88.88888888888889,.NET 8.0.14
MultiSequenceLearning,S13,9,1078.5872644,36.9453125,2.401,8,88.88888888888889,.NET 8.0.14
MultiSequenceLearning,S14,9,1078.5872644,36.9453125,2.401,8,88.88888888888889,.NET 8.0.14
MultiSequenceLearning,S15,9,1078.5872644,36.9453125,2.401,8,88.88888888888889,.NET 8.0.14
MultiSequenceLearning,S16,9,1078.5872644,36.9453125,2.401,8,88.88888888888889,.NET 8.0.14
MultiSequenceLearning,S17,9,1078.5872644,36.9453125,2.401,8,88.88888888888889,.NET 8.0.14
MultiSequenceLearning,S18,9,1078.5872644,36.9453125,2.401,8,88.88888888888889,.NET 8.0.14
MultiSequenceLearning,S19,9,1078.5872644,36.9453125,2.401,8,88.88888888888889,.NET 8.0.14
MultiSequenceLearning,S20,9,1078.5872644,36.9453125,2.401,8,88.88888888888889,.NET 8.0.14
MultiSequenceLearning,S21,9,1078.5872644,36.9453125,2.401,8,88.88888888888889,.NET 8.0.14
MultiSequenceLearning,S22,9,1078.5872644,36.9453125,2.401,8,88.88888888888889,.NET 8.0.14
MultiSequenceLearning,S23,9,1078.5872644,36.9453125,2.401,8,88.88888888888889,.NET 8.0.14
MultiSequenceLearning,S24,9,1078.5872644,36.9453125,2.401,8,88.88888888888889,.NET 8.0.14
MultiSequenceLearning,S25,9,1078.5872644,36.9453125,2.401,8,88.88888888888889,.NET 8.0.14
MultiSequenceLearning,S26,9,1078.5872644,36.9453125,2.401,8,88.88888888888889,.NET 8.0.14
MultiSequenceLearning,S27,9,1078.5872644,36.9453125,2.401,8,88.88888888888889,.NET 8.0.14
MultiSequenceLearning,S28,9,1078.5872644,36.9453125,2.401,8,88.88888888888889,.NET 8.0.14
MultiSequenceLearning,S29,9,1078.5872644,36.9453125,2.401,8,88.88888888888889,.NET 8.0.14
MultiSequenceLearning,S30,9,1078.5872644,36.9453125,2.401,8,88.88888888888889,.NET 8.0.14
MultiSequenceLearning,S1,49,1065.2956633,35,2.401,8,100,.NET 8.0.14
MultiSequenceLearning,S2,49,1065.2956633,35,2.401,8,97.95918367346938,.NET 8.0.14
MultiSequenceLearning,S3,49,1065.2956633,35,2.401,8,97.95918367346938,.NET 8.0.14
MultiSequenceLearning,S4,9,1065.2956633,35,2.401,8,88.88888888888889,.NET 8.0.14
MultiSequenceLearning,S5,9,1065.2956633,35,2.401,8,88.88888888888889,.NET 8.0.14
MultiSequenceLearning,S6,9,1065.2956633,35,2.401,8,88.88888888888889,.NET 8.0.14
MultiSequenceLearning,S7,9,1065.2956633,35,2.401,8,88.88888888888889,.NET 8.0.14
MultiSequenceLearning,S8,9,1065.2956633,35,2.401,8,88.88888888888889,.NET 8.0.14
MultiSequenceLearning,S9,9,1065.2956633,35,2.401,8,88.88888888888889,.NET 8.0.14
MultiSequenceLearning,S10,9,1065.2956633,35,2.401,8,88.88888888888889,.NET 8.0.14
MultiSequenceLearning,S11,9,1065.2956633,35,2.401,8,88.88888888888889,.NET 8.0.14
MultiSequenceLearning,S12,9,1065.2956633,35,2.401,8,88.88888888888889,.NET 8.0.14
MultiSequenceLearning,S13,9,1065.2956633,35,2.401,8,88.88888888888889,.NET 8.0.14
MultiSequenceLearning,S14,9,1065.2956633,35,2.401,8,88.88888888888889,.NET 8.0.14
MultiSequenceLearning,S15,9,1065.2956633,35,2.401,8,88.88888888888889,.NET 8.0.14
MultiSequenceLearning,S16,9,1065.2956633,35,2.401,8,88.88888888888889,.NET 8.0.14
MultiSequenceLearning,S17,9,1065.2956633,35,2.401,8,88.88888888888889,.NET 8.0.14
MultiSequenceLearning,S18,9,1065.2956633,35,2.401,8,88.88888888888889,.NET 8.0.14
MultiSequenceLearning,S19,9,1065.2956633,35,2.401,8,88.88888888888889,.NET 8.0.14
MultiSequenceLearning,S20,9,1065.2956633,35,2.401,8,88.88888888888889,.NET 8.0.14
MultiSequenceLearning,S21,9,1065.2956633,35,2.401,8,88.88888888888889,.NET 8.0.14
MultiSequenceLearning,S22,9,1065.2956633,35,2.401,8,88.88888888888889,.NET 8.0.14
MultiSequenceLearning,S23,9,1065.2956633,35,2.401,8,88.88888888888889,.NET 8.0.14
MultiSequenceLearning,S24,9,1065.2956633,35,2.401,8,88.88888888888889,.NET 8.0.14
MultiSequenceLearning,S25,9,1065.2956633,35,2.401,8,88.88888888888889,.NET 8.0.14
MultiSequenceLearning,S26,9,1065.2956633,35,2.401,8,88.88888888888889,.NET 8.0.14
MultiSequenceLearning,S27,9,1065.2956633,35,2.401,8,88.88888888888889,.NET 8.0.14
MultiSequenceLearning,S28,9,1065.2956633,35,2.401,8,88.88888888888889,.NET 8.0.14
MultiSequenceLearning,S29,9,1065.2956633,35,2.401,8,88.88888888888889,.NET 8.0.14
MultiSequenceLearning,S30,9,1065.2956633,35,2.401,8,88.88888888888889,.NET 8.0.14
MultiSequenceLearning,S1,49,1065.2956633,35,2.401,8,100,.NET 8.0.14
MultiSequenceLearning,S2,49,1065.2956633,35,2.401,8,97.95918367346938,.NET 8.0.14
MultiSequenceLearning,S3,49,1065.2956633,35,2.401,8,97.95918367346938,.NET 8.0.14
MultiSequenceLearning,S4,9,1065.2956633,35,2.401,8,88.88888888888889,.NET 8.0.14
MultiSequenceLearning,S5,9,1065.2956633,35,2.401,8,88.88888888888889,.NET 8.0.14
MultiSequenceLearning,S6,9,1065.2956633,35,2.401,8,88.88888888888889,.NET 8.0.14
MultiSequenceLearning,S7,9,1065.2956633,35,2.401,8,88.88888888888889,.NET 8.0.14
MultiSequenceLearning,S8,9,1065.2956633,35,2.401,8,88.88888888888889,.NET 8.0.14
MultiSequenceLearning,S9,9,1065.2956633,35,2.401,8,88.88888888888889,.NET 8.0.14
MultiSequenceLearning,S10,9,1065.2956633,35,2.401,8,88.88888888888889,.NET 8.0.14
MultiSequenceLearning,S11,9,1065.2956633,35,2.401,8,88.88888888888889,.NET 8.0.14
MultiSequenceLearning,S12,9,1065.2956633,35,2.401,8,88.88888888888889,.NET 8.0.14
MultiSequenceLearning,S13,9,1065.2956633,35,2.401,8,88.88888888888889,.NET 8.0.14
MultiSequenceLearning,S14,9,1065.2956633,35,2.401,8,88.88888888888889,.NET 8.0.14
MultiSequenceLearning,S15,9,1065.2956633,35,2.401,8,88.88888888888889,.NET 8.0.14
MultiSequenceLearning,S16,9,1065.2956633,35,2.401,8,88.88888888888889,.NET 8.0.14
MultiSequenceLearning,S17,9,1065.2956633,35,2.401,8,88.88888888888889,.NET 8.0.14
MultiSequenceLearning,S18,9,1065.2956633,35,2.401,8,88.88888888888889,.NET 8.0.14
MultiSequenceLearning,S19,9,1065.2956633,35,2.401,8,88.88888888888889,.NET 8.0.14
MultiSequenceLearning,S20,9,1065.2956633,35,2.401,8,88.88888888888889,.NET 8.0.14
MultiSequenceLearning,S21,9,1065.2956633,35,2.401,8,88.88888888888889,.NET 8.0.14
MultiSequenceLearning,S22,9,1065.2956633,35,2.401,8,88.88888888888889,.NET 8.0.14
MultiSequenceLearning,S23,9,1065.2956633,35,2.401,8,88.88888888888889,.NET 8.0.14
MultiSequenceLearning,S24,9,1065.2956633,35,2.401,8,88.88888888888889,.NET 8.0.14
MultiSequenceLearning,S25,9,1065.2956633,35,2.401,8,88.88888888888889,.NET 8.0.14
MultiSequenceLearning,S26,9,1065.2956633,35,2.401,8,88.88888888888889,.NET 8.0.14
MultiSequenceLearning,S27,9,1065.2956633,35,2.401,8,88.88888888888889,.NET 8.0.14
MultiSequenceLearning,S28,9,1065.2956633,35,2.401,8,88.88888888888889,.NET 8.0.14
MultiSequenceLearning,S29,9,1065.2956633,35,2.401,8,88.88888888888889,.NET 8.0.14
MultiSequenceLearning,S30,9,1065.2956633,35,2.401,8,88.88888888888889,.NET 8.0.14
MultiSequenceLearning,S1,49,1065.2956633,35,2.401,8,100,.NET 8.0.14
MultiSequenceLearning,S2,49,1065.2956633,35,2.401,8,97.95918367346938,.NET 8.0.14
MultiSequenceLearning,S3,49,1065.2956633,35,2.401,8,97.95918367346938,.NET 8.0.14
MultiSequenceLearning,S4,9,1065.2956633,35,2.401,8,88.88888888888889,.NET 8.0.14
MultiSequenceLearning,S5,9,1065.2956633,35,2.401,8,88.88888888888889,.NET 8.0.14
MultiSequenceLearning,S6,9,1065.2956633,35,2.401,8,88.88888888888889,.NET 8.0.14
MultiSequenceLearning,S7,9,1065.2956633,35,2.401,8,88.88888888888889,.NET 8.0.14
MultiSequenceLearning,S8,9,1065.2956633,35,2.401,8,88.88888888888889,.NET 8.0.14
MultiSequenceLearning,S9,9,1065.2956633,35,2.401,8,88.88888888888889,.NET 8.0.14
MultiSequenceLearning,S10,9,1065.2956633,35,2.401,8,88.88888888888889,.NET 8.0.14
MultiSequenceLearning,S11,9,1065.2956633,35,2.401,8,88.88888888888889,.NET 8.0.14
MultiSequenceLearning,S12,9,1065.2956633,35,2.401,8,88.88888888888889,.NET 8.0.14
MultiSequenceLearning,S13,9,1065.2956633,35,2.401,8,88.88888888888889,.NET 8.0.14
MultiSequenceLearning,S14,9,1065.2956633,35,2.401,8,88.88888888888889,.NET 8.0.14
MultiSequenceLearning,S15,9,1065.2956633,35,2.401,8,88.88888888888889,.NET 8.0.14
MultiSequenceLearning,S16,9,1065.2956633,35,2.401,8,88.88888888888889,.NET 8.0.14
MultiSequenceLearning,S17,9,1065.2956633,35,2.401,8,88.88888888888889,.NET 8.0.14
MultiSequenceLearning,S18,9,1065.2956633,35,2.401,8,88.88888888888889,.NET 8.0.14
MultiSequenceLearning,S19,9,1065.2956633,35,2.401,8,88.88888888888889,.NET 8.0.14
MultiSequenceLearning,S20,9,1065.2956633,35,2.401,8,88.88888888888889,.NET 8.0.14
MultiSequenceLearning,S21,9,1065.2956633,35,2.401,8,88.88888888888889,.NET 8.0.14
MultiSequenceLearning,S22,9,1065.2956633,35,2.401,8,88.88888888888889,.NET 8.0.14
MultiSequenceLearning,S23,9,1065.2956633,35,2.401,8,88.88888888888889,.NET 8.0.14
MultiSequenceLearning,S24,9,1065.2956633,35,2.401,8,88.88888888888889,.NET 8.0.14
MultiSequenceLearning,S25,9,1065.2956633,35,2.401,8,88.88888888888889,.NET 8.0.14
MultiSequenceLearning,S26,9,1065.2956633,35,2.401,8,88.88888888888889,.NET 8.0.14
MultiSequenceLearning,S27,9,1065.2956633,35,2.401,8,88.88888888888889,.NET 8.0.14
MultiSequenceLearning,S28,9,1065.2956633,35,2.401,8,88.88888888888889,.NET 8.0.14
MultiSequenceLearning,S29,9,1065.2956633,35,2.401,8,88.88888888888889,.NET 8.0.14
MultiSequenceLearning,S30,9,1065.2956633,35,2.401,8,88.88888888888889,.NET 8.0.14
MultiSequenceLearning,S1,49,1065.2956633,35,2.401,8,100,.NET 8.0.14
MultiSequenceLearning,S2,49,1065.2956633,35,2.401,8,97.95918367346938,.NET 8.0.14
MultiSequenceLearning,S3,49,1065.2956633,35,2.401,8,97.95918367346938,.NET 8.0.14
MultiSequenceLearning,S4,9,1065.2956633,35,2.401,8,88.88888888888889,.NET 8.0.14
MultiSequenceLearning,S5,9,1065.2956633,35,2.401,8,88.88888888888889,.NET 8.0.14
MultiSequenceLearning,S6,9,1065.2956633,35,2.401,8,88.88888888888889,.NET 8.0.14
MultiSequenceLearning,S7,9,1065.2956633,35,2.401,8,88.88888888888889,.NET 8.0.14
MultiSequenceLearning,S8,9,1065.2956633,35,2.401,8,88.88888888888889,.NET 8.0.14
MultiSequenceLearning,S9,9,1065.2956633,35,2.401,8,88.88888888888889,.NET 8.0.14
MultiSequenceLearning,S10,9,1065.2956633,35,2.401,8,88.88888888888889,.NET 8.0.14
MultiSequenceLearning,S11,9,1065.2956633,35,2.401,8,88.88888888888889,.NET 8.0.14
MultiSequenceLearning,S12,9,1065.2956633,35,2.401,8,88.88888888888889,.NET 8.0.14
MultiSequenceLearning,S13,9,1065.2956633,35,2.401,8,88.88888888888889,.NET 8.0.14
MultiSequenceLearning,S14,9,1065.2956633,35,2.401,8,88.88888888888889,.NET 8.0.14
MultiSequenceLearning,S15,9,1065.2956633,35,2.401,8,88.88888888888889,.NET 8.0.14
MultiSequenceLearning,S16,9,1065.2956633,35,2.401,8,88.88888888888889,.NET 8.0.14
MultiSequenceLearning,S17,9,1065.2956633,35,2.401,8,88.88888888888889,.NET 8.0.14
MultiSequenceLearning,S18,9,1065.2956633,35,2.401,8,88.88888888888889,.NET 8.0.14
MultiSequenceLearning,S19,9,1065.2956633,35,2.401,8,88.88888888888889,.NET 8.0.14
MultiSequenceLearning,S20,9,1065.2956633,35,2.401,8,88.88888888888889,.NET 8.0.14
MultiSequenceLearning,S21,9,1065.2956633,35,2.401,8,88.88888888888889,.NET 8.0.14
MultiSequenceLearning,S22,9,1065.2956633,35,2.401,8,88.88888888888889,.NET 8.0.14
MultiSequenceLearning,S23,9,1065.2956633,35,2.401,8,88.88888888888889,.NET 8.0.14
MultiSequenceLearning,S24,9,1065.2956633,35,2.401,8,88.88888888888889,.NET 8.0.14
MultiSequenceLearning,S25,9,1065.2956633,35,2.401,8,88.88888888888889,.NET 8.0.14
MultiSequenceLearning,S26,9,1065.2956633,35,2.401,8,88.88888888888889,.NET 8.0.14
MultiSequenceLearning,S27,9,1065.2956633,35,2.401,8,88.88888888888889,.NET 8.0.14
MultiSequenceLearning,S28,9,1065.2956633,35,2.401,8,88.88888888888889,.NET 8.0.14
MultiSequenceLearning,S29,9,1065.2956633,35,2.401,8,88.88888888888889,.NET 8.0.14
MultiSequenceLearning,S30,9,1065.2956633,35,2.401,8,88.88888888888889,.NET 8.0.14
MultiSequenceLearning,S1,49,1048.9163144,40.99609375,2.401,8,100,.NET 8.0.14
MultiSequenceLearning,S2,49,1048.9163144,40.99609375,2.401,8,97.95918367346938,.NET 8.0.14
MultiSequenceLearning,S3,49,1048.9163144,40.99609375,2.401,8,97.95918367346938,.NET 8.0.14
MultiSequenceLearning,S4,9,1048.9163144,40.99609375,2.401,8,88.88888888888889,.NET 8.0.14
MultiSequenceLearning,S5,9,1048.9163144,40.99609375,2.401,8,88.88888888888889,.NET 8.0.14
MultiSequenceLearning,S6,9,1048.9163144,40.99609375,2.401,8,88.88888888888889,.NET 8.0.14
MultiSequenceLearning,S7,9,1048.9163144,40.99609375,2.401,8,88.88888888888889,.NET 8.0.14
MultiSequenceLearning,S8,9,1048.9163144,40.99609375,2.401,8,88.88888888888889,.NET 8.0.14
MultiSequenceLearning,S9,9,1048.9163144,40.99609375,2.401,8,88.88888888888889,.NET 8.0.14
MultiSequenceLearning,S10,9,1048.9163144,40.99609375,2.401,8,88.88888888888889,.NET 8.0.14
MultiSequenceLearning,S11,9,1048.9163144,40.99609375,2.401,8,88.88888888888889,.NET 8.0.14
MultiSequenceLearning,S12,9,1048.9163144,40.99609375,2.401,8,88.88888888888889,.NET 8.0.14
MultiSequenceLearning,S13,9,1048.9163144,40.99609375,2.401,8,88.88888888888889,.NET 8.0.14
MultiSequenceLearning,S14,9,1048.9163144,40.99609375,2.401,8,88.88888888888889,.NET 8.0.14
MultiSequenceLearning,S15,9,1048.9163144,40.99609375,2.401,8,88.88888888888889,.NET 8.0.14
MultiSequenceLearning,S16,9,1048.9163144,40.99609375,2.401,8,88.88888888888889,.NET 8.0.14
MultiSequenceLearning,S17,9,1048.9163144,40.99609375,2.401,8,88.88888888888889,.NET 8.0.14
MultiSequenceLearning,S18,9,1048.9163144,40.99609375,2.401,8,88.88888888888889,.NET 8.0.14
MultiSequenceLearning,S19,9,1048.9163144,40.99609375,2.401,8,88.88888888888889,.NET 8.0.14
MultiSequenceLearning,S20,9,1048.9163144,40.99609375,2.401,8,88.88888888888889,.NET 8.0.14
MultiSequenceLearning,S21,9,1048.9163144,40.99609375,2.401,8,88.88888888888889,.NET 8.0.14
MultiSequenceLearning,S22,9,1048.9163144,40.99609375,2.401,8,88.88888888888889,.NET 8.0.14
MultiSequenceLearning,S23,9,1048.9163144,40.99609375,2.401,8,88.88888888888889,.NET 8.0.14
MultiSequenceLearning,S24,9,1048.9163144,40.99609375,2.401,8,88.88888888888889,.NET 8.0.14
MultiSequenceLearning,S25,9,1048.9163144,40.99609375,2.401,8,88.88888888888889,.NET 8.0.14
MultiSequenceLearning,S26,9,1048.9163144,40.99609375,2.401,8,88.88888888888889,.NET 8.0.14
MultiSequenceLearning,S27,9,1048.9163144,40.99609375,2.401,8,88.88888888888889,.NET 8.0.14
MultiSequenceLearning,S28,9,1048.9163144,40.99609375,2.401,8,88.88888888888889,.NET 8.0.14
MultiSequenceLearning,S29,9,1048.9163144,40.99609375,2.401,8,88.88888888888889,.NET 8.0.14
MultiSequenceLearning,S30,9,1048.9163144,40.99609375,2.401,8,88.88888888888889,.NET 8.0.14
MultiSequenceLearning,S1,49,1048.9163144,40.99609375,2.401,8,100,.NET 8.0.14
MultiSequenceLearning,S2,49,1048.9163144,40.99609375,2.401,8,97.95918367346938,.NET 8.0.14
MultiSequenceLearning,S3,49,1048.9163144,40.99609375,2.401,8,97.95918367346938,.NET 8.0.14
MultiSequenceLearning,S4,9,1048.9163144,40.99609375,2.401,8,88.88888888888889,.NET 8.0.14
MultiSequenceLearning,S5,9,1048.9163144,40.99609375,2.401,8,88.88888888888889,.NET 8.0.14
MultiSequenceLearning,S6,9,1048.9163144,40.99609375,2.401,8,88.88888888888889,.NET 8.0.14
MultiSequenceLearning,S7,9,1048.9163144,40.99609375,2.401,8,88.88888888888889,.NET 8.0.14
MultiSequenceLearning,S8,9,1048.9163144,40.99609375,2.401,8,88.88888888888889,.NET 8.0.14
MultiSequenceLearning,S9,9,1048.9163144,40.99609375,2.401,8,88.88888888888889,.NET 8.0.14
MultiSequenceLearning,S10,9,1048.9163144,40.99609375,2.401,8,88.88888888888889,.NET 8.0.14
MultiSequenceLearning,S11,9,1048.9163144,40.99609375,2.401,8,88.88888888888889,.NET 8.0.14
MultiSequenceLearning,S12,9,1048.9163144,40.99609375,2.401,8,88.88888888888889,.NET 8.0.14
MultiSequenceLearning,S13,9,1048.9163144,40.99609375,2.401,8,88.88888888888889,.NET 8.0.14
MultiSequenceLearning,S14,9,1048.9163144,40.99609375,2.401,8,88.88888888888889,.NET 8.0.14
MultiSequenceLearning,S15,9,1048.9163144,40.99609375,2.401,8,88.88888888888889,.NET 8.0.14
MultiSequenceLearning,S16,9,1048.9163144,40.99609375,2.401,8,88.88888888888889,.NET 8.0.14
MultiSequenceLearning,S17,9,1048.9163144,40.99609375,2.401,8,88.88888888888889,.NET 8.0.14
MultiSequenceLearning,S18,9,1048.9163144,40.99609375,2.401,8,88.88888888888889,.NET 8.0.14
MultiSequenceLearning,S19,9,1048.9163144,40.99609375,2.401,8,88.88888888888889,.NET 8.0.14
MultiSequenceLearning,S20,9,1048.9163144,40.99609375,2.401,8,88.88888888888889,.NET 8.0.14
MultiSequenceLearning,S21,9,1048.9163144,40.99609375,2.401,8,88.88888888888889,.NET 8.0.14
MultiSequenceLearning,S22,9,1048.9163144,40.99609375,2.401,8,88.88888888888889,.NET 8.0.14
MultiSequenceLearning,S23,9,1048.9163144,40.99609375,2.401,8,88.88888888888889,.NET 8.0.14
MultiSequenceLearning,S24,9,1048.9163144,40.99609375,2.401,8,88.88888888888889,.NET 8.0.14
MultiSequenceLearning,S25,9,1048.9163144,40.99609375,2.401,8,88.88888888888889,.NET 8.0.14
MultiSequenceLearning,S26,9,1048.9163144,40.99609375,2.401,8,88.88888888888889,.NET 8.0.14
MultiSequenceLearning,S27,9,1048.9163144,40.99609375,2.401,8,88.88888888888889,.NET 8.0.14
MultiSequenceLearning,S28,9,1048.9163144,40.99609375,2.401,8,88.88888888888889,.NET 8.0.14
MultiSequenceLearning,S29,9,1048.9163144,40.99609375,2.401,8,88.88888888888889,.NET 8.0.14
MultiSequenceLearning,S30,9,1048.9163144,40.99609375,2.401,8,88.88888888888889,.NET 8.0.14
MultiSequenceLearning,S1,49,1048.9163144,40.99609375,2.401,8,100,.NET 8.0.14
MultiSequenceLearning,S2,49,1048.9163144,40.99609375,2.401,8,97.95918367346938,.NET 8.0.14
MultiSequenceLearning,S3,49,1048.9163144,40.99609375,2.401,8,97.95918367346938,.NET 8.0.14
MultiSequenceLearning,S4,9,1048.9163144,40.99609375,2.401,8,88.88888888888889,.NET 8.0.14
MultiSequenceLearning,S5,9,1048.9163144,40.99609375,2.401,8,88.88888888888889,.NET 8.0.14
MultiSequenceLearning,S6,9,1048.9163144,40.99609375,2.401,8,88.88888888888889,.NET 8.0.14
MultiSequenceLearning,S7,9,1048.9163144,40.99609375,2.401,8,88.88888888888889,.NET 8.0.14
MultiSequenceLearning,S8,9,1048.9163144,40.99609375,2.401,8,88.88888888888889,.NET 8.0.14
MultiSequenceLearning,S9,9,1048.9163144,40.99609375,2.401,8,88.88888888888889,.NET 8.0.14
MultiSequenceLearning,S10,9,1048.9163144,40.99609375,2.401,8,88.88888888888889,.NET 8.0.14
MultiSequenceLearning,S11,9,1048.9163144,40.99609375,2.401,8,88.88888888888889,.NET 8.0.14
MultiSequenceLearning,S12,9,1048.9163144,40.99609375,2.401,8,88.88888888888889,.NET 8.0.14
MultiSequenceLearning,S13,9,1048.9163144,40.99609375,2.401,8,88.88888888888889,.NET 8.0.14
MultiSequenceLearning,S14,9,1048.9163144,40.99609375,2.401,8,88.88888888888889,.NET 8.0.14
MultiSequenceLearning,S15,9,1048.9163144,40.99609375,2.401,8,88.88888888888889,.NET 8.0.14
MultiSequenceLearning,S16,9,1048.9163144,40.99609375,2.401,8,88.88888888888889,.NET 8.0.14
MultiSequenceLearning,S17,9,1048.9163144,40.99609375,2.401,8,88.88888888888889,.NET 8.0.14
MultiSequenceLearning,S18,9,1048.9163144,40.99609375,2.401,8,88.88888888888889,.NET 8.0.14
MultiSequenceLearning,S19,9,1048.9163144,40.99609375,2.401,8,88.88888888888889,.NET 8.0.14
MultiSequenceLearning,S20,9,1048.9163144,40.99609375,2.401,8,88.88888888888889,.NET 8.0.14
MultiSequenceLearning,S21,9,1048.9163144,40.99609375,2.401,8,88.88888888888889,.NET 8.0.14
MultiSequenceLearning,S22,9,1048.9163144,40.99609375,2.401,8,88.88888888888889,.NET 8.0.14
MultiSequenceLearning,S23,9,1048.9163144,40.99609375,2.401,8,88.88888888888889,.NET 8.0.14
MultiSequenceLearning,S24,9,1048.9163144,40.99609375,2.401,8,88.88888888888889,.NET 8.0.14
MultiSequenceLearning,S25,9,1048.9163144,40.99609375,2.401,8,88.88888888888889,.NET 8.0.14
MultiSequenceLearning,S26,9,1048.9163144,40.99609375,2.401,8,88.88888888888889,.NET 8.0.14
MultiSequenceLearning,S27,9,1048.9163144,40.99609375,2.401,8,88.88888888888889,.NET 8.0.14
MultiSequenceLearning,S28,9,1048.9163144,40.99609375,2.401,8,88.88888888888889,.NET 8.0.14
MultiSequenceLearning,S29,9,1048.9163144,40.99609375,2.401,8,88.88888888888889,.NET 8.0.14
MultiSequenceLearning,S30,9,1048.9163144,40.99609375,2.401,8,88.88888888888889,.NET 8.0.14
MultiSequenceLearning,S1,49,1048.9163144,40.99609375,2.401,8,100,.NET 8.0.14
MultiSequenceLearning,S2,49,1048.9163144,40.99609375,2.401,8,97.95918367346938,.NET 8.0.14
MultiSequenceLearning,S3,49,1048.9163144,40.99609375,2.401,8,97.95918367346938,.NET 8.0.14
MultiSequenceLearning,S4,9,1048.9163144,40.99609375,2.401,8,88.88888888888889,.NET 8.0.14
MultiSequenceLearning,S5,9,1048.9163144,40.99609375,2.401,8,88.88888888888889,.NET 8.0.14
MultiSequenceLearning,S6,9,1048.9163144,40.99609375,2.401,8,88.88888888888889,.NET 8.0.14
MultiSequenceLearning,S7,9,1048.9163144,40.99609375,2.401,8,88.88888888888889,.NET 8.0.14
MultiSequenceLearning,S8,9,1048.9163144,40.99609375,2.401,8,88.88888888888889,.NET 8.0.14
MultiSequenceLearning,S9,9,1048.9163144,40.99609375,2.401,8,88.88888888888889,.NET 8.0.14
MultiSequenceLearning,S10,9,1048.9163144,40.99609375,2.401,8,88.88888888888889,.NET 8.0.14
MultiSequenceLearning,S11,9,1048.9163144,40.99609375,2.401,8,88.88888888888889,.NET 8.0.14
MultiSequenceLearning,S12,9,1048.9163144,40.99609375,2.401,8,88.88888888888889,.NET 8.0.14
MultiSequenceLearning,S13,9,1048.9163144,40.99609375,2.401,8,88.88888888888889,.NET 8.0.14
MultiSequenceLearning,S14,9,1048.9163144,40.99609375,2.401,8,88.88888888888889,.NET 8.0.14
MultiSequenceLearning,S15,9,1048.9163144,40.99609375,2.401,8,88.88888888888889,.NET 8.0.14
MultiSequenceLearning,S16,9,1048.9163144,40.99609375,2.401,8,88.88888888888889,.NET 8.0.14
MultiSequenceLearning,S17,9,1048.9163144,40.99609375,2.401,8,88.88888888888889,.NET 8.0.14
MultiSequenceLearning,S18,9,1048.9163144,40.99609375,2.401,8,88.88888888888889,.NET 8.0.14
MultiSequenceLearning,S19,9,1048.9163144,40.99609375,2.401,8,88.88888888888889,.NET 8.0.14
MultiSequenceLearning,S20,9,1048.9163144,40.99609375,2.401,8,88.88888888888889,.NET 8.0.14
MultiSequenceLearning,S21,9,1048.9163144,40.99609375,2.401,8,88.88888888888889,.NET 8.0.14
MultiSequenceLearning,S22,9,1048.9163144,40.99609375,2.401,8,88.88888888888889,.NET 8.0.14
MultiSequenceLearning,S23,9,1048.9163144,40.99609375,2.401,8,88.88888888888889,.NET 8.0.14
MultiSequenceLearning,S24,9,1048.9163144,40.99609375,2.401,8,88.88888888888889,.NET 8.0.14
MultiSequenceLearning,S25,9,1048.9163144,40.99609375,2.401,8,88.88888888888889,.NET 8.0.14
MultiSequenceLearning,S26,9,1048.9163144,40.99609375,2.401,8,88.88888888888889,.NET 8.0.14
MultiSequenceLearning,S27,9,1048.9163144,40.99609375,2.401,8,88.88888888888889,.NET 8.0.14
MultiSequenceLearning,S28,9,1048.9163144,40.99609375,2.401,8,88.88888888888889,.NET 8.0.14
MultiSequenceLearning,S29,9,1048.9163144,40.99609375,2.401,8,88.88888888888889,.NET 8.0.14
MultiSequenceLearning,S30,9,1048.9163144,40.99609375,2.401,8,88.88888888888889,.NET 8.0.14
MultiSequenceLearning,S1,49,1029.5732697,37.94921875,2.401,8,100,.NET 8.0.14
MultiSequenceLearning,S2,49,1029.5732697,37.94921875,2.401,8,97.95918367346938,.NET 8.0.14
MultiSequenceLearning,S3,49,1029.5732697,37.94921875,2.401,8,97.95918367346938,.NET 8.0.14
MultiSequenceLearning,S4,9,1029.5732697,37.94921875,2.401,8,88.88888888888889,.NET 8.0.14
MultiSequenceLearning,S5,9,1029.5732697,37.94921875,2.401,8,88.88888888888889,.NET 8.0.14
MultiSequenceLearning,S6,9,1029.5732697,37.94921875,2.401,8,88.88888888888889,.NET 8.0.14
MultiSequenceLearning,S7,9,1029.5732697,37.94921875,2.401,8,88.88888888888889,.NET 8.0.14
MultiSequenceLearning,S8,9,1029.5732697,37.94921875,2.401,8,88.88888888888889,.NET 8.0.14
MultiSequenceLearning,S9,9,1029.5732697,37.94921875,2.401,8,88.88888888888889,.NET 8.0.14
MultiSequenceLearning,S10,9,1029.5732697,37.94921875,2.401,8,88.88888888888889,.NET 8.0.14
MultiSequenceLearning,S11,9,1029.5732697,37.94921875,2.401,8,88.88888888888889,.NET 8.0.14
MultiSequenceLearning,S12,9,1029.5732697,37.94921875,2.401,8,88.88888888888889,.NET 8.0.14
MultiSequenceLearning,S13,9,1029.5732697,37.94921875,2.401,8,88.88888888888889,.NET 8.0.14
MultiSequenceLearning,S14,9,1029.5732697,37.94921875,2.401,8,88.88888888888889,.NET 8.0.14
MultiSequenceLearning,S15,9,1029.5732697,37.94921875,2.401,8,88.88888888888889,.NET 8.0.14
MultiSequenceLearning,S16,9,1029.5732697,37.94921875,2.401,8,88.88888888888889,.NET 8.0.14
MultiSequenceLearning,S17,9,1029.5732697,37.94921875,2.401,8,88.88888888888889,.NET 8.0.14
MultiSequenceLearning,S18,9,1029.5732697,37.94921875,2.401,8,88.88888888888889,.NET 8.0.14
MultiSequenceLearning,S19,9,1029.5732697,37.94921875,2.401,8,88.88888888888889,.NET 8.0.14
MultiSequenceLearning,S20,9,1029.5732697,37.94921875,2.401,8,88.88888888888889,.NET 8.0.14
MultiSequenceLearning,S21,9,1029.5732697,37.94921875,2.401,8,88.88888888888889,.NET 8.0.14
MultiSequenceLearning,S22,9,1029.5732697,37.94921875,2.401,8,88.88888888888889,.NET 8.0.14
MultiSequenceLearning,S23,9,1029.5732697,37.94921875,2.401,8,88.88888888888889,.NET 8.0.14
MultiSequenceLearning,S24,9,1029.5732697,37.94921875,2.401,8,88.88888888888889,.NET 8.0.14
MultiSequenceLearning,S25,9,1029.5732697,37.94921875,2.401,8,88.88888888888889,.NET 8.0.14
MultiSequenceLearning,S26,9,1029.5732697,37.94921875,2.401,8,88.88888888888889,.NET 8.0.14
MultiSequenceLearning,S27,9,1029.5732697,37.94921875,2.401,8,88.88888888888889,.NET 8.0.14
MultiSequenceLearning,S28,9,1029.5732697,37.94921875,2.401,8,88.88888888888889,.NET 8.0.14
MultiSequenceLearning,S29,9,1029.5732697,37.94921875,2.401,8,88.88888888888889,.NET 8.0.14
MultiSequenceLearning,S30,9,1029.5732697,37.94921875,2.401,8,88.88888888888889,.NET 8.0.14
MultiSequenceLearning,S1,49,1029.5732697,37.94921875,2.401,8,100,.NET 8.0.14
MultiSequenceLearning,S2,49,1029.5732697,37.94921875,2.401,8,97.95918367346938,.NET 8.0.14
MultiSequenceLearning,S3,49,1029.5732697,37.94921875,2.401,8,97.95918367346938,.NET 8.0.14
MultiSequenceLearning,S4,9,1029.5732697,37.94921875,2.401,8,88.88888888888889,.NET 8.0.14
MultiSequenceLearning,S5,9,1029.5732697,37.94921875,2.401,8,88.88888888888889,.NET 8.0.14
MultiSequenceLearning,S6,9,1029.5732697,37.94921875,2.401,8,88.88888888888889,.NET 8.0.14
MultiSequenceLearning,S7,9,1029.5732697,37.94921875,2.401,8,88.88888888888889,.NET 8.0.14
MultiSequenceLearning,S8,9,1029.5732697,37.94921875,2.401,8,88.88888888888889,.NET 8.0.14
MultiSequenceLearning,S9,9,1029.5732697,37.94921875,2.401,8,88.88888888888889,.NET 8.0.14
MultiSequenceLearning,S10,9,1029.5732697,37.94921875,2.401,8,88.88888888888889,.NET 8.0.14
MultiSequenceLearning,S11,9,1029.5732697,37.94921875,2.401,8,88.88888888888889,.NET 8.0.14
MultiSequenceLearning,S12,9,1029.5732697,37.94921875,2.401,8,88.88888888888889,.NET 8.0.14
MultiSequenceLearning,S13,9,1029.5732697,37.94921875,2.401,8,88.88888888888889,.NET 8.0.14
MultiSequenceLearning,S14,9,1029.5732697,37.94921875,2.401,8,88.88888888888889,.NET 8.0.14
MultiSequenceLearning,S15,9,1029.5732697,37.94921875,2.401,8,88.88888888888889,.NET 8.0.14
MultiSequenceLearning,S16,9,1029.5732697,37.94921875,2.401,8,88.88888888888889,.NET 8.0.14
MultiSequenceLearning,S17,9,1029.5732697,37.94921875,2.401,8,88.88888888888889,.NET 8.0.14
MultiSequenceLearning,S18,9,1029.5732697,37.94921875,2.401,8,88.88888888888889,.NET 8.0.14
MultiSequenceLearning,S19,9,1029.5732697,37.94921875,2.401,8,88.88888888888889,.NET 8.0.14
MultiSequenceLearning,S20,9,1029.5732697,37.94921875,2.401,8,88.88888888888889,.NET 8.0.14
MultiSequenceLearning,S21,9,1029.5732697,37.94921875,2.401,8,88.88888888888889,.NET 8.0.14
MultiSequenceLearning,S22,9,1029.5732697,37.94921875,2.401,8,88.88888888888889,.NET 8.0.14
MultiSequenceLearning,S23,9,1029.5732697,37.94921875,2.401,8,88.88888888888889,.NET 8.0.14
MultiSequenceLearning,S24,9,1029.5732697,37.94921875,2.401,8,88.88888888888889,.NET 8.0.14
MultiSequenceLearning,S25,9,1029.5732697,37.94921875,2.401,8,88.88888888888889,.NET 8.0.14
MultiSequenceLearning,S26,9,1029.5732697,37.94921875,2.401,8,88.88888888888889,.NET 8.0.14
MultiSequenceLearning,S27,9,1029.5732697,37.94921875,2.401,8,88.88888888888889,.NET 8.0.14
MultiSequenceLearning,S28,9,1029.5732697,37.94921875,2.401,8,88.88888888888889,.NET 8.0.14
MultiSequenceLearning,S29,9,1029.5732697,37.94921875,2.401,8,88.88888888888889,.NET 8.0.14
MultiSequenceLearning,S30,9,1029.5732697,37.94921875,2.401,8,88.88888888888889,.NET 8.0.14
MultiSequenceLearning,S1,49,1029.5732697,37.94921875,2.401,8,100,.NET 8.0.14
MultiSequenceLearning,S2,49,1029.5732697,37.94921875,2.401,8,97.95918367346938,.NET 8.0.14
MultiSequenceLearning,S3,49,1029.5732697,37.94921875,2.401,8,97.95918367346938,.NET 8.0.14
MultiSequenceLearning,S4,9,1029.5732697,37.94921875,2.401,8,88.88888888888889,.NET 8.0.14
MultiSequenceLearning,S5,9,1029.5732697,37.94921875,2.401,8,88.88888888888889,.NET 8.0.14
MultiSequenceLearning,S6,9,1029.5732697,37.94921875,2.401,8,88.88888888888889,.NET 8.0.14
MultiSequenceLearning,S7,9,1029.5732697,37.94921875,2.401,8,88.88888888888889,.NET 8.0.14
MultiSequenceLearning,S8,9,1029.5732697,37.94921875,2.401,8,88.88888888888889,.NET 8.0.14
MultiSequenceLearning,S9,9,1029.5732697,37.94921875,2.401,8,88.88888888888889,.NET 8.0.14
MultiSequenceLearning,S10,9,1029.5732697,37.94921875,2.401,8,88.88888888888889,.NET 8.0.14
MultiSequenceLearning,S11,9,1029.5732697,37.94921875,2.401,8,88.88888888888889,.NET 8.0.14
MultiSequenceLearning,S12,9,1029.5732697,37.94921875,2.401,8,88.88888888888889,.NET 8.0.14
MultiSequenceLearning,S13,9,1029.5732697,37.94921875,2.401,8,88.88888888888889,.NET 8.0.14
MultiSequenceLearning,S14,9,1029.5732697,37.94921875,2.401,8,88.88888888888889,.NET 8.0.14
MultiSequenceLearning,S15,9,1029.5732697,37.94921875,2.401,8,88.88888888888889,.NET 8.0.14
MultiSequenceLearning,S16,9,1029.5732697,37.94921875,2.401,8,88.88888888888889,.NET 8.0.14
MultiSequenceLearning,S17,9,1029.5732697,37.94921875,2.401,8,88.88888888888889,.NET 8.0.14
MultiSequenceLearning,S18,9,1029.5732697,37.94921875,2.401,8,88.88888888888889,.NET 8.0.14
MultiSequenceLearning,S19,9,1029.5732697,37.94921875,2.401,8,88.88888888888889,.NET 8.0.14
MultiSequenceLearning,S20,9,1029.5732697,37.94921875,2.401,8,88.88888888888889,.NET 8.0.14
MultiSequenceLearning,S21,9,1029.5732697,37.94921875,2.401,8,88.88888888888889,.NET 8.0.14
MultiSequenceLearning,S22,9,1029.5732697,37.94921875,2.401,8,88.88888888888889,.NET 8.0.14
MultiSequenceLearning,S23,9,1029.5732697,37.94921875,2.401,8,88.88888888888889,.NET 8.0.14
MultiSequenceLearning,S24,9,1029.5732697,37.94921875,2.401,8,88.88888888888889,.NET 8.0.14
MultiSequenceLearning,S25,9,1029.5732697,37.94921875,2.401,8,88.88888888888889,.NET 8.0.14
MultiSequenceLearning,S26,9,1029.5732697,37.94921875,2.401,8,88.88888888888889,.NET 8.0.14
MultiSequenceLearning,S27,9,1029.5732697,37.94921875,2.401,8,88.88888888888889,.NET 8.0.14
MultiSequenceLearning,S28,9,1029.5732697,37.94921875,2.401,8,88.88888888888889,.NET 8.0.14
MultiSequenceLearning,S29,9,1029.5732697,37.94921875,2.401,8,88.88888888888889,.NET 8.0.14
MultiSequenceLearning,S30,9,1029.5732697,37.94921875,2.401,8,88.88888888888889,.NET 8.0.14
MultiSequenceLearning,S1,49,1029.5732697,37.94921875,2.401,8,100,.NET 8.0.14
MultiSequenceLearning,S2,49,1029.5732697,37.94921875,2.401,8,97.95918367346938,.NET 8.0.14
MultiSequenceLearning,S3,49,1029.5732697,37.94921875,2.401,8,97.95918367346938,.NET 8.0.14
MultiSequenceLearning,S4,9,1029.5732697,37.94921875,2.401,8,88.88888888888889,.NET 8.0.14
MultiSequenceLearning,S5,9,1029.5732697,37.94921875,2.401,8,88.88888888888889,.NET 8.0.14
MultiSequenceLearning,S6,9,1029.5732697,37.94921875,2.401,8,88.88888888888889,.NET 8.0.14
MultiSequenceLearning,S7,9,1029.5732697,37.94921875,2.401,8,88.88888888888889,.NET 8.0.14
MultiSequenceLearning,S8,9,1029.5732697,37.94921875,2.401,8,88.88888888888889,.NET 8.0.14
MultiSequenceLearning,S9,9,1029.5732697,37.94921875,2.401,8,88.88888888888889,.NET 8.0.14
MultiSequenceLearning,S10,9,1029.5732697,37.94921875,2.401,8,88.88888888888889,.NET 8.0.14
MultiSequenceLearning,S11,9,1029.5732697,37.94921875,2.401,8,88.88888888888889,.NET 8.0.14
MultiSequenceLearning,S12,9,1029.5732697,37.94921875,2.401,8,88.88888888888889,.NET 8.0.14
MultiSequenceLearning,S13,9,1029.5732697,37.94921875,2.401,8,88.88888888888889,.NET 8.0.14
MultiSequenceLearning,S14,9,1029.5732697,37.94921875,2.401,8,88.88888888888889,.NET 8.0.14
MultiSequenceLearning,S15,9,1029.5732697,37.94921875,2.401,8,88.88888888888889,.NET 8.0.14
MultiSequenceLearning,S16,9,1029.5732697,37.94921875,2.401,8,88.88888888888889,.NET 8.0.14
MultiSequenceLearning,S17,9,1029.5732697,37.94921875,2.401,8,88.88888888888889,.NET 8.0.14
MultiSequenceLearning,S18,9,1029.5732697,37.94921875,2.401,8,88.88888888888889,.NET 8.0.14
MultiSequenceLearning,S19,9,1029.5732697,37.94921875,2.401,8,88.88888888888889,.NET 8.0.14
MultiSequenceLearning,S20,9,1029.5732697,37.94921875,2.401,8,88.88888888888889,.NET 8.0.14
MultiSequenceLearning,S21,9,1029.5732697,37.94921875,2.401,8,88.88888888888889,.NET 8.0.14
MultiSequenceLearning,S22,9,1029.5732697,37.94921875,2.401,8,88.88888888888889,.NET 8.0.14
MultiSequenceLearning,S23,9,1029.5732697,37.94921875,2.401,8,88.88888888888889,.NET 8.0.14
MultiSequenceLearning,S24,9,1029.5732697,37.94921875,2.401,8,88.88888888888889,.NET 8.0.14
MultiSequenceLearning,S25,9,1029.5732697,37.94921875,2.401,8,88.88888888888889,.NET 8.0.14
MultiSequenceLearning,S26,9,1029.5732697,37.94921875,2.401,8,88.88888888888889,.NET 8.0.14
MultiSequenceLearning,S27,9,1029.5732697,37.94921875,2.401,8,88.88888888888889,.NET 8.0.14
MultiSequenceLearning,S28,9,1029.5732697,37.94921875,2.401,8,88.88888888888889,.NET 8.0.14
MultiSequenceLearning,S29,9,1029.5732697,37.94921875,2.401,8,88.88888888888889,.NET 8.0.14
MultiSequenceLearning,S30,9,1029.5732697,37.94921875,2.401,8,88.88888888888889,.NET 8.0.14
MultiSequenceLearning,S1,49,1062.7793842,41.01953125,2.401,8,100,.NET 8.0.14
MultiSequenceLearning,S2,49,1062.7793842,41.01953125,2.401,8,97.95918367346938,.NET 8.0.14
MultiSequenceLearning,S3,49,1062.7793842,41.01953125,2.401,8,97.95918367346938,.NET 8.0.14
MultiSequenceLearning,S4,9,1062.7793842,41.01953125,2.401,8,88.88888888888889,.NET 8.0.14
MultiSequenceLearning,S5,9,1062.7793842,41.01953125,2.401,8,88.88888888888889,.NET 8.0.14
MultiSequenceLearning,S6,9,1062.7793842,41.01953125,2.401,8,88.88888888888889,.NET 8.0.14
MultiSequenceLearning,S7,9,1062.7793842,41.01953125,2.401,8,88.88888888888889,.NET 8.0.14
MultiSequenceLearning,S8,9,1062.7793842,41.01953125,2.401,8,88.88888888888889,.NET 8.0.14
MultiSequenceLearning,S9,9,1062.7793842,41.01953125,2.401,8,88.88888888888889,.NET 8.0.14
MultiSequenceLearning,S10,9,1062.7793842,41.01953125,2.401,8,88.88888888888889,.NET 8.0.14
MultiSequenceLearning,S11,9,1062.7793842,41.01953125,2.401,8,88.88888888888889,.NET 8.0.14
MultiSequenceLearning,S12,9,1062.7793842,41.01953125,2.401,8,88.88888888888889,.NET 8.0.14
MultiSequenceLearning,S13,9,1062.7793842,41.01953125,2.401,8,88.88888888888889,.NET 8.0.14
MultiSequenceLearning,S14,9,1062.7793842,41.01953125,2.401,8,88.88888888888889,.NET 8.0.14
MultiSequenceLearning,S15,9,1062.7793842,41.01953125,2.401,8,88.88888888888889,.NET 8.0.14
MultiSequenceLearning,S16,9,1062.7793842,41.01953125,2.401,8,88.88888888888889,.NET 8.0.14
MultiSequenceLearning,S17,9,1062.7793842,41.01953125,2.401,8,88.88888888888889,.NET 8.0.14
MultiSequenceLearning,S18,9,1062.7793842,41.01953125,2.401,8,88.88888888888889,.NET 8.0.14
MultiSequenceLearning,S19,9,1062.7793842,41.01953125,2.401,8,88.88888888888889,.NET 8.0.14
MultiSequenceLearning,S20,9,1062.7793842,41.01953125,2.401,8,88.88888888888889,.NET 8.0.14
MultiSequenceLearning,S21,9,1062.7793842,41.01953125,2.401,8,88.88888888888889,.NET 8.0.14
MultiSequenceLearning,S22,9,1062.7793842,41.01953125,2.401,8,88.88888888888889,.NET 8.0.14
MultiSequenceLearning,S23,9,1062.7793842,41.01953125,2.401,8,88.88888888888889,.NET 8.0.14
MultiSequenceLearning,S24,9,1062.7793842,41.01953125,2.401,8,88.88888888888889,.NET 8.0.14
MultiSequenceLearning,S25,9,1062.7793842,41.01953125,2.401,8,88.88888888888889,.NET 8.0.14
MultiSequenceLearning,S26,9,1062.7793842,41.01953125,2.401,8,88.88888888888889,.NET 8.0.14
MultiSequenceLearning,S27,9,1062.7793842,41.01953125,2.401,8,88.88888888888889,.NET 8.0.14
MultiSequenceLearning,S28,9,1062.7793842,41.01953125,2.401,8,88.88888888888889,.NET 8.0.14
MultiSequenceLearning,S29,9,1062.7793842,41.01953125,2.401,8,88.88888888888889,.NET 8.0.14
MultiSequenceLearning,S30,9,1062.7793842,41.01953125,2.401,8,88.88888888888889,.NET 8.0.14
MultiSequenceLearning,S1,49,1062.7793842,41.01953125,2.401,8,100,.NET 8.0.14
MultiSequenceLearning,S2,49,1062.7793842,41.01953125,2.401,8,97.95918367346938,.NET 8.0.14
MultiSequenceLearning,S3,49,1062.7793842,41.01953125,2.401,8,97.95918367346938,.NET 8.0.14
MultiSequenceLearning,S4,9,1062.7793842,41.01953125,2.401,8,88.88888888888889,.NET 8.0.14
MultiSequenceLearning,S5,9,1062.7793842,41.01953125,2.401,8,88.88888888888889,.NET 8.0.14
MultiSequenceLearning,S6,9,1062.7793842,41.01953125,2.401,8,88.88888888888889,.NET 8.0.14
MultiSequenceLearning,S7,9,1062.7793842,41.01953125,2.401,8,88.88888888888889,.NET 8.0.14
MultiSequenceLearning,S8,9,1062.7793842,41.01953125,2.401,8,88.88888888888889,.NET 8.0.14
MultiSequenceLearning,S9,9,1062.7793842,41.01953125,2.401,8,88.88888888888889,.NET 8.0.14
MultiSequenceLearning,S10,9,1062.7793842,41.01953125,2.401,8,88.88888888888889,.NET 8.0.14
MultiSequenceLearning,S11,9,1062.7793842,41.01953125,2.401,8,88.88888888888889,.NET 8.0.14
MultiSequenceLearning,S12,9,1062.7793842,41.01953125,2.401,8,88.88888888888889,.NET 8.0.14
MultiSequenceLearning,S13,9,1062.7793842,41.01953125,2.401,8,88.88888888888889,.NET 8.0.14
MultiSequenceLearning,S14,9,1062.7793842,41.01953125,2.401,8,88.88888888888889,.NET 8.0.14
MultiSequenceLearning,S15,9,1062.7793842,41.01953125,2.401,8,88.88888888888889,.NET 8.0.14
MultiSequenceLearning,S16,9,1062.7793842,41.01953125,2.401,8,88.88888888888889,.NET 8.0.14
MultiSequenceLearning,S17,9,1062.7793842,41.01953125,2.401,8,88.88888888888889,.NET 8.0.14
MultiSequenceLearning,S18,9,1062.7793842,41.01953125,2.401,8,88.88888888888889,.NET 8.0.14
MultiSequenceLearning,S19,9,1062.7793842,41.01953125,2.401,8,88.88888888888889,.NET 8.0.14
MultiSequenceLearning,S20,9,1062.7793842,41.01953125,2.401,8,88.88888888888889,.NET 8.0.14
MultiSequenceLearning,S21,9,1062.7793842,41.01953125,2.401,8,88.88888888888889,.NET 8.0.14
MultiSequenceLearning,S22,9,1062.7793842,41.01953125,2.401,8,88.88888888888889,.NET 8.0.14
MultiSequenceLearning,S23,9,1062.7793842,41.01953125,2.401,8,88.88888888888889,.NET 8.0.14
MultiSequenceLearning,S24,9,1062.7793842,41.01953125,2.401,8,88.88888888888889,.NET 8.0.14
MultiSequenceLearning,S25,9,1062.7793842,41.01953125,2.401,8,88.88888888888889,.NET 8.0.14
MultiSequenceLearning,S26,9,1062.7793842,41.01953125,2.401,8,88.88888888888889,.NET 8.0.14
MultiSequenceLearning,S27,9,1062.7793842,41.01953125,2.401,8,88.88888888888889,.NET 8.0.14
MultiSequenceLearning,S28,9,1062.7793842,41.01953125,2.401,8,88.88888888888889,.NET 8.0.14
MultiSequenceLearning,S29,9,1062.7793842,41.01953125,2.401,8,88.88888888888889,.NET 8.0.14
MultiSequenceLearning,S30,9,1062.7793842,41.01953125,2.401,8,88.88888888888889,.NET 8.0.14
MultiSequenceLearning,S1,49,1062.7793842,41.01953125,2.401,8,100,.NET 8.0.14
MultiSequenceLearning,S2,49,1062.7793842,41.01953125,2.401,8,97.95918367346938,.NET 8.0.14
MultiSequenceLearning,S3,49,1062.7793842,41.01953125,2.401,8,97.95918367346938,.NET 8.0.14
MultiSequenceLearning,S4,9,1062.7793842,41.01953125,2.401,8,88.88888888888889,.NET 8.0.14
MultiSequenceLearning,S5,9,1062.7793842,41.01953125,2.401,8,88.88888888888889,.NET 8.0.14
MultiSequenceLearning,S6,9,1062.7793842,41.01953125,2.401,8,88.88888888888889,.NET 8.0.14
MultiSequenceLearning,S7,9,1062.7793842,41.01953125,2.401,8,88.88888888888889,.NET 8.0.14
MultiSequenceLearning,S8,9,1062.7793842,41.01953125,2.401,8,88.88888888888889,.NET 8.0.14
MultiSequenceLearning,S9,9,1062.7793842,41.01953125,2.401,8,88.88888888888889,.NET 8.0.14
MultiSequenceLearning,S10,9,1062.7793842,41.01953125,2.401,8,88.88888888888889,.NET 8.0.14
MultiSequenceLearning,S11,9,1062.7793842,41.01953125,2.401,8,88.88888888888889,.NET 8.0.14
MultiSequenceLearning,S12,9,1062.7793842,41.01953125,2.401,8,88.88888888888889,.NET 8.0.14
MultiSequenceLearning,S13,9,1062.7793842,41.01953125,2.401,8,88.88888888888889,.NET 8.0.14
MultiSequenceLearning,S14,9,1062.7793842,41.01953125,2.401,8,88.88888888888889,.NET 8.0.14
MultiSequenceLearning,S15,9,1062.7793842,41.01953125,2.401,8,88.88888888888889,.NET 8.0.14
MultiSequenceLearning,S16,9,1062.7793842,41.01953125,2.401,8,88.88888888888889,.NET 8.0.14
MultiSequenceLearning,S17,9,1062.7793842,41.01953125,2.401,8,88.88888888888889,.NET 8.0.14
MultiSequenceLearning,S18,9,1062.7793842,41.01953125,2.401,8,88.88888888888889,.NET 8.0.14
MultiSequenceLearning,S19,9,1062.7793842,41.01953125,2.401,8,88.88888888888889,.NET 8.0.14
MultiSequenceLearning,S20,9,1062.7793842,41.01953125,2.401,8,88.88888888888889,.NET 8.0.14
MultiSequenceLearning,S21,9,1062.7793842,41.01953125,2.401,8,88.88888888888889,.NET 8.0.14
MultiSequenceLearning,S22,9,1062.7793842,41.01953125,2.401,8,88.88888888888889,.NET 8.0.14
MultiSequenceLearning,S23,9,1062.7793842,41.01953125,2.401,8,88.88888888888889,.NET 8.0.14
MultiSequenceLearning,S24,9,1062.7793842,41.01953125,2.401,8,88.88888888888889,.NET 8.0.14
MultiSequenceLearning,S25,9,1062.7793842,41.01953125,2.401,8,88.88888888888889,.NET 8.0.14
MultiSequenceLearning,S26,9,1062.7793842,41.01953125,2.401,8,88.88888888888889,.NET 8.0.14
MultiSequenceLearning,S27,9,1062.7793842,41.01953125,2.401,8,88.88888888888889,.NET 8.0.14
MultiSequenceLearning,S28,9,1062.7793842,41.01953125,2.401,8,88.88888888888889,.NET 8.0.14
MultiSequenceLearning,S29,9,1062.7793842,41.01953125,2.401,8,88.88888888888889,.NET 8.0.14
MultiSequenceLearning,S30,9,1062.7793842,41.01953125,2.401,8,88.88888888888889,.NET 8.0.14
MultiSequenceLearning,S1,49,1062.7793842,41.01953125,2.401,8,100,.NET 8.0.14
MultiSequenceLearning,S2,49,1062.7793842,41.01953125,2.401,8,97.95918367346938,.NET 8.0.14
MultiSequenceLearning,S3,49,1062.7793842,41.01953125,2.401,8,97.95918367346938,.NET 8.0.14
MultiSequenceLearning,S4,9,1062.7793842,41.01953125,2.401,8,88.88888888888889,.NET 8.0.14
MultiSequenceLearning,S5,9,1062.7793842,41.01953125,2.401,8,88.88888888888889,.NET 8.0.14
MultiSequenceLearning,S6,9,1062.7793842,41.01953125,2.401,8,88.88888888888889,.NET 8.0.14
MultiSequenceLearning,S7,9,1062.7793842,41.01953125,2.401,8,88.88888888888889,.NET 8.0.14
MultiSequenceLearning,S8,9,1062.7793842,41.01953125,2.401,8,88.88888888888889,.NET 8.0.14
MultiSequenceLearning,S9,9,1062.7793842,41.01953125,2.401,8,88.88888888888889,.NET 8.0.14
MultiSequenceLearning,S10,9,1062.7793842,41.01953125,2.401,8,88.88888888888889,.NET 8.0.14
MultiSequenceLearning,S11,9,1062.7793842,41.01953125,2.401,8,88.88888888888889,.NET 8.0.14
MultiSequenceLearning,S12,9,1062.7793842,41.01953125,2.401,8,88.88888888888889,.NET 8.0.14
MultiSequenceLearning,S13,9,1062.7793842,41.01953125,2.401,8,88.88888888888889,.NET 8.0.14
MultiSequenceLearning,S14,9,1062.7793842,41.01953125,2.401,8,88.88888888888889,.NET 8.0.14
MultiSequenceLearning,S15,9,1062.7793842,41.01953125,2.401,8,88.88888888888889,.NET 8.0.14
MultiSequenceLearning,S16,9,1062.7793842,41.01953125,2.401,8,88.88888888888889,.NET 8.0.14
MultiSequenceLearning,S17,9,1062.7793842,41.01953125,2.401,8,88.88888888888889,.NET 8.0.14
MultiSequenceLearning,S18,9,1062.7793842,41.01953125,2.401,8,88.88888888888889,.NET 8.0.14
MultiSequenceLearning,S19,9,1062.7793842,41.01953125,2.401,8,88.88888888888889,.NET 8.0.14
MultiSequenceLearning,S20,9,1062.7793842,41.01953125,2.401,8,88.88888888888889,.NET 8.0.14
MultiSequenceLearning,S21,9,1062.7793842,41.01953125,2.401,8,88.88888888888889,.NET 8.0.14
MultiSequenceLearning,S22,9,1062.7793842,41.01953125,2.401,8,88.88888888888889,.NET 8.0.14
MultiSequenceLearning,S23,9,1062.7793842,41.01953125,2.401,8,88.88888888888889,.NET 8.0.14
MultiSequenceLearning,S24,9,1062.7793842,41.01953125,2.401,8,88.88888888888889,.NET 8.0.14
MultiSequenceLearning,S25,9,1062.7793842,41.01953125,2.401,8,88.88888888888889,.NET 8.0.14
MultiSequenceLearning,S26,9,1062.7793842,41.01953125,2.401,8,88.88888888888889,.NET 8.0.14
MultiSequenceLearning,S27,9,1062.7793842,41.01953125,2.401,8,88.88888888888889,.NET 8.0.14
MultiSequenceLearning,S28,9,1062.7793842,41.01953125,2.401,8,88.88888888888889,.NET 8.0.14
MultiSequenceLearning,S29,9,1062.7793842,41.01953125,2.401,8,88.88888888888889,.NET 8.0.14
MultiSequenceLearning,S30,9,1062.7793842,41.01953125,2.401,8,88.88888888888889,.NET 8.0.14
MultiSequenceLearning,S1,49,1052.9696151,41.29296875,2.401,7,100,.NET 8.0.14
MultiSequenceLearning,S2,49,1052.9696151,41.29296875,2.401,7,97.95918367346938,.NET 8.0.14
MultiSequenceLearning,S3,49,1052.9696151,41.29296875,2.401,7,97.95918367346938,.NET 8.0.14
MultiSequenceLearning,S4,9,1052.9696151,41.29296875,2.401,7,88.88888888888889,.NET 8.0.14
MultiSequenceLearning,S5,9,1052.9696151,41.29296875,2.401,7,88.88888888888889,.NET 8.0.14
MultiSequenceLearning,S6,9,1052.9696151,41.29296875,2.401,7,88.88888888888889,.NET 8.0.14
MultiSequenceLearning,S7,9,1052.9696151,41.29296875,2.401,7,88.88888888888889,.NET 8.0.14
MultiSequenceLearning,S8,9,1052.9696151,41.29296875,2.401,7,88.88888888888889,.NET 8.0.14
MultiSequenceLearning,S9,9,1052.9696151,41.29296875,2.401,7,88.88888888888889,.NET 8.0.14
MultiSequenceLearning,S10,9,1052.9696151,41.29296875,2.401,7,88.88888888888889,.NET 8.0.14
MultiSequenceLearning,S11,9,1052.9696151,41.29296875,2.401,7,88.88888888888889,.NET 8.0.14
MultiSequenceLearning,S12,9,1052.9696151,41.29296875,2.401,7,88.88888888888889,.NET 8.0.14
MultiSequenceLearning,S13,9,1052.9696151,41.29296875,2.401,7,88.88888888888889,.NET 8.0.14
MultiSequenceLearning,S14,9,1052.9696151,41.29296875,2.401,7,88.88888888888889,.NET 8.0.14
MultiSequenceLearning,S15,9,1052.9696151,41.29296875,2.401,7,88.88888888888889,.NET 8.0.14
MultiSequenceLearning,S16,9,1052.9696151,41.29296875,2.401,7,88.88888888888889,.NET 8.0.14
MultiSequenceLearning,S17,9,1052.9696151,41.29296875,2.401,7,88.88888888888889,.NET 8.0.14
MultiSequenceLearning,S18,9,1052.9696151,41.29296875,2.401,7,88.88888888888889,.NET 8.0.14
MultiSequenceLearning,S19,9,1052.9696151,41.29296875,2.401,7,88.88888888888889,.NET 8.0.14
MultiSequenceLearning,S20,9,1052.9696151,41.29296875,2.401,7,88.88888888888889,.NET 8.0.14
MultiSequenceLearning,S21,9,1052.9696151,41.29296875,2.401,7,88.88888888888889,.NET 8.0.14
MultiSequenceLearning,S22,9,1052.9696151,41.29296875,2.401,7,88.88888888888889,.NET 8.0.14
MultiSequenceLearning,S23,9,1052.9696151,41.29296875,2.401,7,88.88888888888889,.NET 8.0.14
MultiSequenceLearning,S24,9,1052.9696151,41.29296875,2.401,7,88.88888888888889,.NET 8.0.14
MultiSequenceLearning,S25,9,1052.9696151,41.29296875,2.401,7,88.88888888888889,.NET 8.0.14
MultiSequenceLearning,S26,9,1052.9696151,41.29296875,2.401,7,88.88888888888889,.NET 8.0.14
MultiSequenceLearning,S27,9,1052.9696151,41.29296875,2.401,7,88.88888888888889,.NET 8.0.14
MultiSequenceLearning,S28,9,1052.9696151,41.29296875,2.401,7,88.88888888888889,.NET 8.0.14
MultiSequenceLearning,S29,9,1052.9696151,41.29296875,2.401,7,88.88888888888889,.NET 8.0.14
MultiSequenceLearning,S30,9,1052.9696151,41.29296875,2.401,7,88.88888888888889,.NET 8.0.14
MultiSequenceLearning,S1,49,1052.9696151,41.29296875,2.401,7,100,.NET 8.0.14
MultiSequenceLearning,S2,49,1052.9696151,41.29296875,2.401,7,97.95918367346938,.NET 8.0.14
MultiSequenceLearning,S3,49,1052.9696151,41.29296875,2.401,7,97.95918367346938,.NET 8.0.14
MultiSequenceLearning,S4,9,1052.9696151,41.29296875,2.401,7,88.88888888888889,.NET 8.0.14
MultiSequenceLearning,S5,9,1052.9696151,41.29296875,2.401,7,88.88888888888889,.NET 8.0.14
MultiSequenceLearning,S6,9,1052.9696151,41.29296875,2.401,7,88.88888888888889,.NET 8.0.14
MultiSequenceLearning,S7,9,1052.9696151,41.29296875,2.401,7,88.88888888888889,.NET 8.0.14
MultiSequenceLearning,S8,9,1052.9696151,41.29296875,2.401,7,88.88888888888889,.NET 8.0.14
MultiSequenceLearning,S9,9,1052.9696151,41.29296875,2.401,7,88.88888888888889,.NET 8.0.14
MultiSequenceLearning,S10,9,1052.9696151,41.29296875,2.401,7,88.88888888888889,.NET 8.0.14
MultiSequenceLearning,S11,9,1052.9696151,41.29296875,2.401,7,88.88888888888889,.NET 8.0.14
MultiSequenceLearning,S12,9,1052.9696151,41.29296875,2.401,7,88.88888888888889,.NET 8.0.14
MultiSequenceLearning,S13,9,1052.9696151,41.29296875,2.401,7,88.88888888888889,.NET 8.0.14
MultiSequenceLearning,S14,9,1052.9696151,41.29296875,2.401,7,88.88888888888889,.NET 8.0.14
MultiSequenceLearning,S15,9,1052.9696151,41.29296875,2.401,7,88.88888888888889,.NET 8.0.14
MultiSequenceLearning,S16,9,1052.9696151,41.29296875,2.401,7,88.88888888888889,.NET 8.0.14
MultiSequenceLearning,S17,9,1052.9696151,41.29296875,2.401,7,88.88888888888889,.NET 8.0.14
MultiSequenceLearning,S18,9,1052.9696151,41.29296875,2.401,7,88.88888888888889,.NET 8.0.14
MultiSequenceLearning,S19,9,1052.9696151,41.29296875,2.401,7,88.88888888888889,.NET 8.0.14
MultiSequenceLearning,S20,9,1052.9696151,41.29296875,2.401,7,88.88888888888889,.NET 8.0.14
MultiSequenceLearning,S21,9,1052.9696151,41.29296875,2.401,7,88.88888888888889,.NET 8.0.14
MultiSequenceLearning,S22,9,1052.9696151,41.29296875,2.401,7,88.88888888888889,.NET 8.0.14
MultiSequenceLearning,S23,9,1052.9696151,41.29296875,2.401,7,88.88888888888889,.NET 8.0.14
MultiSequenceLearning,S24,9,1052.9696151,41.29296875,2.401,7,88.88888888888889,.NET 8.0.14
MultiSequenceLearning,S25,9,1052.9696151,41.29296875,2.401,7,88.88888888888889,.NET 8.0.14
MultiSequenceLearning,S26,9,1052.9696151,41.29296875,2.401,7,88.88888888888889,.NET 8.0.14
MultiSequenceLearning,S27,9,1052.9696151,41.29296875,2.401,7,88.88888888888889,.NET 8.0.14
MultiSequenceLearning,S28,9,1052.9696151,41.29296875,2.401,7,88.88888888888889,.NET 8.0.14
MultiSequenceLearning,S29,9,1052.9696151,41.29296875,2.401,7,88.88888888888889,.NET 8.0.14
MultiSequenceLearning,S30,9,1052.9696151,41.29296875,2.401,7,88.88888888888889,.NET 8.0.14
MultiSequenceLearning,S1,49,1052.9696151,41.29296875,2.401,7,100,.NET 8.0.14
MultiSequenceLearning,S2,49,1052.9696151,41.29296875,2.401,7,97.95918367346938,.NET 8.0.14
MultiSequenceLearning,S3,49,1052.9696151,41.29296875,2.401,7,97.95918367346938,.NET 8.0.14
MultiSequenceLearning,S4,9,1052.9696151,41.29296875,2.401,7,88.88888888888889,.NET 8.0.14
MultiSequenceLearning,S5,9,1052.9696151,41.29296875,2.401,7,88.88888888888889,.NET 8.0.14
MultiSequenceLearning,S6,9,1052.9696151,41.29296875,2.401,7,88.88888888888889,.NET 8.0.14
MultiSequenceLearning,S7,9,1052.9696151,41.29296875,2.401,7,88.88888888888889,.NET 8.0.14
MultiSequenceLearning,S8,9,1052.9696151,41.29296875,2.401,7,88.88888888888889,.NET 8.0.14
MultiSequenceLearning,S9,9,1052.9696151,41.29296875,2.401,7,88.88888888888889,.NET 8.0.14
MultiSequenceLearning,S10,9,1052.9696151,41.29296875,2.401,7,88.88888888888889,.NET 8.0.14
MultiSequenceLearning,S11,9,1052.9696151,41.29296875,2.401,7,88.88888888888889,.NET 8.0.14
MultiSequenceLearning,S12,9,1052.9696151,41.29296875,2.401,7,88.88888888888889,.NET 8.0.14
MultiSequenceLearning,S13,9,1052.9696151,41.29296875,2.401,7,88.88888888888889,.NET 8.0.14
MultiSequenceLearning,S14,9,1052.9696151,41.29296875,2.401,7,88.88888888888889,.NET 8.0.14
MultiSequenceLearning,S15,9,1052.9696151,41.29296875,2.401,7,88.88888888888889,.NET 8.0.14
MultiSequenceLearning,S16,9,1052.9696151,41.29296875,2.401,7,88.88888888888889,.NET 8.0.14
MultiSequenceLearning,S17,9,1052.9696151,41.29296875,2.401,7,88.88888888888889,.NET 8.0.14
MultiSequenceLearning,S18,9,1052.9696151,41.29296875,2.401,7,88.88888888888889,.NET 8.0.14
MultiSequenceLearning,S19,9,1052.9696151,41.29296875,2.401,7,88.88888888888889,.NET 8.0.14
MultiSequenceLearning,S20,9,1052.9696151,41.29296875,2.401,7,88.88888888888889,.NET 8.0.14
MultiSequenceLearning,S21,9,1052.9696151,41.29296875,2.401,7,88.88888888888889,.NET 8.0.14
MultiSequenceLearning,S22,9,1052.9696151,41.29296875,2.401,7,88.88888888888889,.NET 8.0.14
MultiSequenceLearning,S23,9,1052.9696151,41.29296875,2.401,7,88.88888888888889,.NET 8.0.14
MultiSequenceLearning,S24,9,1052.9696151,41.29296875,2.401,7,88.88888888888889,.NET 8.0.14
MultiSequenceLearning,S25,9,1052.9696151,41.29296875,2.401,7,88.88888888888889,.NET 8.0.14
MultiSequenceLearning,S26,9,1052.9696151,41.29296875,2.401,7,88.88888888888889,.NET 8.0.14
MultiSequenceLearning,S27,9,1052.9696151,41.29296875,2.401,7,88.88888888888889,.NET 8.0.14
MultiSequenceLearning,S28,9,1052.9696151,41.29296875,2.401,7,88.88888888888889,.NET 8.0.14
MultiSequenceLearning,S29,9,1052.9696151,41.29296875,2.401,7,88.88888888888889,.NET 8.0.14
MultiSequenceLearning,S30,9,1052.9696151,41.29296875,2.401,7,88.88888888888889,.NET 8.0.14
MultiSequenceLearning,S1,49,1052.9696151,41.29296875,2.401,7,100,.NET 8.0.14
MultiSequenceLearning,S2,49,1052.9696151,41.29296875,2.401,7,97.95918367346938,.NET 8.0.14
MultiSequenceLearning,S3,49,1052.9696151,41.29296875,2.401,7,97.95918367346938,.NET 8.0.14
MultiSequenceLearning,S4,9,1052.9696151,41.29296875,2.401,7,88.88888888888889,.NET 8.0.14
MultiSequenceLearning,S5,9,1052.9696151,41.29296875,2.401,7,88.88888888888889,.NET 8.0.14
MultiSequenceLearning,S6,9,1052.9696151,41.29296875,2.401,7,88.88888888888889,.NET 8.0.14
MultiSequenceLearning,S7,9,1052.9696151,41.29296875,2.401,7,88.88888888888889,.NET 8.0.14
MultiSequenceLearning,S8,9,1052.9696151,41.29296875,2.401,7,88.88888888888889,.NET 8.0.14
MultiSequenceLearning,S9,9,1052.9696151,41.29296875,2.401,7,88.88888888888889,.NET 8.0.14
MultiSequenceLearning,S10,9,1052.9696151,41.29296875,2.401,7,88.88888888888889,.NET 8.0.14
MultiSequenceLearning,S11,9,1052.9696151,41.29296875,2.401,7,88.88888888888889,.NET 8.0.14
MultiSequenceLearning,S12,9,1052.9696151,41.29296875,2.401,7,88.88888888888889,.NET 8.0.14
MultiSequenceLearning,S13,9,1052.9696151,41.29296875,2.401,7,88.88888888888889,.NET 8.0.14
MultiSequenceLearning,S14,9,1052.9696151,41.29296875,2.401,7,88.88888888888889,.NET 8.0.14
MultiSequenceLearning,S15,9,1052.9696151,41.29296875,2.401,7,88.88888888888889,.NET 8.0.14
MultiSequenceLearning,S16,9,1052.9696151,41.29296875,2.401,7,88.88888888888889,.NET 8.0.14
MultiSequenceLearning,S17,9,1052.9696151,41.29296875,2.401,7,88.88888888888889,.NET 8.0.14
MultiSequenceLearning,S18,9,1052.9696151,41.29296875,2.401,7,88.88888888888889,.NET 8.0.14
MultiSequenceLearning,S19,9,1052.9696151,41.29296875,2.401,7,88.88888888888889,.NET 8.0.14
MultiSequenceLearning,S20,9,1052.9696151,41.29296875,2.401,7,88.88888888888889,.NET 8.0.14
MultiSequenceLearning,S21,9,1052.9696151,41.29296875,2.401,7,88.88888888888889,.NET 8.0.14
MultiSequenceLearning,S22,9,1052.9696151,41.29296875,2.401,7,88.88888888888889,.NET 8.0.14
MultiSequenceLearning,S23,9,1052.9696151,41.29296875,2.401,7,88.88888888888889,.NET 8.0.14
MultiSequenceLearning,S24,9,1052.9696151,41.29296875,2.401,7,88.88888888888889,.NET 8.0.14
MultiSequenceLearning,S25,9,1052.9696151,41.29296875,2.401,7,88.88888888888889,.NET 8.0.14
MultiSequenceLearning,S26,9,1052.9696151,41.29296875,2.401,7,88.88888888888889,.NET 8.0.14
MultiSequenceLearning,S27,9,1052.9696151,41.29296875,2.401,7,88.88888888888889,.NET 8.0.14
MultiSequenceLearning,S28,9,1052.9696151,41.29296875,2.401,7,88.88888888888889,.NET 8.0.14
MultiSequenceLearning,S29,9,1052.9696151,41.29296875,2.401,7,88.88888888888889,.NET 8.0.14
MultiSequenceLearning,S30,9,1052.9696151,41.29296875,2.401,7,88.88888888888889,.NET 8.0.14
MultiSequenceLearning,S1,49,1594.8035778,42.671875,2.401,7,100,.NET 8.0.14
MultiSequenceLearning,S2,49,1594.8035778,42.671875,2.401,7,97.95918367346938,.NET 8.0.14
MultiSequenceLearning,S3,49,1594.8035778,42.671875,2.401,7,97.95918367346938,.NET 8.0.14
MultiSequenceLearning,S4,9,1594.8035778,42.671875,2.401,7,88.88888888888889,.NET 8.0.14
MultiSequenceLearning,S5,9,1594.8035778,42.671875,2.401,7,88.88888888888889,.NET 8.0.14
MultiSequenceLearning,S6,9,1594.8035778,42.671875,2.401,7,88.88888888888889,.NET 8.0.14
MultiSequenceLearning,S7,9,1594.8035778,42.671875,2.401,7,88.88888888888889,.NET 8.0.14
MultiSequenceLearning,S8,9,1594.8035778,42.671875,2.401,7,88.88888888888889,.NET 8.0.14
MultiSequenceLearning,S9,9,1594.8035778,42.671875,2.401,7,88.88888888888889,.NET 8.0.14
MultiSequenceLearning,S10,9,1594.8035778,42.671875,2.401,7,88.88888888888889,.NET 8.0.14
MultiSequenceLearning,S11,9,1594.8035778,42.671875,2.401,7,88.88888888888889,.NET 8.0.14
MultiSequenceLearning,S12,9,1594.8035778,42.671875,2.401,7,88.88888888888889,.NET 8.0.14
MultiSequenceLearning,S13,9,1594.8035778,42.671875,2.401,7,88.88888888888889,.NET 8.0.14
MultiSequenceLearning,S14,9,1594.8035778,42.671875,2.401,7,88.88888888888889,.NET 8.0.14
MultiSequenceLearning,S15,9,1594.8035778,42.671875,2.401,7,88.88888888888889,.NET 8.0.14
MultiSequenceLearning,S16,9,1594.8035778,42.671875,2.401,7,88.88888888888889,.NET 8.0.14
MultiSequenceLearning,S17,9,1594.8035778,42.671875,2.401,7,88.88888888888889,.NET 8.0.14
MultiSequenceLearning,S18,9,1594.8035778,42.671875,2.401,7,88.88888888888889,.NET 8.0.14
MultiSequenceLearning,S19,9,1594.8035778,42.671875,2.401,7,88.88888888888889,.NET 8.0.14
MultiSequenceLearning,S20,9,1594.8035778,42.671875,2.401,7,88.88888888888889,.NET 8.0.14
MultiSequenceLearning,S21,9,1594.8035778,42.671875,2.401,7,88.88888888888889,.NET 8.0.14
MultiSequenceLearning,S22,9,1594.8035778,42.671875,2.401,7,88.88888888888889,.NET 8.0.14
MultiSequenceLearning,S23,9,1594.8035778,42.671875,2.401,7,88.88888888888889,.NET 8.0.14
MultiSequenceLearning,S24,9,1594.8035778,42.671875,2.401,7,88.88888888888889,.NET 8.0.14
MultiSequenceLearning,S25,9,1594.8035778,42.671875,2.401,7,88.88888888888889,.NET 8.0.14
MultiSequenceLearning,S26,9,1594.8035778,42.671875,2.401,7,88.88888888888889,.NET 8.0.14
MultiSequenceLearning,S27,9,1594.8035778,42.671875,2.401,7,88.88888888888889,.NET 8.0.14
MultiSequenceLearning,S28,9,1594.8035778,42.671875,2.401,7,88.88888888888889,.NET 8.0.14
MultiSequenceLearning,S29,9,1594.8035778,42.671875,2.401,7,88.88888888888889,.NET 8.0.14
MultiSequenceLearning,S30,9,1594.8035778,42.671875,2.401,7,88.88888888888889,.NET 8.0.14
MultiSequenceLearning,S1,49,1594.8035778,42.671875,2.401,7,100,.NET 8.0.14
MultiSequenceLearning,S2,49,1594.8035778,42.671875,2.401,7,97.95918367346938,.NET 8.0.14
MultiSequenceLearning,S3,49,1594.8035778,42.671875,2.401,7,97.95918367346938,.NET 8.0.14
MultiSequenceLearning,S4,9,1594.8035778,42.671875,2.401,7,88.88888888888889,.NET 8.0.14
MultiSequenceLearning,S5,9,1594.8035778,42.671875,2.401,7,88.88888888888889,.NET 8.0.14
MultiSequenceLearning,S6,9,1594.8035778,42.671875,2.401,7,88.88888888888889,.NET 8.0.14
MultiSequenceLearning,S7,9,1594.8035778,42.671875,2.401,7,88.88888888888889,.NET 8.0.14
MultiSequenceLearning,S8,9,1594.8035778,42.671875,2.401,7,88.88888888888889,.NET 8.0.14
MultiSequenceLearning,S9,9,1594.8035778,42.671875,2.401,7,88.88888888888889,.NET 8.0.14
MultiSequenceLearning,S10,9,1594.8035778,42.671875,2.401,7,88.88888888888889,.NET 8.0.14
MultiSequenceLearning,S11,9,1594.8035778,42.671875,2.401,7,88.88888888888889,.NET 8.0.14
MultiSequenceLearning,S12,9,1594.8035778,42.671875,2.401,7,88.88888888888889,.NET 8.0.14
MultiSequenceLearning,S13,9,1594.8035778,42.671875,2.401,7,88.88888888888889,.NET 8.0.14
MultiSequenceLearning,S14,9,1594.8035778,42.671875,2.401,7,88.88888888888889,.NET 8.0.14
MultiSequenceLearning,S15,9,1594.8035778,42.671875,2.401,7,88.88888888888889,.NET 8.0.14
MultiSequenceLearning,S16,9,1594.8035778,42.671875,2.401,7,88.88888888888889,.NET 8.0.14
MultiSequenceLearning,S17,9,1594.8035778,42.671875,2.401,7,88.88888888888889,.NET 8.0.14
MultiSequenceLearning,S18,9,1594.8035778,42.671875,2.401,7,88.88888888888889,.NET 8.0.14
MultiSequenceLearning,S19,9,1594.8035778,42.671875,2.401,7,88.88888888888889,.NET 8.0.14
MultiSequenceLearning,S20,9,1594.8035778,42.671875,2.401,7,88.88888888888889,.NET 8.0.14
MultiSequenceLearning,S21,9,1594.8035778,42.671875,2.401,7,88.88888888888889,.NET 8.0.14
MultiSequenceLearning,S22,9,1594.8035778,42.671875,2.401,7,88.88888888888889,.NET 8.0.14
MultiSequenceLearning,S23,9,1594.8035778,42.671875,2.401,7,88.88888888888889,.NET 8.0.14
MultiSequenceLearning,S24,9,1594.8035778,42.671875,2.401,7,88.88888888888889,.NET 8.0.14
MultiSequenceLearning,S25,9,1594.8035778,42.671875,2.401,7,88.88888888888889,.NET 8.0.14
MultiSequenceLearning,S26,9,1594.8035778,42.671875,2.401,7,88.88888888888889,.NET 8.0.14
MultiSequenceLearning,S27,9,1594.8035778,42.671875,2.401,7,88.88888888888889,.NET 8.0.14
MultiSequenceLearning,S28,9,1594.8035778,42.671875,2.401,7,88.88888888888889,.NET 8.0.14
MultiSequenceLearning,S29,9,1594.8035778,42.671875,2.401,7,88.88888888888889,.NET 8.0.14
MultiSequenceLearning,S30,9,1594.8035778,42.671875,2.401,7,88.88888888888889,.NET 8.0.14
MultiSequenceLearning,S1,49,1594.8035778,42.671875,2.401,7,100,.NET 8.0.14
MultiSequenceLearning,S2,49,1594.8035778,42.671875,2.401,7,97.95918367346938,.NET 8.0.14
MultiSequenceLearning,S3,49,1594.8035778,42.671875,2.401,7,97.95918367346938,.NET 8.0.14
MultiSequenceLearning,S4,9,1594.8035778,42.671875,2.401,7,88.88888888888889,.NET 8.0.14
MultiSequenceLearning,S5,9,1594.8035778,42.671875,2.401,7,88.88888888888889,.NET 8.0.14
MultiSequenceLearning,S6,9,1594.8035778,42.671875,2.401,7,88.88888888888889,.NET 8.0.14
MultiSequenceLearning,S7,9,1594.8035778,42.671875,2.401,7,88.88888888888889,.NET 8.0.14
MultiSequenceLearning,S8,9,1594.8035778,42.671875,2.401,7,88.88888888888889,.NET 8.0.14
MultiSequenceLearning,S9,9,1594.8035778,42.671875,2.401,7,88.88888888888889,.NET 8.0.14
MultiSequenceLearning,S10,9,1594.8035778,42.671875,2.401,7,88.88888888888889,.NET 8.0.14
MultiSequenceLearning,S11,9,1594.8035778,42.671875,2.401,7,88.88888888888889,.NET 8.0.14
MultiSequenceLearning,S12,9,1594.8035778,42.671875,2.401,7,88.88888888888889,.NET 8.0.14
MultiSequenceLearning,S13,9,1594.8035778,42.671875,2.401,7,88.88888888888889,.NET 8.0.14
MultiSequenceLearning,S14,9,1594.8035778,42.671875,2.401,7,88.88888888888889,.NET 8.0.14
MultiSequenceLearning,S15,9,1594.8035778,42.671875,2.401,7,88.88888888888889,.NET 8.0.14
MultiSequenceLearning,S16,9,1594.8035778,42.671875,2.401,7,88.88888888888889,.NET 8.0.14
MultiSequenceLearning,S17,9,1594.8035778,42.671875,2.401,7,88.88888888888889,.NET 8.0.14
MultiSequenceLearning,S18,9,1594.8035778,42.671875,2.401,7,88.88888888888889,.NET 8.0.14
MultiSequenceLearning,S19,9,1594.8035778,42.671875,2.401,7,88.88888888888889,.NET 8.0.14
MultiSequenceLearning,S20,9,1594.8035778,42.671875,2.401,7,88.88888888888889,.NET 8.0.14
MultiSequenceLearning,S21,9,1594.8035778,42.671875,2.401,7,88.88888888888889,.NET 8.0.14
MultiSequenceLearning,S22,9,1594.8035778,42.671875,2.401,7,88.88888888888889,.NET 8.0.14
MultiSequenceLearning,S23,9,1594.8035778,42.671875,2.401,7,88.88888888888889,.NET 8.0.14
MultiSequenceLearning,S24,9,1594.8035778,42.671875,2.401,7,88.88888888888889,.NET 8.0.14
MultiSequenceLearning,S25,9,1594.8035778,42.671875,2.401,7,88.88888888888889,.NET 8.0.14
MultiSequenceLearning,S26,9,1594.8035778,42.671875,2.401,7,88.88888888888889,.NET 8.0.14
MultiSequenceLearning,S27,9,1594.8035778,42.671875,2.401,7,88.88888888888889,.NET 8.0.14
MultiSequenceLearning,S28,9,1594.8035778,42.671875,2.401,7,88.88888888888889,.NET 8.0.14
MultiSequenceLearning,S29,9,1594.8035778,42.671875,2.401,7,88.88888888888889,.NET 8.0.14
MultiSequenceLearning,S30,9,1594.8035778,42.671875,2.401,7,88.88888888888889,.NET 8.0.14
MultiSequenceLearning,S1,49,1594.8035778,42.671875,2.401,7,100,.NET 8.0.14
MultiSequenceLearning,S2,49,1594.8035778,42.671875,2.401,7,97.95918367346938,.NET 8.0.14
MultiSequenceLearning,S3,49,1594.8035778,42.671875,2.401,7,97.95918367346938,.NET 8.0.14
MultiSequenceLearning,S4,9,1594.8035778,42.671875,2.401,7,88.88888888888889,.NET 8.0.14
MultiSequenceLearning,S5,9,1594.8035778,42.671875,2.401,7,88.88888888888889,.NET 8.0.14
MultiSequenceLearning,S6,9,1594.8035778,42.671875,2.401,7,88.88888888888889,.NET 8.0.14
MultiSequenceLearning,S7,9,1594.8035778,42.671875,2.401,7,88.88888888888889,.NET 8.0.14
MultiSequenceLearning,S8,9,1594.8035778,42.671875,2.401,7,88.88888888888889,.NET 8.0.14
MultiSequenceLearning,S9,9,1594.8035778,42.671875,2.401,7,88.88888888888889,.NET 8.0.14
MultiSequenceLearning,S10,9,1594.8035778,42.671875,2.401,7,88.88888888888889,.NET 8.0.14
MultiSequenceLearning,S11,9,1594.8035778,42.671875,2.401,7,88.88888888888889,.NET 8.0.14
MultiSequenceLearning,S12,9,1594.8035778,42.671875,2.401,7,88.88888888888889,.NET 8.0.14
MultiSequenceLearning,S13,9,1594.8035778,42.671875,2.401,7,88.88888888888889,.NET 8.0.14
MultiSequenceLearning,S14,9,1594.8035778,42.671875,2.401,7,88.88888888888889,.NET 8.0.14
MultiSequenceLearning,S15,9,1594.8035778,42.671875,2.401,7,88.88888888888889,.NET 8.0.14
MultiSequenceLearning,S16,9,1594.8035778,42.671875,2.401,7,88.88888888888889,.NET 8.0.14
MultiSequenceLearning,S17,9,1594.8035778,42.671875,2.401,7,88.88888888888889,.NET 8.0.14
MultiSequenceLearning,S18,9,1594.8035778,42.671875,2.401,7,88.88888888888889,.NET 8.0.14
MultiSequenceLearning,S19,9,1594.8035778,42.671875,2.401,7,88.88888888888889,.NET 8.0.14
MultiSequenceLearning,S20,9,1594.8035778,42.671875,2.401,7,88.88888888888889,.NET 8.0.14
MultiSequenceLearning,S21,9,1594.8035778,42.671875,2.401,7,88.88888888888889,.NET 8.0.14
MultiSequenceLearning,S22,9,1594.8035778,42.671875,2.401,7,88.88888888888889,.NET 8.0.14
MultiSequenceLearning,S23,9,1594.8035778,42.671875,2.401,7,88.88888888888889,.NET 8.0.14
MultiSequenceLearning,S24,9,1594.8035778,42.671875,2.401,7,88.88888888888889,.NET 8.0.14
MultiSequenceLearning,S25,9,1594.8035778,42.671875,2.401,7,88.88888888888889,.NET 8.0.14
MultiSequenceLearning,S26,9,1594.8035778,42.671875,2.401,7,88.88888888888889,.NET 8.0.14
MultiSequenceLearning,S27,9,1594.8035778,42.671875,2.401,7,88.88888888888889,.NET 8.0.14
MultiSequenceLearning,S28,9,1594.8035778,42.671875,2.401,7,88.88888888888889,.NET 8.0.14
MultiSequenceLearning,S29,9,1594.8035778,42.671875,2.401,7,88.88888888888889,.NET 8.0.14
MultiSequenceLearning,S30,9,1594.8035778,42.671875,2.401,7,88.88888888888889,.NET 8.0.14
MultiSequenceLearning,S1,49,938.4277038,38.76953125,2.401,7,100,.NET 8.0.14
MultiSequenceLearning,S2,49,938.4277038,38.76953125,2.401,7,97.95918367346938,.NET 8.0.14
MultiSequenceLearning,S3,49,938.4277038,38.76953125,2.401,7,97.95918367346938,.NET 8.0.14
MultiSequenceLearning,S4,9,938.4277038,38.76953125,2.401,7,88.88888888888889,.NET 8.0.14
MultiSequenceLearning,S5,9,938.4277038,38.76953125,2.401,7,88.88888888888889,.NET 8.0.14
MultiSequenceLearning,S6,9,938.4277038,38.76953125,2.401,7,88.88888888888889,.NET 8.0.14
MultiSequenceLearning,S7,9,938.4277038,38.76953125,2.401,7,88.88888888888889,.NET 8.0.14
MultiSequenceLearning,S8,9,938.4277038,38.76953125,2.401,7,88.88888888888889,.NET 8.0.14
MultiSequenceLearning,S9,9,938.4277038,38.76953125,2.401,7,88.88888888888889,.NET 8.0.14
MultiSequenceLearning,S10,9,938.4277038,38.76953125,2.401,7,88.88888888888889,.NET 8.0.14
MultiSequenceLearning,S11,9,938.4277038,38.76953125,2.401,7,88.88888888888889,.NET 8.0.14
MultiSequenceLearning,S12,9,938.4277038,38.76953125,2.401,7,88.88888888888889,.NET 8.0.14
MultiSequenceLearning,S13,9,938.4277038,38.76953125,2.401,7,88.88888888888889,.NET 8.0.14
MultiSequenceLearning,S14,9,938.4277038,38.76953125,2.401,7,88.88888888888889,.NET 8.0.14
MultiSequenceLearning,S15,9,938.4277038,38.76953125,2.401,7,88.88888888888889,.NET 8.0.14
MultiSequenceLearning,S16,9,938.4277038,38.76953125,2.401,7,88.88888888888889,.NET 8.0.14
MultiSequenceLearning,S17,9,938.4277038,38.76953125,2.401,7,88.88888888888889,.NET 8.0.14
MultiSequenceLearning,S18,9,938.4277038,38.76953125,2.401,7,88.88888888888889,.NET 8.0.14
MultiSequenceLearning,S19,9,938.4277038,38.76953125,2.401,7,88.88888888888889,.NET 8.0.14
MultiSequenceLearning,S20,9,938.4277038,38.76953125,2.401,7,88.88888888888889,.NET 8.0.14
MultiSequenceLearning,S21,9,938.4277038,38.76953125,2.401,7,88.88888888888889,.NET 8.0.14
MultiSequenceLearning,S22,9,938.4277038,38.76953125,2.401,7,88.88888888888889,.NET 8.0.14
MultiSequenceLearning,S23,9,938.4277038,38.76953125,2.401,7,88.88888888888889,.NET 8.0.14
MultiSequenceLearning,S24,9,938.4277038,38.76953125,2.401,7,88.88888888888889,.NET 8.0.14
MultiSequenceLearning,S25,9,938.4277038,38.76953125,2.401,7,88.88888888888889,.NET 8.0.14
MultiSequenceLearning,S26,9,938.4277038,38.76953125,2.401,7,88.88888888888889,.NET 8.0.14
MultiSequenceLearning,S27,9,938.4277038,38.76953125,2.401,7,88.88888888888889,.NET 8.0.14
MultiSequenceLearning,S28,9,938.4277038,38.76953125,2.401,7,88.88888888888889,.NET 8.0.14
MultiSequenceLearning,S29,9,938.4277038,38.76953125,2.401,7,88.88888888888889,.NET 8.0.14
MultiSequenceLearning,S30,9,938.4277038,38.76953125,2.401,7,88.88888888888889,.NET 8.0.14
MultiSequenceLearning,S1,49,938.4277038,38.76953125,2.401,7,100,.NET 8.0.14
MultiSequenceLearning,S2,49,938.4277038,38.76953125,2.401,7,97.95918367346938,.NET 8.0.14
MultiSequenceLearning,S3,49,938.4277038,38.76953125,2.401,7,97.95918367346938,.NET 8.0.14
MultiSequenceLearning,S4,9,938.4277038,38.76953125,2.401,7,88.88888888888889,.NET 8.0.14
MultiSequenceLearning,S5,9,938.4277038,38.76953125,2.401,7,88.88888888888889,.NET 8.0.14
MultiSequenceLearning,S6,9,938.4277038,38.76953125,2.401,7,88.88888888888889,.NET 8.0.14
MultiSequenceLearning,S7,9,938.4277038,38.76953125,2.401,7,88.88888888888889,.NET 8.0.14
MultiSequenceLearning,S8,9,938.4277038,38.76953125,2.401,7,88.88888888888889,.NET 8.0.14
MultiSequenceLearning,S9,9,938.4277038,38.76953125,2.401,7,88.88888888888889,.NET 8.0.14
MultiSequenceLearning,S10,9,938.4277038,38.76953125,2.401,7,88.88888888888889,.NET 8.0.14
MultiSequenceLearning,S11,9,938.4277038,38.76953125,2.401,7,88.88888888888889,.NET 8.0.14
MultiSequenceLearning,S12,9,938.4277038,38.76953125,2.401,7,88.88888888888889,.NET 8.0.14
MultiSequenceLearning,S13,9,938.4277038,38.76953125,2.401,7,88.88888888888889,.NET 8.0.14
MultiSequenceLearning,S14,9,938.4277038,38.76953125,2.401,7,88.88888888888889,.NET 8.0.14
MultiSequenceLearning,S15,9,938.4277038,38.76953125,2.401,7,88.88888888888889,.NET 8.0.14
MultiSequenceLearning,S16,9,938.4277038,38.76953125,2.401,7,88.88888888888889,.NET 8.0.14
MultiSequenceLearning,S17,9,938.4277038,38.76953125,2.401,7,88.88888888888889,.NET 8.0.14
MultiSequenceLearning,S18,9,938.4277038,38.76953125,2.401,7,88.88888888888889,.NET 8.0.14
MultiSequenceLearning,S19,9,938.4277038,38.76953125,2.401,7,88.88888888888889,.NET 8.0.14
MultiSequenceLearning,S20,9,938.4277038,38.76953125,2.401,7,88.88888888888889,.NET 8.0.14
MultiSequenceLearning,S21,9,938.4277038,38.76953125,2.401,7,88.88888888888889,.NET 8.0.14
MultiSequenceLearning,S22,9,938.4277038,38.76953125,2.401,7,88.88888888888889,.NET 8.0.14
MultiSequenceLearning,S23,9,938.4277038,38.76953125,2.401,7,88.88888888888889,.NET 8.0.14
MultiSequenceLearning,S24,9,938.4277038,38.76953125,2.401,7,88.88888888888889,.NET 8.0.14
MultiSequenceLearning,S25,9,938.4277038,38.76953125,2.401,7,88.88888888888889,.NET 8.0.14
MultiSequenceLearning,S26,9,938.4277038,38.76953125,2.401,7,88.88888888888889,.NET 8.0.14
MultiSequenceLearning,S27,9,938.4277038,38.76953125,2.401,7,88.88888888888889,.NET 8.0.14
MultiSequenceLearning,S28,9,938.4277038,38.76953125,2.401,7,88.88888888888889,.NET 8.0.14
MultiSequenceLearning,S29,9,938.4277038,38.76953125,2.401,7,88.88888888888889,.NET 8.0.14
MultiSequenceLearning,S30,9,938.4277038,38.76953125,2.401,7,88.88888888888889,.NET 8.0.14
MultiSequenceLearning,S1,49,938.4277038,38.76953125,2.401,7,100,.NET 8.0.14
MultiSequenceLearning,S2,49,938.4277038,38.76953125,2.401,7,97.95918367346938,.NET 8.0.14
MultiSequenceLearning,S3,49,938.4277038,38.76953125,2.401,7,97.95918367346938,.NET 8.0.14
MultiSequenceLearning,S4,9,938.4277038,38.76953125,2.401,7,88.88888888888889,.NET 8.0.14
MultiSequenceLearning,S5,9,938.4277038,38.76953125,2.401,7,88.88888888888889,.NET 8.0.14
MultiSequenceLearning,S6,9,938.4277038,38.76953125,2.401,7,88.88888888888889,.NET 8.0.14
MultiSequenceLearning,S7,9,938.4277038,38.76953125,2.401,7,88.88888888888889,.NET 8.0.14
MultiSequenceLearning,S8,9,938.4277038,38.76953125,2.401,7,88.88888888888889,.NET 8.0.14
MultiSequenceLearning,S9,9,938.4277038,38.76953125,2.401,7,88.88888888888889,.NET 8.0.14
MultiSequenceLearning,S10,9,938.4277038,38.76953125,2.401,7,88.88888888888889,.NET 8.0.14
MultiSequenceLearning,S11,9,938.4277038,38.76953125,2.401,7,88.88888888888889,.NET 8.0.14
MultiSequenceLearning,S12,9,938.4277038,38.76953125,2.401,7,88.88888888888889,.NET 8.0.14
MultiSequenceLearning,S13,9,938.4277038,38.76953125,2.401,7,88.88888888888889,.NET 8.0.14
MultiSequenceLearning,S14,9,938.4277038,38.76953125,2.401,7,88.88888888888889,.NET 8.0.14
MultiSequenceLearning,S15,9,938.4277038,38.76953125,2.401,7,88.88888888888889,.NET 8.0.14
MultiSequenceLearning,S16,9,938.4277038,38.76953125,2.401,7,88.88888888888889,.NET 8.0.14
MultiSequenceLearning,S17,9,938.4277038,38.76953125,2.401,7,88.88888888888889,.NET 8.0.14
MultiSequenceLearning,S18,9,938.4277038,38.76953125,2.401,7,88.88888888888889,.NET 8.0.14
MultiSequenceLearning,S19,9,938.4277038,38.76953125,2.401,7,88.88888888888889,.NET 8.0.14
MultiSequenceLearning,S20,9,938.4277038,38.76953125,2.401,7,88.88888888888889,.NET 8.0.14
MultiSequenceLearning,S21,9,938.4277038,38.76953125,2.401,7,88.88888888888889,.NET 8.0.14
MultiSequenceLearning,S22,9,938.4277038,38.76953125,2.401,7,88.88888888888889,.NET 8.0.14
MultiSequenceLearning,S23,9,938.4277038,38.76953125,2.401,7,88.88888888888889,.NET 8.0.14
MultiSequenceLearning,S24,9,938.4277038,38.76953125,2.401,7,88.88888888888889,.NET 8.0.14
MultiSequenceLearning,S25,9,938.4277038,38.76953125,2.401,7,88.88888888888889,.NET 8.0.14
MultiSequenceLearning,S26,9,938.4277038,38.76953125,2.401,7,88.88888888888889,.NET 8.0.14
MultiSequenceLearning,S27,9,938.4277038,38.76953125,2.401,7,88.88888888888889,.NET 8.0.14
MultiSequenceLearning,S28,9,938.4277038,38.76953125,2.401,7,88.88888888888889,.NET 8.0.14
MultiSequenceLearning,S29,9,938.4277038,38.76953125,2.401,7,88.88888888888889,.NET 8.0.14
MultiSequenceLearning,S30,9,938.4277038,38.76953125,2.401,7,88.88888888888889,.NET 8.0.14
MultiSequenceLearning,S1,49,938.4277038,38.76953125,2.401,7,100,.NET 8.0.14
MultiSequenceLearning,S2,49,938.4277038,38.76953125,2.401,7,97.95918367346938,.NET 8.0.14
MultiSequenceLearning,S3,49,938.4277038,38.76953125,2.401,7,97.95918367346938,.NET 8.0.14
MultiSequenceLearning,S4,9,938.4277038,38.76953125,2.401,7,88.88888888888889,.NET 8.0.14
MultiSequenceLearning,S5,9,938.4277038,38.76953125,2.401,7,88.88888888888889,.NET 8.0.14
MultiSequenceLearning,S6,9,938.4277038,38.76953125,2.401,7,88.88888888888889,.NET 8.0.14
MultiSequenceLearning,S7,9,938.4277038,38.76953125,2.401,7,88.88888888888889,.NET 8.0.14
MultiSequenceLearning,S8,9,938.4277038,38.76953125,2.401,7,88.88888888888889,.NET 8.0.14
MultiSequenceLearning,S9,9,938.4277038,38.76953125,2.401,7,88.88888888888889,.NET 8.0.14
MultiSequenceLearning,S10,9,938.4277038,38.76953125,2.401,7,88.88888888888889,.NET 8.0.14
MultiSequenceLearning,S11,9,938.4277038,38.76953125,2.401,7,88.88888888888889,.NET 8.0.14
MultiSequenceLearning,S12,9,938.4277038,38.76953125,2.401,7,88.88888888888889,.NET 8.0.14
MultiSequenceLearning,S13,9,938.4277038,38.76953125,2.401,7,88.88888888888889,.NET 8.0.14
MultiSequenceLearning,S14,9,938.4277038,38.76953125,2.401,7,88.88888888888889,.NET 8.0.14
MultiSequenceLearning,S15,9,938.4277038,38.76953125,2.401,7,88.88888888888889,.NET 8.0.14
MultiSequenceLearning,S16,9,938.4277038,38.76953125,2.401,7,88.88888888888889,.NET 8.0.14
MultiSequenceLearning,S17,9,938.4277038,38.76953125,2.401,7,88.88888888888889,.NET 8.0.14
MultiSequenceLearning,S18,9,938.4277038,38.76953125,2.401,7,88.88888888888889,.NET 8.0.14
MultiSequenceLearning,S19,9,938.4277038,38.76953125,2.401,7,88.88888888888889,.NET 8.0.14
MultiSequenceLearning,S20,9,938.4277038,38.76953125,2.401,7,88.88888888888889,.NET 8.0.14
MultiSequenceLearning,S21,9,938.4277038,38.76953125,2.401,7,88.88888888888889,.NET 8.0.14
MultiSequenceLearning,S22,9,938.4277038,38.76953125,2.401,7,88.88888888888889,.NET 8.0.14
MultiSequenceLearning,S23,9,938.4277038,38.76953125,2.401,7,88.88888888888889,.NET 8.0.14
MultiSequenceLearning,S24,9,938.4277038,38.76953125,2.401,7,88.88888888888889,.NET 8.0.14
MultiSequenceLearning,S25,9,938.4277038,38.76953125,2.401,7,88.88888888888889,.NET 8.0.14
MultiSequenceLearning,S26,9,938.4277038,38.76953125,2.401,7,88.88888888888889,.NET 8.0.14
MultiSequenceLearning,S27,9,938.4277038,38.76953125,2.401,7,88.88888888888889,.NET 8.0.14
MultiSequenceLearning,S28,9,938.4277038,38.76953125,2.401,7,88.88888888888889,.NET 8.0.14
MultiSequenceLearning,S29,9,938.4277038,38.76953125,2.401,7,88.88888888888889,.NET 8.0.14
MultiSequenceLearning,S30,9,938.4277038,38.76953125,2.401,7,88.88888888888889,.NET 8.0.14
MultiSequenceLearning,S1,49,4267.4342457,34.6484375,2.401,6,100,.NET 8.0.14
MultiSequenceLearning,S2,49,4267.4342457,34.6484375,2.401,6,97.95918367346938,.NET 8.0.14
MultiSequenceLearning,S3,49,4267.4342457,34.6484375,2.401,6,97.95918367346938,.NET 8.0.14
MultiSequenceLearning,S4,9,4267.4342457,34.6484375,2.401,6,88.88888888888889,.NET 8.0.14
MultiSequenceLearning,S5,9,4267.4342457,34.6484375,2.401,6,88.88888888888889,.NET 8.0.14
MultiSequenceLearning,S6,9,4267.4342457,34.6484375,2.401,6,88.88888888888889,.NET 8.0.14
MultiSequenceLearning,S7,9,4267.4342457,34.6484375,2.401,6,88.88888888888889,.NET 8.0.14
MultiSequenceLearning,S8,9,4267.4342457,34.6484375,2.401,6,88.88888888888889,.NET 8.0.14
MultiSequenceLearning,S9,9,4267.4342457,34.6484375,2.401,6,88.88888888888889,.NET 8.0.14
MultiSequenceLearning,S10,9,4267.4342457,34.6484375,2.401,6,88.88888888888889,.NET 8.0.14
MultiSequenceLearning,S11,9,4267.4342457,34.6484375,2.401,6,88.88888888888889,.NET 8.0.14
MultiSequenceLearning,S12,9,4267.4342457,34.6484375,2.401,6,88.88888888888889,.NET 8.0.14
MultiSequenceLearning,S13,9,4267.4342457,34.6484375,2.401,6,88.88888888888889,.NET 8.0.14
MultiSequenceLearning,S14,9,4267.4342457,34.6484375,2.401,6,88.88888888888889,.NET 8.0.14
MultiSequenceLearning,S15,9,4267.4342457,34.6484375,2.401,6,88.88888888888889,.NET 8.0.14
MultiSequenceLearning,S16,9,4267.4342457,34.6484375,2.401,6,88.88888888888889,.NET 8.0.14
MultiSequenceLearning,S17,9,4267.4342457,34.6484375,2.401,6,88.88888888888889,.NET 8.0.14
MultiSequenceLearning,S18,9,4267.4342457,34.6484375,2.401,6,88.88888888888889,.NET 8.0.14
MultiSequenceLearning,S19,9,4267.4342457,34.6484375,2.401,6,88.88888888888889,.NET 8.0.14
MultiSequenceLearning,S20,9,4267.4342457,34.6484375,2.401,6,88.88888888888889,.NET 8.0.14
MultiSequenceLearning,S21,9,4267.4342457,34.6484375,2.401,6,88.88888888888889,.NET 8.0.14
MultiSequenceLearning,S22,9,4267.4342457,34.6484375,2.401,6,88.88888888888889,.NET 8.0.14
MultiSequenceLearning,S23,9,4267.4342457,34.6484375,2.401,6,88.88888888888889,.NET 8.0.14
MultiSequenceLearning,S24,9,4267.4342457,34.6484375,2.401,6,88.88888888888889,.NET 8.0.14
MultiSequenceLearning,S25,9,4267.4342457,34.6484375,2.401,6,88.88888888888889,.NET 8.0.14
MultiSequenceLearning,S26,9,4267.4342457,34.6484375,2.401,6,88.88888888888889,.NET 8.0.14
MultiSequenceLearning,S27,9,4267.4342457,34.6484375,2.401,6,88.88888888888889,.NET 8.0.14
MultiSequenceLearning,S28,9,4267.4342457,34.6484375,2.401,6,88.88888888888889,.NET 8.0.14
MultiSequenceLearning,S29,9,4267.4342457,34.6484375,2.401,6,88.88888888888889,.NET 8.0.14
MultiSequenceLearning,S30,9,4267.4342457,34.6484375,2.401,6,88.88888888888889,.NET 8.0.14
MultiSequenceLearning,S1,49,4267.4342457,34.6484375,2.401,6,100,.NET 8.0.14
MultiSequenceLearning,S2,49,4267.4342457,34.6484375,2.401,6,97.95918367346938,.NET 8.0.14
MultiSequenceLearning,S3,49,4267.4342457,34.6484375,2.401,6,97.95918367346938,.NET 8.0.14
MultiSequenceLearning,S4,9,4267.4342457,34.6484375,2.401,6,88.88888888888889,.NET 8.0.14
MultiSequenceLearning,S5,9,4267.4342457,34.6484375,2.401,6,88.88888888888889,.NET 8.0.14
MultiSequenceLearning,S6,9,4267.4342457,34.6484375,2.401,6,88.88888888888889,.NET 8.0.14
MultiSequenceLearning,S7,9,4267.4342457,34.6484375,2.401,6,88.88888888888889,.NET 8.0.14
MultiSequenceLearning,S8,9,4267.4342457,34.6484375,2.401,6,88.88888888888889,.NET 8.0.14
MultiSequenceLearning,S9,9,4267.4342457,34.6484375,2.401,6,88.88888888888889,.NET 8.0.14
MultiSequenceLearning,S10,9,4267.4342457,34.6484375,2.401,6,88.88888888888889,.NET 8.0.14
MultiSequenceLearning,S11,9,4267.4342457,34.6484375,2.401,6,88.88888888888889,.NET 8.0.14
MultiSequenceLearning,S12,9,4267.4342457,34.6484375,2.401,6,88.88888888888889,.NET 8.0.14
MultiSequenceLearning,S13,9,4267.4342457,34.6484375,2.401,6,88.88888888888889,.NET 8.0.14
MultiSequenceLearning,S14,9,4267.4342457,34.6484375,2.401,6,88.88888888888889,.NET 8.0.14
MultiSequenceLearning,S15,9,4267.4342457,34.6484375,2.401,6,88.88888888888889,.NET 8.0.14
MultiSequenceLearning,S16,9,4267.4342457,34.6484375,2.401,6,88.88888888888889,.NET 8.0.14
MultiSequenceLearning,S17,9,4267.4342457,34.6484375,2.401,6,88.88888888888889,.NET 8.0.14
MultiSequenceLearning,S18,9,4267.4342457,34.6484375,2.401,6,88.88888888888889,.NET 8.0.14
MultiSequenceLearning,S19,9,4267.4342457,34.6484375,2.401,6,88.88888888888889,.NET 8.0.14
MultiSequenceLearning,S20,9,4267.4342457,34.6484375,2.401,6,88.88888888888889,.NET 8.0.14
MultiSequenceLearning,S21,9,4267.4342457,34.6484375,2.401,6,88.88888888888889,.NET 8.0.14
MultiSequenceLearning,S22,9,4267.4342457,34.6484375,2.401,6,88.88888888888889,.NET 8.0.14
MultiSequenceLearning,S23,9,4267.4342457,34.6484375,2.401,6,88.88888888888889,.NET 8.0.14
MultiSequenceLearning,S24,9,4267.4342457,34.6484375,2.401,6,88.88888888888889,.NET 8.0.14
MultiSequenceLearning,S25,9,4267.4342457,34.6484375,2.401,6,88.88888888888889,.NET 8.0.14
MultiSequenceLearning,S26,9,4267.4342457,34.6484375,2.401,6,88.88888888888889,.NET 8.0.14
MultiSequenceLearning,S27,9,4267.4342457,34.6484375,2.401,6,88.88888888888889,.NET 8.0.14
MultiSequenceLearning,S28,9,4267.4342457,34.6484375,2.401,6,88.88888888888889,.NET 8.0.14
MultiSequenceLearning,S29,9,4267.4342457,34.6484375,2.401,6,88.88888888888889,.NET 8.0.14
MultiSequenceLearning,S30,9,4267.4342457,34.6484375,2.401,6,88.88888888888889,.NET 8.0.14
MultiSequenceLearning,S1,49,4267.4342457,34.6484375,2.401,6,100,.NET 8.0.14
MultiSequenceLearning,S2,49,4267.4342457,34.6484375,2.401,6,97.95918367346938,.NET 8.0.14
MultiSequenceLearning,S3,49,4267.4342457,34.6484375,2.401,6,97.95918367346938,.NET 8.0.14
MultiSequenceLearning,S4,9,4267.4342457,34.6484375,2.401,6,88.88888888888889,.NET 8.0.14
MultiSequenceLearning,S5,9,4267.4342457,34.6484375,2.401,6,88.88888888888889,.NET 8.0.14
MultiSequenceLearning,S6,9,4267.4342457,34.6484375,2.401,6,88.88888888888889,.NET 8.0.14
MultiSequenceLearning,S7,9,4267.4342457,34.6484375,2.401,6,88.88888888888889,.NET 8.0.14
MultiSequenceLearning,S8,9,4267.4342457,34.6484375,2.401,6,88.88888888888889,.NET 8.0.14
MultiSequenceLearning,S9,9,4267.4342457,34.6484375,2.401,6,88.88888888888889,.NET 8.0.14
MultiSequenceLearning,S10,9,4267.4342457,34.6484375,2.401,6,88.88888888888889,.NET 8.0.14
MultiSequenceLearning,S11,9,4267.4342457,34.6484375,2.401,6,88.88888888888889,.NET 8.0.14
MultiSequenceLearning,S12,9,4267.4342457,34.6484375,2.401,6,88.88888888888889,.NET 8.0.14
MultiSequenceLearning,S13,9,4267.4342457,34.6484375,2.401,6,88.88888888888889,.NET 8.0.14
MultiSequenceLearning,S14,9,4267.4342457,34.6484375,2.401,6,88.88888888888889,.NET 8.0.14
MultiSequenceLearning,S15,9,4267.4342457,34.6484375,2.401,6,88.88888888888889,.NET 8.0.14
MultiSequenceLearning,S16,9,4267.4342457,34.6484375,2.401,6,88.88888888888889,.NET 8.0.14
MultiSequenceLearning,S17,9,4267.4342457,34.6484375,2.401,6,88.88888888888889,.NET 8.0.14
MultiSequenceLearning,S18,9,4267.4342457,34.6484375,2.401,6,88.88888888888889,.NET 8.0.14
MultiSequenceLearning,S19,9,4267.4342457,34.6484375,2.401,6,88.88888888888889,.NET 8.0.14
MultiSequenceLearning,S20,9,4267.4342457,34.6484375,2.401,6,88.88888888888889,.NET 8.0.14
MultiSequenceLearning,S21,9,4267.4342457,34.6484375,2.401,6,88.88888888888889,.NET 8.0.14
MultiSequenceLearning,S22,9,4267.4342457,34.6484375,2.401,6,88.88888888888889,.NET 8.0.14
MultiSequenceLearning,S23,9,4267.4342457,34.6484375,2.401,6,88.88888888888889,.NET 8.0.14
MultiSequenceLearning,S24,9,4267.4342457,34.6484375,2.401,6,88.88888888888889,.NET 8.0.14
MultiSequenceLearning,S25,9,4267.4342457,34.6484375,2.401,6,88.88888888888889,.NET 8.0.14
MultiSequenceLearning,S26,9,4267.4342457,34.6484375,2.401,6,88.88888888888889,.NET 8.0.14
MultiSequenceLearning,S27,9,4267.4342457,34.6484375,2.401,6,88.88888888888889,.NET 8.0.14
MultiSequenceLearning,S28,9,4267.4342457,34.6484375,2.401,6,88.88888888888889,.NET 8.0.14
MultiSequenceLearning,S29,9,4267.4342457,34.6484375,2.401,6,88.88888888888889,.NET 8.0.14
MultiSequenceLearning,S30,9,4267.4342457,34.6484375,2.401,6,88.88888888888889,.NET 8.0.14
MultiSequenceLearning,S1,49,4267.4342457,34.6484375,2.401,6,100,.NET 8.0.14
MultiSequenceLearning,S2,49,4267.4342457,34.6484375,2.401,6,97.95918367346938,.NET 8.0.14
MultiSequenceLearning,S3,49,4267.4342457,34.6484375,2.401,6,97.95918367346938,.NET 8.0.14
MultiSequenceLearning,S4,9,4267.4342457,34.6484375,2.401,6,88.88888888888889,.NET 8.0.14
MultiSequenceLearning,S5,9,4267.4342457,34.6484375,2.401,6,88.88888888888889,.NET 8.0.14
MultiSequenceLearning,S6,9,4267.4342457,34.6484375,2.401,6,88.88888888888889,.NET 8.0.14
MultiSequenceLearning,S7,9,4267.4342457,34.6484375,2.401,6,88.88888888888889,.NET 8.0.14
MultiSequenceLearning,S8,9,4267.4342457,34.6484375,2.401,6,88.88888888888889,.NET 8.0.14
MultiSequenceLearning,S9,9,4267.4342457,34.6484375,2.401,6,88.88888888888889,.NET 8.0.14
MultiSequenceLearning,S10,9,4267.4342457,34.6484375,2.401,6,88.88888888888889,.NET 8.0.14
MultiSequenceLearning,S11,9,4267.4342457,34.6484375,2.401,6,88.88888888888889,.NET 8.0.14
MultiSequenceLearning,S12,9,4267.4342457,34.6484375,2.401,6,88.88888888888889,.NET 8.0.14
MultiSequenceLearning,S13,9,4267.4342457,34.6484375,2.401,6,88.88888888888889,.NET 8.0.14
MultiSequenceLearning,S14,9,4267.4342457,34.6484375,2.401,6,88.88888888888889,.NET 8.0.14
MultiSequenceLearning,S15,9,4267.4342457,34.6484375,2.401,6,88.88888888888889,.NET 8.0.14
MultiSequenceLearning,S16,9,4267.4342457,34.6484375,2.401,6,88.88888888888889,.NET 8.0.14
MultiSequenceLearning,S17,9,4267.4342457,34.6484375,2.401,6,88.88888888888889,.NET 8.0.14
MultiSequenceLearning,S18,9,4267.4342457,34.6484375,2.401,6,88.88888888888889,.NET 8.0.14
MultiSequenceLearning,S19,9,4267.4342457,34.6484375,2.401,6,88.88888888888889,.NET 8.0.14
MultiSequenceLearning,S20,9,4267.4342457,34.6484375,2.401,6,88.88888888888889,.NET 8.0.14
MultiSequenceLearning,S21,9,4267.4342457,34.6484375,2.401,6,88.88888888888889,.NET 8.0.14
MultiSequenceLearning,S22,9,4267.4342457,34.6484375,2.401,6,88.88888888888889,.NET 8.0.14
MultiSequenceLearning,S23,9,4267.4342457,34.6484375,2.401,6,88.88888888888889,.NET 8.0.14
MultiSequenceLearning,S24,9,4267.4342457,34.6484375,2.401,6,88.88888888888889,.NET 8.0.14
MultiSequenceLearning,S25,9,4267.4342457,34.6484375,2.401,6,88.88888888888889,.NET 8.0.14
MultiSequenceLearning,S26,9,4267.4342457,34.6484375,2.401,6,88.88888888888889,.NET 8.0.14
MultiSequenceLearning,S27,9,4267.4342457,34.6484375,2.401,6,88.88888888888889,.NET 8.0.14
MultiSequenceLearning,S28,9,4267.4342457,34.6484375,2.401,6,88.88888888888889,.NET 8.0.14
MultiSequenceLearning,S29,9,4267.4342457,34.6484375,2.401,6,88.88888888888889,.NET 8.0.14
MultiSequenceLearning,S30,9,4267.4342457,34.6484375,2.401,6,88.88888888888889,.NET 8.0.14
MultiSequenceLearning,S1,49,6341.381608,40.65234375,2.401,6,100,.NET 8.0.14
MultiSequenceLearning,S2,49,6341.381608,40.65234375,2.401,6,97.95918367346938,.NET 8.0.14
MultiSequenceLearning,S3,49,6341.381608,40.65234375,2.401,6,97.95918367346938,.NET 8.0.14
MultiSequenceLearning,S4,9,6341.381608,40.65234375,2.401,6,88.88888888888889,.NET 8.0.14
MultiSequenceLearning,S5,9,6341.381608,40.65234375,2.401,6,88.88888888888889,.NET 8.0.14
MultiSequenceLearning,S6,9,6341.381608,40.65234375,2.401,6,88.88888888888889,.NET 8.0.14
MultiSequenceLearning,S7,9,6341.381608,40.65234375,2.401,6,88.88888888888889,.NET 8.0.14
MultiSequenceLearning,S8,9,6341.381608,40.65234375,2.401,6,88.88888888888889,.NET 8.0.14
MultiSequenceLearning,S9,9,6341.381608,40.65234375,2.401,6,88.88888888888889,.NET 8.0.14
MultiSequenceLearning,S10,9,6341.381608,40.65234375,2.401,6,88.88888888888889,.NET 8.0.14
MultiSequenceLearning,S11,9,6341.381608,40.65234375,2.401,6,88.88888888888889,.NET 8.0.14
MultiSequenceLearning,S12,9,6341.381608,40.65234375,2.401,6,88.88888888888889,.NET 8.0.14
MultiSequenceLearning,S13,9,6341.381608,40.65234375,2.401,6,88.88888888888889,.NET 8.0.14
MultiSequenceLearning,S14,9,6341.381608,40.65234375,2.401,6,88.88888888888889,.NET 8.0.14
MultiSequenceLearning,S15,9,6341.381608,40.65234375,2.401,6,88.88888888888889,.NET 8.0.14
MultiSequenceLearning,S16,9,6341.381608,40.65234375,2.401,6,88.88888888888889,.NET 8.0.14
MultiSequenceLearning,S17,9,6341.381608,40.65234375,2.401,6,88.88888888888889,.NET 8.0.14
MultiSequenceLearning,S18,9,6341.381608,40.65234375,2.401,6,88.88888888888889,.NET 8.0.14
MultiSequenceLearning,S19,9,6341.381608,40.65234375,2.401,6,88.88888888888889,.NET 8.0.14
MultiSequenceLearning,S20,9,6341.381608,40.65234375,2.401,6,88.88888888888889,.NET 8.0.14
MultiSequenceLearning,S21,9,6341.381608,40.65234375,2.401,6,88.88888888888889,.NET 8.0.14
MultiSequenceLearning,S22,9,6341.381608,40.65234375,2.401,6,88.88888888888889,.NET 8.0.14
MultiSequenceLearning,S23,9,6341.381608,40.65234375,2.401,6,88.88888888888889,.NET 8.0.14
MultiSequenceLearning,S24,9,6341.381608,40.65234375,2.401,6,88.88888888888889,.NET 8.0.14
MultiSequenceLearning,S25,9,6341.381608,40.65234375,2.401,6,88.88888888888889,.NET 8.0.14
MultiSequenceLearning,S26,9,6341.381608,40.65234375,2.401,6,88.88888888888889,.NET 8.0.14
MultiSequenceLearning,S27,9,6341.381608,40.65234375,2.401,6,88.88888888888889,.NET 8.0.14
MultiSequenceLearning,S28,9,6341.381608,40.65234375,2.401,6,88.88888888888889,.NET 8.0.14
MultiSequenceLearning,S29,9,6341.381608,40.65234375,2.401,6,88.88888888888889,.NET 8.0.14
MultiSequenceLearning,S30,9,6341.381608,40.65234375,2.401,6,88.88888888888889,.NET 8.0.14
MultiSequenceLearning,S1,49,6341.381608,40.65234375,2.401,6,100,.NET 8.0.14
MultiSequenceLearning,S2,49,6341.381608,40.65234375,2.401,6,97.95918367346938,.NET 8.0.14
MultiSequenceLearning,S3,49,6341.381608,40.65234375,2.401,6,97.95918367346938,.NET 8.0.14
MultiSequenceLearning,S4,9,6341.381608,40.65234375,2.401,6,88.88888888888889,.NET 8.0.14
MultiSequenceLearning,S5,9,6341.381608,40.65234375,2.401,6,88.88888888888889,.NET 8.0.14
MultiSequenceLearning,S6,9,6341.381608,40.65234375,2.401,6,88.88888888888889,.NET 8.0.14
MultiSequenceLearning,S7,9,6341.381608,40.65234375,2.401,6,88.88888888888889,.NET 8.0.14
MultiSequenceLearning,S8,9,6341.381608,40.65234375,2.401,6,88.88888888888889,.NET 8.0.14
MultiSequenceLearning,S9,9,6341.381608,40.65234375,2.401,6,88.88888888888889,.NET 8.0.14
MultiSequenceLearning,S10,9,6341.381608,40.65234375,2.401,6,88.88888888888889,.NET 8.0.14
MultiSequenceLearning,S11,9,6341.381608,40.65234375,2.401,6,88.88888888888889,.NET 8.0.14
MultiSequenceLearning,S12,9,6341.381608,40.65234375,2.401,6,88.88888888888889,.NET 8.0.14
MultiSequenceLearning,S13,9,6341.381608,40.65234375,2.401,6,88.88888888888889,.NET 8.0.14
MultiSequenceLearning,S14,9,6341.381608,40.65234375,2.401,6,88.88888888888889,.NET 8.0.14
MultiSequenceLearning,S15,9,6341.381608,40.65234375,2.401,6,88.88888888888889,.NET 8.0.14
MultiSequenceLearning,S16,9,6341.381608,40.65234375,2.401,6,88.88888888888889,.NET 8.0.14
MultiSequenceLearning,S17,9,6341.381608,40.65234375,2.401,6,88.88888888888889,.NET 8.0.14
MultiSequenceLearning,S18,9,6341.381608,40.65234375,2.401,6,88.88888888888889,.NET 8.0.14
MultiSequenceLearning,S19,9,6341.381608,40.65234375,2.401,6,88.88888888888889,.NET 8.0.14
MultiSequenceLearning,S20,9,6341.381608,40.65234375,2.401,6,88.88888888888889,.NET 8.0.14
MultiSequenceLearning,S21,9,6341.381608,40.65234375,2.401,6,88.88888888888889,.NET 8.0.14
MultiSequenceLearning,S22,9,6341.381608,40.65234375,2.401,6,88.88888888888889,.NET 8.0.14
MultiSequenceLearning,S23,9,6341.381608,40.65234375,2.401,6,88.88888888888889,.NET 8.0.14
MultiSequenceLearning,S24,9,6341.381608,40.65234375,2.401,6,88.88888888888889,.NET 8.0.14
MultiSequenceLearning,S25,9,6341.381608,40.65234375,2.401,6,88.88888888888889,.NET 8.0.14
MultiSequenceLearning,S26,9,6341.381608,40.65234375,2.401,6,88.88888888888889,.NET 8.0.14
MultiSequenceLearning,S27,9,6341.381608,40.65234375,2.401,6,88.88888888888889,.NET 8.0.14
MultiSequenceLearning,S28,9,6341.381608,40.65234375,2.401,6,88.88888888888889,.NET 8.0.14
MultiSequenceLearning,S29,9,6341.381608,40.65234375,2.401,6,88.88888888888889,.NET 8.0.14
MultiSequenceLearning,S30,9,6341.381608,40.65234375,2.401,6,88.88888888888889,.NET 8.0.14
MultiSequenceLearning,S1,49,6341.381608,40.65234375,2.401,6,100,.NET 8.0.14
MultiSequenceLearning,S2,49,6341.381608,40.65234375,2.401,6,97.95918367346938,.NET 8.0.14
MultiSequenceLearning,S3,49,6341.381608,40.65234375,2.401,6,97.95918367346938,.NET 8.0.14
MultiSequenceLearning,S4,9,6341.381608,40.65234375,2.401,6,88.88888888888889,.NET 8.0.14
MultiSequenceLearning,S5,9,6341.381608,40.65234375,2.401,6,88.88888888888889,.NET 8.0.14
MultiSequenceLearning,S6,9,6341.381608,40.65234375,2.401,6,88.88888888888889,.NET 8.0.14
MultiSequenceLearning,S7,9,6341.381608,40.65234375,2.401,6,88.88888888888889,.NET 8.0.14
MultiSequenceLearning,S8,9,6341.381608,40.65234375,2.401,6,88.88888888888889,.NET 8.0.14
MultiSequenceLearning,S9,9,6341.381608,40.65234375,2.401,6,88.88888888888889,.NET 8.0.14
MultiSequenceLearning,S10,9,6341.381608,40.65234375,2.401,6,88.88888888888889,.NET 8.0.14
MultiSequenceLearning,S11,9,6341.381608,40.65234375,2.401,6,88.88888888888889,.NET 8.0.14
MultiSequenceLearning,S12,9,6341.381608,40.65234375,2.401,6,88.88888888888889,.NET 8.0.14
MultiSequenceLearning,S13,9,6341.381608,40.65234375,2.401,6,88.88888888888889,.NET 8.0.14
MultiSequenceLearning,S14,9,6341.381608,40.65234375,2.401,6,88.88888888888889,.NET 8.0.14
MultiSequenceLearning,S15,9,6341.381608,40.65234375,2.401,6,88.88888888888889,.NET 8.0.14
MultiSequenceLearning,S16,9,6341.381608,40.65234375,2.401,6,88.88888888888889,.NET 8.0.14
MultiSequenceLearning,S17,9,6341.381608,40.65234375,2.401,6,88.88888888888889,.NET 8.0.14
MultiSequenceLearning,S18,9,6341.381608,40.65234375,2.401,6,88.88888888888889,.NET 8.0.14
MultiSequenceLearning,S19,9,6341.381608,40.65234375,2.401,6,88.88888888888889,.NET 8.0.14
MultiSequenceLearning,S20,9,6341.381608,40.65234375,2.401,6,88.88888888888889,.NET 8.0.14
MultiSequenceLearning,S21,9,6341.381608,40.65234375,2.401,6,88.88888888888889,.NET 8.0.14
MultiSequenceLearning,S22,9,6341.381608,40.65234375,2.401,6,88.88888888888889,.NET 8.0.14
MultiSequenceLearning,S23,9,6341.381608,40.65234375,2.401,6,88.88888888888889,.NET 8.0.14
MultiSequenceLearning,S24,9,6341.381608,40.65234375,2.401,6,88.88888888888889,.NET 8.0.14
MultiSequenceLearning,S25,9,6341.381608,40.65234375,2.401,6,88.88888888888889,.NET 8.0.14
MultiSequenceLearning,S26,9,6341.381608,40.65234375,2.401,6,88.88888888888889,.NET 8.0.14
MultiSequenceLearning,S27,9,6341.381608,40.65234375,2.401,6,88.88888888888889,.NET 8.0.14
MultiSequenceLearning,S28,9,6341.381608,40.65234375,2.401,6,88.88888888888889,.NET 8.0.14
MultiSequenceLearning,S29,9,6341.381608,40.65234375,2.401,6,88.88888888888889,.NET 8.0.14
MultiSequenceLearning,S30,9,6341.381608,40.65234375,2.401,6,88.88888888888889,.NET 8.0.14
MultiSequenceLearning,S1,49,6341.381608,40.65234375,2.401,6,100,.NET 8.0.14
MultiSequenceLearning,S2,49,6341.381608,40.65234375,2.401,6,97.95918367346938,.NET 8.0.14
MultiSequenceLearning,S3,49,6341.381608,40.65234375,2.401,6,97.95918367346938,.NET 8.0.14
MultiSequenceLearning,S4,9,6341.381608,40.65234375,2.401,6,88.88888888888889,.NET 8.0.14
MultiSequenceLearning,S5,9,6341.381608,40.65234375,2.401,6,88.88888888888889,.NET 8.0.14
MultiSequenceLearning,S6,9,6341.381608,40.65234375,2.401,6,88.88888888888889,.NET 8.0.14
MultiSequenceLearning,S7,9,6341.381608,40.65234375,2.401,6,88.88888888888889,.NET 8.0.14
MultiSequenceLearning,S8,9,6341.381608,40.65234375,2.401,6,88.88888888888889,.NET 8.0.14
MultiSequenceLearning,S9,9,6341.381608,40.65234375,2.401,6,88.88888888888889,.NET 8.0.14
MultiSequenceLearning,S10,9,6341.381608,40.65234375,2.401,6,88.88888888888889,.NET 8.0.14
MultiSequenceLearning,S11,9,6341.381608,40.65234375,2.401,6,88.88888888888889,.NET 8.0.14
MultiSequenceLearning,S12,9,6341.381608,40.65234375,2.401,6,88.88888888888889,.NET 8.0.14
MultiSequenceLearning,S13,9,6341.381608,40.65234375,2.401,6,88.88888888888889,.NET 8.0.14
MultiSequenceLearning,S14,9,6341.381608,40.65234375,2.401,6,88.88888888888889,.NET 8.0.14
MultiSequenceLearning,S15,9,6341.381608,40.65234375,2.401,6,88.88888888888889,.NET 8.0.14
MultiSequenceLearning,S16,9,6341.381608,40.65234375,2.401,6,88.88888888888889,.NET 8.0.14
MultiSequenceLearning,S17,9,6341.381608,40.65234375,2.401,6,88.88888888888889,.NET 8.0.14
MultiSequenceLearning,S18,9,6341.381608,40.65234375,2.401,6,88.88888888888889,.NET 8.0.14
MultiSequenceLearning,S19,9,6341.381608,40.65234375,2.401,6,88.88888888888889,.NET 8.0.14
MultiSequenceLearning,S20,9,6341.381608,40.65234375,2.401,6,88.88888888888889,.NET 8.0.14
MultiSequenceLearning,S21,9,6341.381608,40.65234375,2.401,6,88.88888888888889,.NET 8.0.14
MultiSequenceLearning,S22,9,6341.381608,40.65234375,2.401,6,88.88888888888889,.NET 8.0.14
MultiSequenceLearning,S23,9,6341.381608,40.65234375,2.401,6,88.88888888888889,.NET 8.0.14
MultiSequenceLearning,S24,9,6341.381608,40.65234375,2.401,6,88.88888888888889,.NET 8.0.14
MultiSequenceLearning,S25,9,6341.381608,40.65234375,2.401,6,88.88888888888889,.NET 8.0.14
MultiSequenceLearning,S26,9,6341.381608,40.65234375,2.401,6,88.88888888888889,.NET 8.0.14
MultiSequenceLearning,S27,9,6341.381608,40.65234375,2.401,6,88.88888888888889,.NET 8.0.14
MultiSequenceLearning,S28,9,6341.381608,40.65234375,2.401,6,88.88888888888889,.NET 8.0.14
MultiSequenceLearning,S29,9,6341.381608,40.65234375,2.401,6,88.88888888888889,.NET 8.0.14
MultiSequenceLearning,S30,9,6341.381608,40.65234375,2.401,6,88.88888888888889,.NET 8.0.14
MultiSequenceLearning,S1,49,926.5322204,40.87109375,2.401,6,100,.NET 9.0.3
MultiSequenceLearning,S2,49,926.5322204,40.87109375,2.401,6,97.95918367346938,.NET 9.0.3
MultiSequenceLearning,S3,49,926.5322204,40.87109375,2.401,6,97.95918367346938,.NET 9.0.3
MultiSequenceLearning,S4,9,926.5322204,40.87109375,2.401,6,88.88888888888889,.NET 9.0.3
MultiSequenceLearning,S5,9,926.5322204,40.87109375,2.401,6,88.88888888888889,.NET 9.0.3
MultiSequenceLearning,S6,9,926.5322204,40.87109375,2.401,6,88.88888888888889,.NET 9.0.3
MultiSequenceLearning,S7,9,926.5322204,40.87109375,2.401,6,88.88888888888889,.NET 9.0.3
MultiSequenceLearning,S8,9,926.5322204,40.87109375,2.401,6,88.88888888888889,.NET 9.0.3
MultiSequenceLearning,S9,9,926.5322204,40.87109375,2.401,6,88.88888888888889,.NET 9.0.3
MultiSequenceLearning,S10,9,926.5322204,40.87109375,2.401,6,88.88888888888889,.NET 9.0.3
MultiSequenceLearning,S11,9,926.5322204,40.87109375,2.401,6,88.88888888888889,.NET 9.0.3
MultiSequenceLearning,S12,9,926.5322204,40.87109375,2.401,6,88.88888888888889,.NET 9.0.3
MultiSequenceLearning,S13,9,926.5322204,40.87109375,2.401,6,88.88888888888889,.NET 9.0.3
MultiSequenceLearning,S14,9,926.5322204,40.87109375,2.401,6,88.88888888888889,.NET 9.0.3
MultiSequenceLearning,S15,9,926.5322204,40.87109375,2.401,6,88.88888888888889,.NET 9.0.3
MultiSequenceLearning,S16,9,926.5322204,40.87109375,2.401,6,88.88888888888889,.NET 9.0.3
MultiSequenceLearning,S17,9,926.5322204,40.87109375,2.401,6,88.88888888888889,.NET 9.0.3
MultiSequenceLearning,S18,9,926.5322204,40.87109375,2.401,6,88.88888888888889,.NET 9.0.3
MultiSequenceLearning,S19,9,926.5322204,40.87109375,2.401,6,88.88888888888889,.NET 9.0.3
MultiSequenceLearning,S20,9,926.5322204,40.87109375,2.401,6,88.88888888888889,.NET 9.0.3
MultiSequenceLearning,S21,9,926.5322204,40.87109375,2.401,6,88.88888888888889,.NET 9.0.3
MultiSequenceLearning,S22,9,926.5322204,40.87109375,2.401,6,88.88888888888889,.NET 9.0.3
MultiSequenceLearning,S23,9,926.5322204,40.87109375,2.401,6,88.88888888888889,.NET 9.0.3
MultiSequenceLearning,S24,9,926.5322204,40.87109375,2.401,6,88.88888888888889,.NET 9.0.3
MultiSequenceLearning,S25,9,926.5322204,40.87109375,2.401,6,88.88888888888889,.NET 9.0.3
MultiSequenceLearning,S26,9,926.5322204,40.87109375,2.401,6,88.88888888888889,.NET 9.0.3
MultiSequenceLearning,S27,9,926.5322204,40.87109375,2.401,6,88.88888888888889,.NET 9.0.3
MultiSequenceLearning,S28,9,926.5322204,40.87109375,2.401,6,88.88888888888889,.NET 9.0.3
MultiSequenceLearning,S29,9,926.5322204,40.87109375,2.401,6,88.88888888888889,.NET 9.0.3
MultiSequenceLearning,S30,9,926.5322204,40.87109375,2.401,6,88.88888888888889,.NET 9.0.3
MultiSequenceLearning,S1,49,926.5322204,40.87109375,2.401,6,100,.NET 9.0.3
MultiSequenceLearning,S2,49,926.5322204,40.87109375,2.401,6,97.95918367346938,.NET 9.0.3
MultiSequenceLearning,S3,49,926.5322204,40.87109375,2.401,6,97.95918367346938,.NET 9.0.3
MultiSequenceLearning,S4,9,926.5322204,40.87109375,2.401,6,88.88888888888889,.NET 9.0.3
MultiSequenceLearning,S5,9,926.5322204,40.87109375,2.401,6,88.88888888888889,.NET 9.0.3
MultiSequenceLearning,S6,9,926.5322204,40.87109375,2.401,6,88.88888888888889,.NET 9.0.3
MultiSequenceLearning,S7,9,926.5322204,40.87109375,2.401,6,88.88888888888889,.NET 9.0.3
MultiSequenceLearning,S8,9,926.5322204,40.87109375,2.401,6,88.88888888888889,.NET 9.0.3
MultiSequenceLearning,S9,9,926.5322204,40.87109375,2.401,6,88.88888888888889,.NET 9.0.3
MultiSequenceLearning,S10,9,926.5322204,40.87109375,2.401,6,88.88888888888889,.NET 9.0.3
MultiSequenceLearning,S11,9,926.5322204,40.87109375,2.401,6,88.88888888888889,.NET 9.0.3
MultiSequenceLearning,S12,9,926.5322204,40.87109375,2.401,6,88.88888888888889,.NET 9.0.3
MultiSequenceLearning,S13,9,926.5322204,40.87109375,2.401,6,88.88888888888889,.NET 9.0.3
MultiSequenceLearning,S14,9,926.5322204,40.87109375,2.401,6,88.88888888888889,.NET 9.0.3
MultiSequenceLearning,S15,9,926.5322204,40.87109375,2.401,6,88.88888888888889,.NET 9.0.3
MultiSequenceLearning,S16,9,926.5322204,40.87109375,2.401,6,88.88888888888889,.NET 9.0.3
MultiSequenceLearning,S17,9,926.5322204,40.87109375,2.401,6,88.88888888888889,.NET 9.0.3
MultiSequenceLearning,S18,9,926.5322204,40.87109375,2.401,6,88.88888888888889,.NET 9.0.3
MultiSequenceLearning,S19,9,926.5322204,40.87109375,2.401,6,88.88888888888889,.NET 9.0.3
MultiSequenceLearning,S20,9,926.5322204,40.87109375,2.401,6,88.88888888888889,.NET 9.0.3
MultiSequenceLearning,S21,9,926.5322204,40.87109375,2.401,6,88.88888888888889,.NET 9.0.3
MultiSequenceLearning,S22,9,926.5322204,40.87109375,2.401,6,88.88888888888889,.NET 9.0.3
MultiSequenceLearning,S23,9,926.5322204,40.87109375,2.401,6,88.88888888888889,.NET 9.0.3
MultiSequenceLearning,S24,9,926.5322204,40.87109375,2.401,6,88.88888888888889,.NET 9.0.3
MultiSequenceLearning,S25,9,926.5322204,40.87109375,2.401,6,88.88888888888889,.NET 9.0.3
MultiSequenceLearning,S26,9,926.5322204,40.87109375,2.401,6,88.88888888888889,.NET 9.0.3
MultiSequenceLearning,S27,9,926.5322204,40.87109375,2.401,6,88.88888888888889,.NET 9.0.3
MultiSequenceLearning,S28,9,926.5322204,40.87109375,2.401,6,88.88888888888889,.NET 9.0.3
MultiSequenceLearning,S29,9,926.5322204,40.87109375,2.401,6,88.88888888888889,.NET 9.0.3
MultiSequenceLearning,S30,9,926.5322204,40.87109375,2.401,6,88.88888888888889,.NET 9.0.3
MultiSequenceLearning,S1,49,926.5322204,40.87109375,2.401,6,100,.NET 9.0.3
MultiSequenceLearning,S2,49,926.5322204,40.87109375,2.401,6,97.95918367346938,.NET 9.0.3
MultiSequenceLearning,S3,49,926.5322204,40.87109375,2.401,6,97.95918367346938,.NET 9.0.3
MultiSequenceLearning,S4,9,926.5322204,40.87109375,2.401,6,88.88888888888889,.NET 9.0.3
MultiSequenceLearning,S5,9,926.5322204,40.87109375,2.401,6,88.88888888888889,.NET 9.0.3
MultiSequenceLearning,S6,9,926.5322204,40.87109375,2.401,6,88.88888888888889,.NET 9.0.3
MultiSequenceLearning,S7,9,926.5322204,40.87109375,2.401,6,88.88888888888889,.NET 9.0.3
MultiSequenceLearning,S8,9,926.5322204,40.87109375,2.401,6,88.88888888888889,.NET 9.0.3
MultiSequenceLearning,S9,9,926.5322204,40.87109375,2.401,6,88.88888888888889,.NET 9.0.3
MultiSequenceLearning,S10,9,926.5322204,40.87109375,2.401,6,88.88888888888889,.NET 9.0.3
MultiSequenceLearning,S11,9,926.5322204,40.87109375,2.401,6,88.88888888888889,.NET 9.0.3
MultiSequenceLearning,S12,9,926.5322204,40.87109375,2.401,6,88.88888888888889,.NET 9.0.3
MultiSequenceLearning,S13,9,926.5322204,40.87109375,2.401,6,88.88888888888889,.NET 9.0.3
MultiSequenceLearning,S14,9,926.5322204,40.87109375,2.401,6,88.88888888888889,.NET 9.0.3
MultiSequenceLearning,S15,9,926.5322204,40.87109375,2.401,6,88.88888888888889,.NET 9.0.3
MultiSequenceLearning,S16,9,926.5322204,40.87109375,2.401,6,88.88888888888889,.NET 9.0.3
MultiSequenceLearning,S17,9,926.5322204,40.87109375,2.401,6,88.88888888888889,.NET 9.0.3
MultiSequenceLearning,S18,9,926.5322204,40.87109375,2.401,6,88.88888888888889,.NET 9.0.3
MultiSequenceLearning,S19,9,926.5322204,40.87109375,2.401,6,88.88888888888889,.NET 9.0.3
MultiSequenceLearning,S20,9,926.5322204,40.87109375,2.401,6,88.88888888888889,.NET 9.0.3
MultiSequenceLearning,S21,9,926.5322204,40.87109375,2.401,6,88.88888888888889,.NET 9.0.3
MultiSequenceLearning,S22,9,926.5322204,40.87109375,2.401,6,88.88888888888889,.NET 9.0.3
MultiSequenceLearning,S23,9,926.5322204,40.87109375,2.401,6,88.88888888888889,.NET 9.0.3
MultiSequenceLearning,S24,9,926.5322204,40.87109375,2.401,6,88.88888888888889,.NET 9.0.3
MultiSequenceLearning,S25,9,926.5322204,40.87109375,2.401,6,88.88888888888889,.NET 9.0.3
MultiSequenceLearning,S26,9,926.5322204,40.87109375,2.401,6,88.88888888888889,.NET 9.0.3
MultiSequenceLearning,S27,9,926.5322204,40.87109375,2.401,6,88.88888888888889,.NET 9.0.3
MultiSequenceLearning,S28,9,926.5322204,40.87109375,2.401,6,88.88888888888889,.NET 9.0.3
MultiSequenceLearning,S29,9,926.5322204,40.87109375,2.401,6,88.88888888888889,.NET 9.0.3
MultiSequenceLearning,S30,9,926.5322204,40.87109375,2.401,6,88.88888888888889,.NET 9.0.3
MultiSequenceLearning,S1,49,926.5322204,40.87109375,2.401,6,100,.NET 9.0.3
MultiSequenceLearning,S2,49,926.5322204,40.87109375,2.401,6,97.95918367346938,.NET 9.0.3
MultiSequenceLearning,S3,49,926.5322204,40.87109375,2.401,6,97.95918367346938,.NET 9.0.3
MultiSequenceLearning,S4,9,926.5322204,40.87109375,2.401,6,88.88888888888889,.NET 9.0.3
MultiSequenceLearning,S5,9,926.5322204,40.87109375,2.401,6,88.88888888888889,.NET 9.0.3
MultiSequenceLearning,S6,9,926.5322204,40.87109375,2.401,6,88.88888888888889,.NET 9.0.3
MultiSequenceLearning,S7,9,926.5322204,40.87109375,2.401,6,88.88888888888889,.NET 9.0.3
MultiSequenceLearning,S8,9,926.5322204,40.87109375,2.401,6,88.88888888888889,.NET 9.0.3
MultiSequenceLearning,S9,9,926.5322204,40.87109375,2.401,6,88.88888888888889,.NET 9.0.3
MultiSequenceLearning,S10,9,926.5322204,40.87109375,2.401,6,88.88888888888889,.NET 9.0.3
MultiSequenceLearning,S11,9,926.5322204,40.87109375,2.401,6,88.88888888888889,.NET 9.0.3
MultiSequenceLearning,S12,9,926.5322204,40.87109375,2.401,6,88.88888888888889,.NET 9.0.3
MultiSequenceLearning,S13,9,926.5322204,40.87109375,2.401,6,88.88888888888889,.NET 9.0.3
MultiSequenceLearning,S14,9,926.5322204,40.87109375,2.401,6,88.88888888888889,.NET 9.0.3
MultiSequenceLearning,S15,9,926.5322204,40.87109375,2.401,6,88.88888888888889,.NET 9.0.3
MultiSequenceLearning,S16,9,926.5322204,40.87109375,2.401,6,88.88888888888889,.NET 9.0.3
MultiSequenceLearning,S17,9,926.5322204,40.87109375,2.401,6,88.88888888888889,.NET 9.0.3
MultiSequenceLearning,S18,9,926.5322204,40.87109375,2.401,6,88.88888888888889,.NET 9.0.3
MultiSequenceLearning,S19,9,926.5322204,40.87109375,2.401,6,88.88888888888889,.NET 9.0.3
MultiSequenceLearning,S20,9,926.5322204,40.87109375,2.401,6,88.88888888888889,.NET 9.0.3
MultiSequenceLearning,S21,9,926.5322204,40.87109375,2.401,6,88.88888888888889,.NET 9.0.3
MultiSequenceLearning,S22,9,926.5322204,40.87109375,2.401,6,88.88888888888889,.NET 9.0.3
MultiSequenceLearning,S23,9,926.5322204,40.87109375,2.401,6,88.88888888888889,.NET 9.0.3
MultiSequenceLearning,S24,9,926.5322204,40.87109375,2.401,6,88.88888888888889,.NET 9.0.3
MultiSequenceLearning,S25,9,926.5322204,40.87109375,2.401,6,88.88888888888889,.NET 9.0.3
MultiSequenceLearning,S26,9,926.5322204,40.87109375,2.401,6,88.88888888888889,.NET 9.0.3
MultiSequenceLearning,S27,9,926.5322204,40.87109375,2.401,6,88.88888888888889,.NET 9.0.3
MultiSequenceLearning,S28,9,926.5322204,40.87109375,2.401,6,88.88888888888889,.NET 9.0.3
MultiSequenceLearning,S29,9,926.5322204,40.87109375,2.401,6,88.88888888888889,.NET 9.0.3
MultiSequenceLearning,S30,9,926.5322204,40.87109375,2.401,6,88.88888888888889,.NET 9.0.3
MultiSequenceLearning,S1,49,968.3919487,36.94921875,2.401,5,100,.NET 9.0.3
MultiSequenceLearning,S2,49,968.3919487,36.94921875,2.401,5,97.95918367346938,.NET 9.0.3
MultiSequenceLearning,S3,49,968.3919487,36.94921875,2.401,5,97.95918367346938,.NET 9.0.3
MultiSequenceLearning,S4,9,968.3919487,36.94921875,2.401,5,88.88888888888889,.NET 9.0.3
MultiSequenceLearning,S5,9,968.3919487,36.94921875,2.401,5,88.88888888888889,.NET 9.0.3
MultiSequenceLearning,S6,9,968.3919487,36.94921875,2.401,5,88.88888888888889,.NET 9.0.3
MultiSequenceLearning,S7,9,968.3919487,36.94921875,2.401,5,88.88888888888889,.NET 9.0.3
MultiSequenceLearning,S8,9,968.3919487,36.94921875,2.401,5,88.88888888888889,.NET 9.0.3
MultiSequenceLearning,S9,9,968.3919487,36.94921875,2.401,5,88.88888888888889,.NET 9.0.3
MultiSequenceLearning,S10,9,968.3919487,36.94921875,2.401,5,88.88888888888889,.NET 9.0.3
MultiSequenceLearning,S11,9,968.3919487,36.94921875,2.401,5,88.88888888888889,.NET 9.0.3
MultiSequenceLearning,S12,9,968.3919487,36.94921875,2.401,5,88.88888888888889,.NET 9.0.3
MultiSequenceLearning,S13,9,968.3919487,36.94921875,2.401,5,88.88888888888889,.NET 9.0.3
MultiSequenceLearning,S14,9,968.3919487,36.94921875,2.401,5,88.88888888888889,.NET 9.0.3
MultiSequenceLearning,S15,9,968.3919487,36.94921875,2.401,5,88.88888888888889,.NET 9.0.3
MultiSequenceLearning,S16,9,968.3919487,36.94921875,2.401,5,88.88888888888889,.NET 9.0.3
MultiSequenceLearning,S17,9,968.3919487,36.94921875,2.401,5,88.88888888888889,.NET 9.0.3
MultiSequenceLearning,S18,9,968.3919487,36.94921875,2.401,5,88.88888888888889,.NET 9.0.3
MultiSequenceLearning,S19,9,968.3919487,36.94921875,2.401,5,88.88888888888889,.NET 9.0.3
MultiSequenceLearning,S20,9,968.3919487,36.94921875,2.401,5,88.88888888888889,.NET 9.0.3
MultiSequenceLearning,S21,9,968.3919487,36.94921875,2.401,5,88.88888888888889,.NET 9.0.3
MultiSequenceLearning,S22,9,968.3919487,36.94921875,2.401,5,88.88888888888889,.NET 9.0.3
MultiSequenceLearning,S23,9,968.3919487,36.94921875,2.401,5,88.88888888888889,.NET 9.0.3
MultiSequenceLearning,S24,9,968.3919487,36.94921875,2.401,5,88.88888888888889,.NET 9.0.3
MultiSequenceLearning,S25,9,968.3919487,36.94921875,2.401,5,88.88888888888889,.NET 9.0.3
MultiSequenceLearning,S26,9,968.3919487,36.94921875,2.401,5,88.88888888888889,.NET 9.0.3
MultiSequenceLearning,S27,9,968.3919487,36.94921875,2.401,5,88.88888888888889,.NET 9.0.3
MultiSequenceLearning,S28,9,968.3919487,36.94921875,2.401,5,88.88888888888889,.NET 9.0.3
MultiSequenceLearning,S29,9,968.3919487,36.94921875,2.401,5,88.88888888888889,.NET 9.0.3
MultiSequenceLearning,S30,9,968.3919487,36.94921875,2.401,5,88.88888888888889,.NET 9.0.3
MultiSequenceLearning,S1,49,968.3919487,36.94921875,2.401,5,100,.NET 9.0.3
MultiSequenceLearning,S2,49,968.3919487,36.94921875,2.401,5,97.95918367346938,.NET 9.0.3
MultiSequenceLearning,S3,49,968.3919487,36.94921875,2.401,5,97.95918367346938,.NET 9.0.3
MultiSequenceLearning,S4,9,968.3919487,36.94921875,2.401,5,88.88888888888889,.NET 9.0.3
MultiSequenceLearning,S5,9,968.3919487,36.94921875,2.401,5,88.88888888888889,.NET 9.0.3
MultiSequenceLearning,S6,9,968.3919487,36.94921875,2.401,5,88.88888888888889,.NET 9.0.3
MultiSequenceLearning,S7,9,968.3919487,36.94921875,2.401,5,88.88888888888889,.NET 9.0.3
MultiSequenceLearning,S8,9,968.3919487,36.94921875,2.401,5,88.88888888888889,.NET 9.0.3
MultiSequenceLearning,S9,9,968.3919487,36.94921875,2.401,5,88.88888888888889,.NET 9.0.3
MultiSequenceLearning,S10,9,968.3919487,36.94921875,2.401,5,88.88888888888889,.NET 9.0.3
MultiSequenceLearning,S11,9,968.3919487,36.94921875,2.401,5,88.88888888888889,.NET 9.0.3
MultiSequenceLearning,S12,9,968.3919487,36.94921875,2.401,5,88.88888888888889,.NET 9.0.3
MultiSequenceLearning,S13,9,968.3919487,36.94921875,2.401,5,88.88888888888889,.NET 9.0.3
MultiSequenceLearning,S14,9,968.3919487,36.94921875,2.401,5,88.88888888888889,.NET 9.0.3
MultiSequenceLearning,S15,9,968.3919487,36.94921875,2.401,5,88.88888888888889,.NET 9.0.3
MultiSequenceLearning,S16,9,968.3919487,36.94921875,2.401,5,88.88888888888889,.NET 9.0.3
MultiSequenceLearning,S17,9,968.3919487,36.94921875,2.401,5,88.88888888888889,.NET 9.0.3
MultiSequenceLearning,S18,9,968.3919487,36.94921875,2.401,5,88.88888888888889,.NET 9.0.3
MultiSequenceLearning,S19,9,968.3919487,36.94921875,2.401,5,88.88888888888889,.NET 9.0.3
MultiSequenceLearning,S20,9,968.3919487,36.94921875,2.401,5,88.88888888888889,.NET 9.0.3
MultiSequenceLearning,S21,9,968.3919487,36.94921875,2.401,5,88.88888888888889,.NET 9.0.3
MultiSequenceLearning,S22,9,968.3919487,36.94921875,2.401,5,88.88888888888889,.NET 9.0.3
MultiSequenceLearning,S23,9,968.3919487,36.94921875,2.401,5,88.88888888888889,.NET 9.0.3
MultiSequenceLearning,S24,9,968.3919487,36.94921875,2.401,5,88.88888888888889,.NET 9.0.3
MultiSequenceLearning,S25,9,968.3919487,36.94921875,2.401,5,88.88888888888889,.NET 9.0.3
MultiSequenceLearning,S26,9,968.3919487,36.94921875,2.401,5,88.88888888888889,.NET 9.0.3
MultiSequenceLearning,S27,9,968.3919487,36.94921875,2.401,5,88.88888888888889,.NET 9.0.3
MultiSequenceLearning,S28,9,968.3919487,36.94921875,2.401,5,88.88888888888889,.NET 9.0.3
MultiSequenceLearning,S29,9,968.3919487,36.94921875,2.401,5,88.88888888888889,.NET 9.0.3
MultiSequenceLearning,S30,9,968.3919487,36.94921875,2.401,5,88.88888888888889,.NET 9.0.3
MultiSequenceLearning,S1,49,968.3919487,36.94921875,2.401,5,100,.NET 9.0.3
MultiSequenceLearning,S2,49,968.3919487,36.94921875,2.401,5,97.95918367346938,.NET 9.0.3
MultiSequenceLearning,S3,49,968.3919487,36.94921875,2.401,5,97.95918367346938,.NET 9.0.3
MultiSequenceLearning,S4,9,968.3919487,36.94921875,2.401,5,88.88888888888889,.NET 9.0.3
MultiSequenceLearning,S5,9,968.3919487,36.94921875,2.401,5,88.88888888888889,.NET 9.0.3
MultiSequenceLearning,S6,9,968.3919487,36.94921875,2.401,5,88.88888888888889,.NET 9.0.3
MultiSequenceLearning,S7,9,968.3919487,36.94921875,2.401,5,88.88888888888889,.NET 9.0.3
MultiSequenceLearning,S8,9,968.3919487,36.94921875,2.401,5,88.88888888888889,.NET 9.0.3
MultiSequenceLearning,S9,9,968.3919487,36.94921875,2.401,5,88.88888888888889,.NET 9.0.3
MultiSequenceLearning,S10,9,968.3919487,36.94921875,2.401,5,88.88888888888889,.NET 9.0.3
MultiSequenceLearning,S11,9,968.3919487,36.94921875,2.401,5,88.88888888888889,.NET 9.0.3
MultiSequenceLearning,S12,9,968.3919487,36.94921875,2.401,5,88.88888888888889,.NET 9.0.3
MultiSequenceLearning,S13,9,968.3919487,36.94921875,2.401,5,88.88888888888889,.NET 9.0.3
MultiSequenceLearning,S14,9,968.3919487,36.94921875,2.401,5,88.88888888888889,.NET 9.0.3
MultiSequenceLearning,S15,9,968.3919487,36.94921875,2.401,5,88.88888888888889,.NET 9.0.3
MultiSequenceLearning,S16,9,968.3919487,36.94921875,2.401,5,88.88888888888889,.NET 9.0.3
MultiSequenceLearning,S17,9,968.3919487,36.94921875,2.401,5,88.88888888888889,.NET 9.0.3
MultiSequenceLearning,S18,9,968.3919487,36.94921875,2.401,5,88.88888888888889,.NET 9.0.3
MultiSequenceLearning,S19,9,968.3919487,36.94921875,2.401,5,88.88888888888889,.NET 9.0.3
MultiSequenceLearning,S20,9,968.3919487,36.94921875,2.401,5,88.88888888888889,.NET 9.0.3
MultiSequenceLearning,S21,9,968.3919487,36.94921875,2.401,5,88.88888888888889,.NET 9.0.3
MultiSequenceLearning,S22,9,968.3919487,36.94921875,2.401,5,88.88888888888889,.NET 9.0.3
MultiSequenceLearning,S23,9,968.3919487,36.94921875,2.401,5,88.88888888888889,.NET 9.0.3
MultiSequenceLearning,S24,9,968.3919487,36.94921875,2.401,5,88.88888888888889,.NET 9.0.3
MultiSequenceLearning,S25,9,968.3919487,36.94921875,2.401,5,88.88888888888889,.NET 9.0.3
MultiSequenceLearning,S26,9,968.3919487,36.94921875,2.401,5,88.88888888888889,.NET 9.0.3
MultiSequenceLearning,S27,9,968.3919487,36.94921875,2.401,5,88.88888888888889,.NET 9.0.3
MultiSequenceLearning,S28,9,968.3919487,36.94921875,2.401,5,88.88888888888889,.NET 9.0.3
MultiSequenceLearning,S29,9,968.3919487,36.94921875,2.401,5,88.88888888888889,.NET 9.0.3
MultiSequenceLearning,S30,9,968.3919487,36.94921875,2.401,5,88.88888888888889,.NET 9.0.3
MultiSequenceLearning,S1,49,968.3919487,36.94921875,2.401,5,100,.NET 9.0.3
MultiSequenceLearning,S2,49,968.3919487,36.94921875,2.401,5,97.95918367346938,.NET 9.0.3
MultiSequenceLearning,S3,49,968.3919487,36.94921875,2.401,5,97.95918367346938,.NET 9.0.3
MultiSequenceLearning,S4,9,968.3919487,36.94921875,2.401,5,88.88888888888889,.NET 9.0.3
MultiSequenceLearning,S5,9,968.3919487,36.94921875,2.401,5,88.88888888888889,.NET 9.0.3
MultiSequenceLearning,S6,9,968.3919487,36.94921875,2.401,5,88.88888888888889,.NET 9.0.3
MultiSequenceLearning,S7,9,968.3919487,36.94921875,2.401,5,88.88888888888889,.NET 9.0.3
MultiSequenceLearning,S8,9,968.3919487,36.94921875,2.401,5,88.88888888888889,.NET 9.0.3
MultiSequenceLearning,S9,9,968.3919487,36.94921875,2.401,5,88.88888888888889,.NET 9.0.3
MultiSequenceLearning,S10,9,968.3919487,36.94921875,2.401,5,88.88888888888889,.NET 9.0.3
MultiSequenceLearning,S11,9,968.3919487,36.94921875,2.401,5,88.88888888888889,.NET 9.0.3
MultiSequenceLearning,S12,9,968.3919487,36.94921875,2.401,5,88.88888888888889,.NET 9.0.3
MultiSequenceLearning,S13,9,968.3919487,36.94921875,2.401,5,88.88888888888889,.NET 9.0.3
MultiSequenceLearning,S14,9,968.3919487,36.94921875,2.401,5,88.88888888888889,.NET 9.0.3
MultiSequenceLearning,S15,9,968.3919487,36.94921875,2.401,5,88.88888888888889,.NET 9.0.3
MultiSequenceLearning,S16,9,968.3919487,36.94921875,2.401,5,88.88888888888889,.NET 9.0.3
MultiSequenceLearning,S17,9,968.3919487,36.94921875,2.401,5,88.88888888888889,.NET 9.0.3
MultiSequenceLearning,S18,9,968.3919487,36.94921875,2.401,5,88.88888888888889,.NET 9.0.3
MultiSequenceLearning,S19,9,968.3919487,36.94921875,2.401,5,88.88888888888889,.NET 9.0.3
MultiSequenceLearning,S20,9,968.3919487,36.94921875,2.401,5,88.88888888888889,.NET 9.0.3
MultiSequenceLearning,S21,9,968.3919487,36.94921875,2.401,5,88.88888888888889,.NET 9.0.3
MultiSequenceLearning,S22,9,968.3919487,36.94921875,2.401,5,88.88888888888889,.NET 9.0.3
MultiSequenceLearning,S23,9,968.3919487,36.94921875,2.401,5,88.88888888888889,.NET 9.0.3
MultiSequenceLearning,S24,9,968.3919487,36.94921875,2.401,5,88.88888888888889,.NET 9.0.3
MultiSequenceLearning,S25,9,968.3919487,36.94921875,2.401,5,88.88888888888889,.NET 9.0.3
MultiSequenceLearning,S26,9,968.3919487,36.94921875,2.401,5,88.88888888888889,.NET 9.0.3
MultiSequenceLearning,S27,9,968.3919487,36.94921875,2.401,5,88.88888888888889,.NET 9.0.3
MultiSequenceLearning,S28,9,968.3919487,36.94921875,2.401,5,88.88888888888889,.NET 9.0.3
MultiSequenceLearning,S29,9,968.3919487,36.94921875,2.401,5,88.88888888888889,.NET 9.0.3
MultiSequenceLearning,S30,9,968.3919487,36.94921875,2.401,5,88.88888888888889,.NET 9.0.3
MultiSequenceLearning,S1,49,976.0210208,41.359375,2.401,5,100,.NET 9.0.3
MultiSequenceLearning,S2,49,976.0210208,41.359375,2.401,5,97.95918367346938,.NET 9.0.3
MultiSequenceLearning,S3,49,976.0210208,41.359375,2.401,5,97.95918367346938,.NET 9.0.3
MultiSequenceLearning,S4,9,976.0210208,41.359375,2.401,5,88.88888888888889,.NET 9.0.3
MultiSequenceLearning,S5,9,976.0210208,41.359375,2.401,5,88.88888888888889,.NET 9.0.3
MultiSequenceLearning,S6,9,976.0210208,41.359375,2.401,5,88.88888888888889,.NET 9.0.3
MultiSequenceLearning,S7,9,976.0210208,41.359375,2.401,5,88.88888888888889,.NET 9.0.3
MultiSequenceLearning,S8,9,976.0210208,41.359375,2.401,5,88.88888888888889,.NET 9.0.3
MultiSequenceLearning,S9,9,976.0210208,41.359375,2.401,5,88.88888888888889,.NET 9.0.3
MultiSequenceLearning,S10,9,976.0210208,41.359375,2.401,5,88.88888888888889,.NET 9.0.3
MultiSequenceLearning,S11,9,976.0210208,41.359375,2.401,5,88.88888888888889,.NET 9.0.3
MultiSequenceLearning,S12,9,976.0210208,41.359375,2.401,5,88.88888888888889,.NET 9.0.3
MultiSequenceLearning,S13,9,976.0210208,41.359375,2.401,5,88.88888888888889,.NET 9.0.3
MultiSequenceLearning,S14,9,976.0210208,41.359375,2.401,5,88.88888888888889,.NET 9.0.3
MultiSequenceLearning,S15,9,976.0210208,41.359375,2.401,5,88.88888888888889,.NET 9.0.3
MultiSequenceLearning,S16,9,976.0210208,41.359375,2.401,5,88.88888888888889,.NET 9.0.3
MultiSequenceLearning,S17,9,976.0210208,41.359375,2.401,5,88.88888888888889,.NET 9.0.3
MultiSequenceLearning,S18,9,976.0210208,41.359375,2.401,5,88.88888888888889,.NET 9.0.3
MultiSequenceLearning,S19,9,976.0210208,41.359375,2.401,5,88.88888888888889,.NET 9.0.3
MultiSequenceLearning,S20,9,976.0210208,41.359375,2.401,5,88.88888888888889,.NET 9.0.3
MultiSequenceLearning,S21,9,976.0210208,41.359375,2.401,5,88.88888888888889,.NET 9.0.3
MultiSequenceLearning,S22,9,976.0210208,41.359375,2.401,5,88.88888888888889,.NET 9.0.3
MultiSequenceLearning,S23,9,976.0210208,41.359375,2.401,5,88.88888888888889,.NET 9.0.3
MultiSequenceLearning,S24,9,976.0210208,41.359375,2.401,5,88.88888888888889,.NET 9.0.3
MultiSequenceLearning,S25,9,976.0210208,41.359375,2.401,5,88.88888888888889,.NET 9.0.3
MultiSequenceLearning,S26,9,976.0210208,41.359375,2.401,5,88.88888888888889,.NET 9.0.3
MultiSequenceLearning,S27,9,976.0210208,41.359375,2.401,5,88.88888888888889,.NET 9.0.3
MultiSequenceLearning,S28,9,976.0210208,41.359375,2.401,5,88.88888888888889,.NET 9.0.3
MultiSequenceLearning,S29,9,976.0210208,41.359375,2.401,5,88.88888888888889,.NET 9.0.3
MultiSequenceLearning,S30,9,976.0210208,41.359375,2.401,5,88.88888888888889,.NET 9.0.3
MultiSequenceLearning,S1,49,976.0210208,41.359375,2.401,5,100,.NET 9.0.3
MultiSequenceLearning,S2,49,976.0210208,41.359375,2.401,5,97.95918367346938,.NET 9.0.3
MultiSequenceLearning,S3,49,976.0210208,41.359375,2.401,5,97.95918367346938,.NET 9.0.3
MultiSequenceLearning,S4,9,976.0210208,41.359375,2.401,5,88.88888888888889,.NET 9.0.3
MultiSequenceLearning,S5,9,976.0210208,41.359375,2.401,5,88.88888888888889,.NET 9.0.3
MultiSequenceLearning,S6,9,976.0210208,41.359375,2.401,5,88.88888888888889,.NET 9.0.3
MultiSequenceLearning,S7,9,976.0210208,41.359375,2.401,5,88.88888888888889,.NET 9.0.3
MultiSequenceLearning,S8,9,976.0210208,41.359375,2.401,5,88.88888888888889,.NET 9.0.3
MultiSequenceLearning,S9,9,976.0210208,41.359375,2.401,5,88.88888888888889,.NET 9.0.3
MultiSequenceLearning,S10,9,976.0210208,41.359375,2.401,5,88.88888888888889,.NET 9.0.3
MultiSequenceLearning,S11,9,976.0210208,41.359375,2.401,5,88.88888888888889,.NET 9.0.3
MultiSequenceLearning,S12,9,976.0210208,41.359375,2.401,5,88.88888888888889,.NET 9.0.3
MultiSequenceLearning,S13,9,976.0210208,41.359375,2.401,5,88.88888888888889,.NET 9.0.3
MultiSequenceLearning,S14,9,976.0210208,41.359375,2.401,5,88.88888888888889,.NET 9.0.3
MultiSequenceLearning,S15,9,976.0210208,41.359375,2.401,5,88.88888888888889,.NET 9.0.3
MultiSequenceLearning,S16,9,976.0210208,41.359375,2.401,5,88.88888888888889,.NET 9.0.3
MultiSequenceLearning,S17,9,976.0210208,41.359375,2.401,5,88.88888888888889,.NET 9.0.3
MultiSequenceLearning,S18,9,976.0210208,41.359375,2.401,5,88.88888888888889,.NET 9.0.3
MultiSequenceLearning,S19,9,976.0210208,41.359375,2.401,5,88.88888888888889,.NET 9.0.3
MultiSequenceLearning,S20,9,976.0210208,41.359375,2.401,5,88.88888888888889,.NET 9.0.3
MultiSequenceLearning,S21,9,976.0210208,41.359375,2.401,5,88.88888888888889,.NET 9.0.3
MultiSequenceLearning,S22,9,976.0210208,41.359375,2.401,5,88.88888888888889,.NET 9.0.3
MultiSequenceLearning,S23,9,976.0210208,41.359375,2.401,5,88.88888888888889,.NET 9.0.3
MultiSequenceLearning,S24,9,976.0210208,41.359375,2.401,5,88.88888888888889,.NET 9.0.3
MultiSequenceLearning,S25,9,976.0210208,41.359375,2.401,5,88.88888888888889,.NET 9.0.3
MultiSequenceLearning,S26,9,976.0210208,41.359375,2.401,5,88.88888888888889,.NET 9.0.3
MultiSequenceLearning,S27,9,976.0210208,41.359375,2.401,5,88.88888888888889,.NET 9.0.3
MultiSequenceLearning,S28,9,976.0210208,41.359375,2.401,5,88.88888888888889,.NET 9.0.3
MultiSequenceLearning,S29,9,976.0210208,41.359375,2.401,5,88.88888888888889,.NET 9.0.3
MultiSequenceLearning,S30,9,976.0210208,41.359375,2.401,5,88.88888888888889,.NET 9.0.3
MultiSequenceLearning,S1,49,976.0210208,41.359375,2.401,5,100,.NET 9.0.3
MultiSequenceLearning,S2,49,976.0210208,41.359375,2.401,5,97.95918367346938,.NET 9.0.3
MultiSequenceLearning,S3,49,976.0210208,41.359375,2.401,5,97.95918367346938,.NET 9.0.3
MultiSequenceLearning,S4,9,976.0210208,41.359375,2.401,5,88.88888888888889,.NET 9.0.3
MultiSequenceLearning,S5,9,976.0210208,41.359375,2.401,5,88.88888888888889,.NET 9.0.3
MultiSequenceLearning,S6,9,976.0210208,41.359375,2.401,5,88.88888888888889,.NET 9.0.3
MultiSequenceLearning,S7,9,976.0210208,41.359375,2.401,5,88.88888888888889,.NET 9.0.3
MultiSequenceLearning,S8,9,976.0210208,41.359375,2.401,5,88.88888888888889,.NET 9.0.3
MultiSequenceLearning,S9,9,976.0210208,41.359375,2.401,5,88.88888888888889,.NET 9.0.3
MultiSequenceLearning,S10,9,976.0210208,41.359375,2.401,5,88.88888888888889,.NET 9.0.3
MultiSequenceLearning,S11,9,976.0210208,41.359375,2.401,5,88.88888888888889,.NET 9.0.3
MultiSequenceLearning,S12,9,976.0210208,41.359375,2.401,5,88.88888888888889,.NET 9.0.3
MultiSequenceLearning,S13,9,976.0210208,41.359375,2.401,5,88.88888888888889,.NET 9.0.3
MultiSequenceLearning,S14,9,976.0210208,41.359375,2.401,5,88.88888888888889,.NET 9.0.3
MultiSequenceLearning,S15,9,976.0210208,41.359375,2.401,5,88.88888888888889,.NET 9.0.3
MultiSequenceLearning,S16,9,976.0210208,41.359375,2.401,5,88.88888888888889,.NET 9.0.3
MultiSequenceLearning,S17,9,976.0210208,41.359375,2.401,5,88.88888888888889,.NET 9.0.3
MultiSequenceLearning,S18,9,976.0210208,41.359375,2.401,5,88.88888888888889,.NET 9.0.3
MultiSequenceLearning,S19,9,976.0210208,41.359375,2.401,5,88.88888888888889,.NET 9.0.3
MultiSequenceLearning,S20,9,976.0210208,41.359375,2.401,5,88.88888888888889,.NET 9.0.3
MultiSequenceLearning,S21,9,976.0210208,41.359375,2.401,5,88.88888888888889,.NET 9.0.3
MultiSequenceLearning,S22,9,976.0210208,41.359375,2.401,5,88.88888888888889,.NET 9.0.3
MultiSequenceLearning,S23,9,976.0210208,41.359375,2.401,5,88.88888888888889,.NET 9.0.3
MultiSequenceLearning,S24,9,976.0210208,41.359375,2.401,5,88.88888888888889,.NET 9.0.3
MultiSequenceLearning,S25,9,976.0210208,41.359375,2.401,5,88.88888888888889,.NET 9.0.3
MultiSequenceLearning,S26,9,976.0210208,41.359375,2.401,5,88.88888888888889,.NET 9.0.3
MultiSequenceLearning,S27,9,976.0210208,41.359375,2.401,5,88.88888888888889,.NET 9.0.3
MultiSequenceLearning,S28,9,976.0210208,41.359375,2.401,5,88.88888888888889,.NET 9.0.3
MultiSequenceLearning,S29,9,976.0210208,41.359375,2.401,5,88.88888888888889,.NET 9.0.3
MultiSequenceLearning,S30,9,976.0210208,41.359375,2.401,5,88.88888888888889,.NET 9.0.3
MultiSequenceLearning,S1,49,976.0210208,41.359375,2.401,5,100,.NET 9.0.3
MultiSequenceLearning,S2,49,976.0210208,41.359375,2.401,5,97.95918367346938,.NET 9.0.3
MultiSequenceLearning,S3,49,976.0210208,41.359375,2.401,5,97.95918367346938,.NET 9.0.3
MultiSequenceLearning,S4,9,976.0210208,41.359375,2.401,5,88.88888888888889,.NET 9.0.3
MultiSequenceLearning,S5,9,976.0210208,41.359375,2.401,5,88.88888888888889,.NET 9.0.3
MultiSequenceLearning,S6,9,976.0210208,41.359375,2.401,5,88.88888888888889,.NET 9.0.3
MultiSequenceLearning,S7,9,976.0210208,41.359375,2.401,5,88.88888888888889,.NET 9.0.3
MultiSequenceLearning,S8,9,976.0210208,41.359375,2.401,5,88.88888888888889,.NET 9.0.3
MultiSequenceLearning,S9,9,976.0210208,41.359375,2.401,5,88.88888888888889,.NET 9.0.3
MultiSequenceLearning,S10,9,976.0210208,41.359375,2.401,5,88.88888888888889,.NET 9.0.3
MultiSequenceLearning,S11,9,976.0210208,41.359375,2.401,5,88.88888888888889,.NET 9.0.3
MultiSequenceLearning,S12,9,976.0210208,41.359375,2.401,5,88.88888888888889,.NET 9.0.3
MultiSequenceLearning,S13,9,976.0210208,41.359375,2.401,5,88.88888888888889,.NET 9.0.3
MultiSequenceLearning,S14,9,976.0210208,41.359375,2.401,5,88.88888888888889,.NET 9.0.3
MultiSequenceLearning,S15,9,976.0210208,41.359375,2.401,5,88.88888888888889,.NET 9.0.3
MultiSequenceLearning,S16,9,976.0210208,41.359375,2.401,5,88.88888888888889,.NET 9.0.3
MultiSequenceLearning,S17,9,976.0210208,41.359375,2.401,5,88.88888888888889,.NET 9.0.3
MultiSequenceLearning,S18,9,976.0210208,41.359375,2.401,5,88.88888888888889,.NET 9.0.3
MultiSequenceLearning,S19,9,976.0210208,41.359375,2.401,5,88.88888888888889,.NET 9.0.3
MultiSequenceLearning,S20,9,976.0210208,41.359375,2.401,5,88.88888888888889,.NET 9.0.3
MultiSequenceLearning,S21,9,976.0210208,41.359375,2.401,5,88.88888888888889,.NET 9.0.3
MultiSequenceLearning,S22,9,976.0210208,41.359375,2.401,5,88.88888888888889,.NET 9.0.3
MultiSequenceLearning,S23,9,976.0210208,41.359375,2.401,5,88.88888888888889,.NET 9.0.3
MultiSequenceLearning,S24,9,976.0210208,41.359375,2.401,5,88.88888888888889,.NET 9.0.3
MultiSequenceLearning,S25,9,976.0210208,41.359375,2.401,5,88.88888888888889,.NET 9.0.3
MultiSequenceLearning,S26,9,976.0210208,41.359375,2.401,5,88.88888888888889,.NET 9.0.3
MultiSequenceLearning,S27,9,976.0210208,41.359375,2.401,5,88.88888888888889,.NET 9.0.3
MultiSequenceLearning,S28,9,976.0210208,41.359375,2.401,5,88.88888888888889,.NET 9.0.3
MultiSequenceLearning,S29,9,976.0210208,41.359375,2.401,5,88.88888888888889,.NET 9.0.3
MultiSequenceLearning,S30,9,976.0210208,41.359375,2.401,5,88.88888888888889,.NET 9.0.3
MultiSequenceLearning,S1,49,974.1667981,40.9296875,2.401,5,100,.NET 9.0.3
MultiSequenceLearning,S2,49,974.1667981,40.9296875,2.401,5,97.95918367346938,.NET 9.0.3
MultiSequenceLearning,S3,49,974.1667981,40.9296875,2.401,5,97.95918367346938,.NET 9.0.3
MultiSequenceLearning,S4,9,974.1667981,40.9296875,2.401,5,88.88888888888889,.NET 9.0.3
MultiSequenceLearning,S5,9,974.1667981,40.9296875,2.401,5,88.88888888888889,.NET 9.0.3
MultiSequenceLearning,S6,9,974.1667981,40.9296875,2.401,5,88.88888888888889,.NET 9.0.3
MultiSequenceLearning,S7,9,974.1667981,40.9296875,2.401,5,88.88888888888889,.NET 9.0.3
MultiSequenceLearning,S8,9,974.1667981,40.9296875,2.401,5,88.88888888888889,.NET 9.0.3
MultiSequenceLearning,S9,9,974.1667981,40.9296875,2.401,5,88.88888888888889,.NET 9.0.3
MultiSequenceLearning,S10,9,974.1667981,40.9296875,2.401,5,88.88888888888889,.NET 9.0.3
MultiSequenceLearning,S11,9,974.1667981,40.9296875,2.401,5,88.88888888888889,.NET 9.0.3
MultiSequenceLearning,S12,9,974.1667981,40.9296875,2.401,5,88.88888888888889,.NET 9.0.3
MultiSequenceLearning,S13,9,974.1667981,40.9296875,2.401,5,88.88888888888889,.NET 9.0.3
MultiSequenceLearning,S14,9,974.1667981,40.9296875,2.401,5,88.88888888888889,.NET 9.0.3
MultiSequenceLearning,S15,9,974.1667981,40.9296875,2.401,5,88.88888888888889,.NET 9.0.3
MultiSequenceLearning,S16,9,974.1667981,40.9296875,2.401,5,88.88888888888889,.NET 9.0.3
MultiSequenceLearning,S17,9,974.1667981,40.9296875,2.401,5,88.88888888888889,.NET 9.0.3
MultiSequenceLearning,S18,9,974.1667981,40.9296875,2.401,5,88.88888888888889,.NET 9.0.3
MultiSequenceLearning,S19,9,974.1667981,40.9296875,2.401,5,88.88888888888889,.NET 9.0.3
MultiSequenceLearning,S20,9,974.1667981,40.9296875,2.401,5,88.88888888888889,.NET 9.0.3
MultiSequenceLearning,S21,9,974.1667981,40.9296875,2.401,5,88.88888888888889,.NET 9.0.3
MultiSequenceLearning,S22,9,974.1667981,40.9296875,2.401,5,88.88888888888889,.NET 9.0.3
MultiSequenceLearning,S23,9,974.1667981,40.9296875,2.401,5,88.88888888888889,.NET 9.0.3
MultiSequenceLearning,S24,9,974.1667981,40.9296875,2.401,5,88.88888888888889,.NET 9.0.3
MultiSequenceLearning,S25,9,974.1667981,40.9296875,2.401,5,88.88888888888889,.NET 9.0.3
MultiSequenceLearning,S26,9,974.1667981,40.9296875,2.401,5,88.88888888888889,.NET 9.0.3
MultiSequenceLearning,S27,9,974.1667981,40.9296875,2.401,5,88.88888888888889,.NET 9.0.3
MultiSequenceLearning,S28,9,974.1667981,40.9296875,2.401,5,88.88888888888889,.NET 9.0.3
MultiSequenceLearning,S29,9,974.1667981,40.9296875,2.401,5,88.88888888888889,.NET 9.0.3
MultiSequenceLearning,S30,9,974.1667981,40.9296875,2.401,5,88.88888888888889,.NET 9.0.3
MultiSequenceLearning,S1,49,974.1667981,40.9296875,2.401,5,100,.NET 9.0.3
MultiSequenceLearning,S2,49,974.1667981,40.9296875,2.401,5,97.95918367346938,.NET 9.0.3
MultiSequenceLearning,S3,49,974.1667981,40.9296875,2.401,5,97.95918367346938,.NET 9.0.3
MultiSequenceLearning,S4,9,974.1667981,40.9296875,2.401,5,88.88888888888889,.NET 9.0.3
MultiSequenceLearning,S5,9,974.1667981,40.9296875,2.401,5,88.88888888888889,.NET 9.0.3
MultiSequenceLearning,S6,9,974.1667981,40.9296875,2.401,5,88.88888888888889,.NET 9.0.3
MultiSequenceLearning,S7,9,974.1667981,40.9296875,2.401,5,88.88888888888889,.NET 9.0.3
MultiSequenceLearning,S8,9,974.1667981,40.9296875,2.401,5,88.88888888888889,.NET 9.0.3
MultiSequenceLearning,S9,9,974.1667981,40.9296875,2.401,5,88.88888888888889,.NET 9.0.3
MultiSequenceLearning,S10,9,974.1667981,40.9296875,2.401,5,88.88888888888889,.NET 9.0.3
MultiSequenceLearning,S11,9,974.1667981,40.9296875,2.401,5,88.88888888888889,.NET 9.0.3
MultiSequenceLearning,S12,9,974.1667981,40.9296875,2.401,5,88.88888888888889,.NET 9.0.3
MultiSequenceLearning,S13,9,974.1667981,40.9296875,2.401,5,88.88888888888889,.NET 9.0.3
MultiSequenceLearning,S14,9,974.1667981,40.9296875,2.401,5,88.88888888888889,.NET 9.0.3
MultiSequenceLearning,S15,9,974.1667981,40.9296875,2.401,5,88.88888888888889,.NET 9.0.3
MultiSequenceLearning,S16,9,974.1667981,40.9296875,2.401,5,88.88888888888889,.NET 9.0.3
MultiSequenceLearning,S17,9,974.1667981,40.9296875,2.401,5,88.88888888888889,.NET 9.0.3
MultiSequenceLearning,S18,9,974.1667981,40.9296875,2.401,5,88.88888888888889,.NET 9.0.3
MultiSequenceLearning,S19,9,974.1667981,40.9296875,2.401,5,88.88888888888889,.NET 9.0.3
MultiSequenceLearning,S20,9,974.1667981,40.9296875,2.401,5,88.88888888888889,.NET 9.0.3
MultiSequenceLearning,S21,9,974.1667981,40.9296875,2.401,5,88.88888888888889,.NET 9.0.3
MultiSequenceLearning,S22,9,974.1667981,40.9296875,2.401,5,88.88888888888889,.NET 9.0.3
MultiSequenceLearning,S23,9,974.1667981,40.9296875,2.401,5,88.88888888888889,.NET 9.0.3
MultiSequenceLearning,S24,9,974.1667981,40.9296875,2.401,5,88.88888888888889,.NET 9.0.3
MultiSequenceLearning,S25,9,974.1667981,40.9296875,2.401,5,88.88888888888889,.NET 9.0.3
MultiSequenceLearning,S26,9,974.1667981,40.9296875,2.401,5,88.88888888888889,.NET 9.0.3
MultiSequenceLearning,S27,9,974.1667981,40.9296875,2.401,5,88.88888888888889,.NET 9.0.3
MultiSequenceLearning,S28,9,974.1667981,40.9296875,2.401,5,88.88888888888889,.NET 9.0.3
MultiSequenceLearning,S29,9,974.1667981,40.9296875,2.401,5,88.88888888888889,.NET 9.0.3
MultiSequenceLearning,S30,9,974.1667981,40.9296875,2.401,5,88.88888888888889,.NET 9.0.3
MultiSequenceLearning,S1,49,974.1667981,40.9296875,2.401,5,100,.NET 9.0.3
MultiSequenceLearning,S2,49,974.1667981,40.9296875,2.401,5,97.95918367346938,.NET 9.0.3
MultiSequenceLearning,S3,49,974.1667981,40.9296875,2.401,5,97.95918367346938,.NET 9.0.3
MultiSequenceLearning,S4,9,974.1667981,40.9296875,2.401,5,88.88888888888889,.NET 9.0.3
MultiSequenceLearning,S5,9,974.1667981,40.9296875,2.401,5,88.88888888888889,.NET 9.0.3
MultiSequenceLearning,S6,9,974.1667981,40.9296875,2.401,5,88.88888888888889,.NET 9.0.3
MultiSequenceLearning,S7,9,974.1667981,40.9296875,2.401,5,88.88888888888889,.NET 9.0.3
MultiSequenceLearning,S8,9,974.1667981,40.9296875,2.401,5,88.88888888888889,.NET 9.0.3
MultiSequenceLearning,S9,9,974.1667981,40.9296875,2.401,5,88.88888888888889,.NET 9.0.3
MultiSequenceLearning,S10,9,974.1667981,40.9296875,2.401,5,88.88888888888889,.NET 9.0.3
MultiSequenceLearning,S11,9,974.1667981,40.9296875,2.401,5,88.88888888888889,.NET 9.0.3
MultiSequenceLearning,S12,9,974.1667981,40.9296875,2.401,5,88.88888888888889,.NET 9.0.3
MultiSequenceLearning,S13,9,974.1667981,40.9296875,2.401,5,88.88888888888889,.NET 9.0.3
MultiSequenceLearning,S14,9,974.1667981,40.9296875,2.401,5,88.88888888888889,.NET 9.0.3
MultiSequenceLearning,S15,9,974.1667981,40.9296875,2.401,5,88.88888888888889,.NET 9.0.3
MultiSequenceLearning,S16,9,974.1667981,40.9296875,2.401,5,88.88888888888889,.NET 9.0.3
MultiSequenceLearning,S17,9,974.1667981,40.9296875,2.401,5,88.88888888888889,.NET 9.0.3
MultiSequenceLearning,S18,9,974.1667981,40.9296875,2.401,5,88.88888888888889,.NET 9.0.3
MultiSequenceLearning,S19,9,974.1667981,40.9296875,2.401,5,88.88888888888889,.NET 9.0.3
MultiSequenceLearning,S20,9,974.1667981,40.9296875,2.401,5,88.88888888888889,.NET 9.0.3
MultiSequenceLearning,S21,9,974.1667981,40.9296875,2.401,5,88.88888888888889,.NET 9.0.3
MultiSequenceLearning,S22,9,974.1667981,40.9296875,2.401,5,88.88888888888889,.NET 9.0.3
MultiSequenceLearning,S23,9,974.1667981,40.9296875,2.401,5,88.88888888888889,.NET 9.0.3
MultiSequenceLearning,S24,9,974.1667981,40.9296875,2.401,5,88.88888888888889,.NET 9.0.3
MultiSequenceLearning,S25,9,974.1667981,40.9296875,2.401,5,88.88888888888889,.NET 9.0.3
MultiSequenceLearning,S26,9,974.1667981,40.9296875,2.401,5,88.88888888888889,.NET 9.0.3
MultiSequenceLearning,S27,9,974.1667981,40.9296875,2.401,5,88.88888888888889,.NET 9.0.3
MultiSequenceLearning,S28,9,974.1667981,40.9296875,2.401,5,88.88888888888889,.NET 9.0.3
MultiSequenceLearning,S29,9,974.1667981,40.9296875,2.401,5,88.88888888888889,.NET 9.0.3
MultiSequenceLearning,S30,9,974.1667981,40.9296875,2.401,5,88.88888888888889,.NET 9.0.3
MultiSequenceLearning,S1,49,974.1667981,40.9296875,2.401,5,100,.NET 9.0.3
MultiSequenceLearning,S2,49,974.1667981,40.9296875,2.401,5,97.95918367346938,.NET 9.0.3
MultiSequenceLearning,S3,49,974.1667981,40.9296875,2.401,5,97.95918367346938,.NET 9.0.3
MultiSequenceLearning,S4,9,974.1667981,40.9296875,2.401,5,88.88888888888889,.NET 9.0.3
MultiSequenceLearning,S5,9,974.1667981,40.9296875,2.401,5,88.88888888888889,.NET 9.0.3
MultiSequenceLearning,S6,9,974.1667981,40.9296875,2.401,5,88.88888888888889,.NET 9.0.3
MultiSequenceLearning,S7,9,974.1667981,40.9296875,2.401,5,88.88888888888889,.NET 9.0.3
MultiSequenceLearning,S8,9,974.1667981,40.9296875,2.401,5,88.88888888888889,.NET 9.0.3
MultiSequenceLearning,S9,9,974.1667981,40.9296875,2.401,5,88.88888888888889,.NET 9.0.3
MultiSequenceLearning,S10,9,974.1667981,40.9296875,2.401,5,88.88888888888889,.NET 9.0.3
MultiSequenceLearning,S11,9,974.1667981,40.9296875,2.401,5,88.88888888888889,.NET 9.0.3
MultiSequenceLearning,S12,9,974.1667981,40.9296875,2.401,5,88.88888888888889,.NET 9.0.3
MultiSequenceLearning,S13,9,974.1667981,40.9296875,2.401,5,88.88888888888889,.NET 9.0.3
MultiSequenceLearning,S14,9,974.1667981,40.9296875,2.401,5,88.88888888888889,.NET 9.0.3
MultiSequenceLearning,S15,9,974.1667981,40.9296875,2.401,5,88.88888888888889,.NET 9.0.3
MultiSequenceLearning,S16,9,974.1667981,40.9296875,2.401,5,88.88888888888889,.NET 9.0.3
MultiSequenceLearning,S17,9,974.1667981,40.9296875,2.401,5,88.88888888888889,.NET 9.0.3
MultiSequenceLearning,S18,9,974.1667981,40.9296875,2.401,5,88.88888888888889,.NET 9.0.3
MultiSequenceLearning,S19,9,974.1667981,40.9296875,2.401,5,88.88888888888889,.NET 9.0.3
MultiSequenceLearning,S20,9,974.1667981,40.9296875,2.401,5,88.88888888888889,.NET 9.0.3
MultiSequenceLearning,S21,9,974.1667981,40.9296875,2.401,5,88.88888888888889,.NET 9.0.3
MultiSequenceLearning,S22,9,974.1667981,40.9296875,2.401,5,88.88888888888889,.NET 9.0.3
MultiSequenceLearning,S23,9,974.1667981,40.9296875,2.401,5,88.88888888888889,.NET 9.0.3
MultiSequenceLearning,S24,9,974.1667981,40.9296875,2.401,5,88.88888888888889,.NET 9.0.3
MultiSequenceLearning,S25,9,974.1667981,40.9296875,2.401,5,88.88888888888889,.NET 9.0.3
MultiSequenceLearning,S26,9,974.1667981,40.9296875,2.401,5,88.88888888888889,.NET 9.0.3
MultiSequenceLearning,S27,9,974.1667981,40.9296875,2.401,5,88.88888888888889,.NET 9.0.3
MultiSequenceLearning,S28,9,974.1667981,40.9296875,2.401,5,88.88888888888889,.NET 9.0.3
MultiSequenceLearning,S29,9,974.1667981,40.9296875,2.401,5,88.88888888888889,.NET 9.0.3
MultiSequenceLearning,S30,9,974.1667981,40.9296875,2.401,5,88.88888888888889,.NET 9.0.3
MultiSequenceLearning,S1,49,1122.6840638,40.4375,2.401,4,100,.NET 9.0.3
MultiSequenceLearning,S2,49,1122.6840638,40.4375,2.401,4,97.95918367346938,.NET 9.0.3
MultiSequenceLearning,S3,49,1122.6840638,40.4375,2.401,4,97.95918367346938,.NET 9.0.3
MultiSequenceLearning,S4,9,1122.6840638,40.4375,2.401,4,88.88888888888889,.NET 9.0.3
MultiSequenceLearning,S5,9,1122.6840638,40.4375,2.401,4,88.88888888888889,.NET 9.0.3
MultiSequenceLearning,S6,9,1122.6840638,40.4375,2.401,4,88.88888888888889,.NET 9.0.3
MultiSequenceLearning,S7,9,1122.6840638,40.4375,2.401,4,88.88888888888889,.NET 9.0.3
MultiSequenceLearning,S8,9,1122.6840638,40.4375,2.401,4,88.88888888888889,.NET 9.0.3
MultiSequenceLearning,S9,9,1122.6840638,40.4375,2.401,4,88.88888888888889,.NET 9.0.3
MultiSequenceLearning,S10,9,1122.6840638,40.4375,2.401,4,88.88888888888889,.NET 9.0.3
MultiSequenceLearning,S11,9,1122.6840638,40.4375,2.401,4,88.88888888888889,.NET 9.0.3
MultiSequenceLearning,S12,9,1122.6840638,40.4375,2.401,4,88.88888888888889,.NET 9.0.3
MultiSequenceLearning,S13,9,1122.6840638,40.4375,2.401,4,88.88888888888889,.NET 9.0.3
MultiSequenceLearning,S14,9,1122.6840638,40.4375,2.401,4,88.88888888888889,.NET 9.0.3
MultiSequenceLearning,S15,9,1122.6840638,40.4375,2.401,4,88.88888888888889,.NET 9.0.3
MultiSequenceLearning,S16,9,1122.6840638,40.4375,2.401,4,88.88888888888889,.NET 9.0.3
MultiSequenceLearning,S17,9,1122.6840638,40.4375,2.401,4,88.88888888888889,.NET 9.0.3
MultiSequenceLearning,S18,9,1122.6840638,40.4375,2.401,4,88.88888888888889,.NET 9.0.3
MultiSequenceLearning,S19,9,1122.6840638,40.4375,2.401,4,88.88888888888889,.NET 9.0.3
MultiSequenceLearning,S20,9,1122.6840638,40.4375,2.401,4,88.88888888888889,.NET 9.0.3
MultiSequenceLearning,S21,9,1122.6840638,40.4375,2.401,4,88.88888888888889,.NET 9.0.3
MultiSequenceLearning,S22,9,1122.6840638,40.4375,2.401,4,88.88888888888889,.NET 9.0.3
MultiSequenceLearning,S23,9,1122.6840638,40.4375,2.401,4,88.88888888888889,.NET 9.0.3
MultiSequenceLearning,S24,9,1122.6840638,40.4375,2.401,4,88.88888888888889,.NET 9.0.3
MultiSequenceLearning,S25,9,1122.6840638,40.4375,2.401,4,88.88888888888889,.NET 9.0.3
MultiSequenceLearning,S26,9,1122.6840638,40.4375,2.401,4,88.88888888888889,.NET 9.0.3
MultiSequenceLearning,S27,9,1122.6840638,40.4375,2.401,4,88.88888888888889,.NET 9.0.3
MultiSequenceLearning,S28,9,1122.6840638,40.4375,2.401,4,88.88888888888889,.NET 9.0.3
MultiSequenceLearning,S29,9,1122.6840638,40.4375,2.401,4,88.88888888888889,.NET 9.0.3
MultiSequenceLearning,S30,9,1122.6840638,40.4375,2.401,4,88.88888888888889,.NET 9.0.3
MultiSequenceLearning,S1,49,1122.6840638,40.4375,2.401,4,100,.NET 9.0.3
MultiSequenceLearning,S2,49,1122.6840638,40.4375,2.401,4,97.95918367346938,.NET 9.0.3
MultiSequenceLearning,S3,49,1122.6840638,40.4375,2.401,4,97.95918367346938,.NET 9.0.3
MultiSequenceLearning,S4,9,1122.6840638,40.4375,2.401,4,88.88888888888889,.NET 9.0.3
MultiSequenceLearning,S5,9,1122.6840638,40.4375,2.401,4,88.88888888888889,.NET 9.0.3
MultiSequenceLearning,S6,9,1122.6840638,40.4375,2.401,4,88.88888888888889,.NET 9.0.3
MultiSequenceLearning,S7,9,1122.6840638,40.4375,2.401,4,88.88888888888889,.NET 9.0.3
MultiSequenceLearning,S8,9,1122.6840638,40.4375,2.401,4,88.88888888888889,.NET 9.0.3
MultiSequenceLearning,S9,9,1122.6840638,40.4375,2.401,4,88.88888888888889,.NET 9.0.3
MultiSequenceLearning,S10,9,1122.6840638,40.4375,2.401,4,88.88888888888889,.NET 9.0.3
MultiSequenceLearning,S11,9,1122.6840638,40.4375,2.401,4,88.88888888888889,.NET 9.0.3
MultiSequenceLearning,S12,9,1122.6840638,40.4375,2.401,4,88.88888888888889,.NET 9.0.3
MultiSequenceLearning,S13,9,1122.6840638,40.4375,2.401,4,88.88888888888889,.NET 9.0.3
MultiSequenceLearning,S14,9,1122.6840638,40.4375,2.401,4,88.88888888888889,.NET 9.0.3
MultiSequenceLearning,S15,9,1122.6840638,40.4375,2.401,4,88.88888888888889,.NET 9.0.3
MultiSequenceLearning,S16,9,1122.6840638,40.4375,2.401,4,88.88888888888889,.NET 9.0.3
MultiSequenceLearning,S17,9,1122.6840638,40.4375,2.401,4,88.88888888888889,.NET 9.0.3
MultiSequenceLearning,S18,9,1122.6840638,40.4375,2.401,4,88.88888888888889,.NET 9.0.3
MultiSequenceLearning,S19,9,1122.6840638,40.4375,2.401,4,88.88888888888889,.NET 9.0.3
MultiSequenceLearning,S20,9,1122.6840638,40.4375,2.401,4,88.88888888888889,.NET 9.0.3
MultiSequenceLearning,S21,9,1122.6840638,40.4375,2.401,4,88.88888888888889,.NET 9.0.3
MultiSequenceLearning,S22,9,1122.6840638,40.4375,2.401,4,88.88888888888889,.NET 9.0.3
MultiSequenceLearning,S23,9,1122.6840638,40.4375,2.401,4,88.88888888888889,.NET 9.0.3
MultiSequenceLearning,S24,9,1122.6840638,40.4375,2.401,4,88.88888888888889,.NET 9.0.3
MultiSequenceLearning,S25,9,1122.6840638,40.4375,2.401,4,88.88888888888889,.NET 9.0.3
MultiSequenceLearning,S26,9,1122.6840638,40.4375,2.401,4,88.88888888888889,.NET 9.0.3
MultiSequenceLearning,S27,9,1122.6840638,40.4375,2.401,4,88.88888888888889,.NET 9.0.3
MultiSequenceLearning,S28,9,1122.6840638,40.4375,2.401,4,88.88888888888889,.NET 9.0.3
MultiSequenceLearning,S29,9,1122.6840638,40.4375,2.401,4,88.88888888888889,.NET 9.0.3
MultiSequenceLearning,S30,9,1122.6840638,40.4375,2.401,4,88.88888888888889,.NET 9.0.3
MultiSequenceLearning,S1,49,1122.6840638,40.4375,2.401,4,100,.NET 9.0.3
MultiSequenceLearning,S2,49,1122.6840638,40.4375,2.401,4,97.95918367346938,.NET 9.0.3
MultiSequenceLearning,S3,49,1122.6840638,40.4375,2.401,4,97.95918367346938,.NET 9.0.3
MultiSequenceLearning,S4,9,1122.6840638,40.4375,2.401,4,88.88888888888889,.NET 9.0.3
MultiSequenceLearning,S5,9,1122.6840638,40.4375,2.401,4,88.88888888888889,.NET 9.0.3
MultiSequenceLearning,S6,9,1122.6840638,40.4375,2.401,4,88.88888888888889,.NET 9.0.3
MultiSequenceLearning,S7,9,1122.6840638,40.4375,2.401,4,88.88888888888889,.NET 9.0.3
MultiSequenceLearning,S8,9,1122.6840638,40.4375,2.401,4,88.88888888888889,.NET 9.0.3
MultiSequenceLearning,S9,9,1122.6840638,40.4375,2.401,4,88.88888888888889,.NET 9.0.3
MultiSequenceLearning,S10,9,1122.6840638,40.4375,2.401,4,88.88888888888889,.NET 9.0.3
MultiSequenceLearning,S11,9,1122.6840638,40.4375,2.401,4,88.88888888888889,.NET 9.0.3
MultiSequenceLearning,S12,9,1122.6840638,40.4375,2.401,4,88.88888888888889,.NET 9.0.3
MultiSequenceLearning,S13,9,1122.6840638,40.4375,2.401,4,88.88888888888889,.NET 9.0.3
MultiSequenceLearning,S14,9,1122.6840638,40.4375,2.401,4,88.88888888888889,.NET 9.0.3
MultiSequenceLearning,S15,9,1122.6840638,40.4375,2.401,4,88.88888888888889,.NET 9.0.3
MultiSequenceLearning,S16,9,1122.6840638,40.4375,2.401,4,88.88888888888889,.NET 9.0.3
MultiSequenceLearning,S17,9,1122.6840638,40.4375,2.401,4,88.88888888888889,.NET 9.0.3
MultiSequenceLearning,S18,9,1122.6840638,40.4375,2.401,4,88.88888888888889,.NET 9.0.3
MultiSequenceLearning,S19,9,1122.6840638,40.4375,2.401,4,88.88888888888889,.NET 9.0.3
MultiSequenceLearning,S20,9,1122.6840638,40.4375,2.401,4,88.88888888888889,.NET 9.0.3
MultiSequenceLearning,S21,9,1122.6840638,40.4375,2.401,4,88.88888888888889,.NET 9.0.3
MultiSequenceLearning,S22,9,1122.6840638,40.4375,2.401,4,88.88888888888889,.NET 9.0.3
MultiSequenceLearning,S23,9,1122.6840638,40.4375,2.401,4,88.88888888888889,.NET 9.0.3
MultiSequenceLearning,S24,9,1122.6840638,40.4375,2.401,4,88.88888888888889,.NET 9.0.3
MultiSequenceLearning,S25,9,1122.6840638,40.4375,2.401,4,88.88888888888889,.NET 9.0.3
MultiSequenceLearning,S26,9,1122.6840638,40.4375,2.401,4,88.88888888888889,.NET 9.0.3
MultiSequenceLearning,S27,9,1122.6840638,40.4375,2.401,4,88.88888888888889,.NET 9.0.3
MultiSequenceLearning,S28,9,1122.6840638,40.4375,2.401,4,88.88888888888889,.NET 9.0.3
MultiSequenceLearning,S29,9,1122.6840638,40.4375,2.401,4,88.88888888888889,.NET 9.0.3
MultiSequenceLearning,S30,9,1122.6840638,40.4375,2.401,4,88.88888888888889,.NET 9.0.3
MultiSequenceLearning,S1,49,1122.6840638,40.4375,2.401,4,100,.NET 9.0.3
MultiSequenceLearning,S2,49,1122.6840638,40.4375,2.401,4,97.95918367346938,.NET 9.0.3
MultiSequenceLearning,S3,49,1122.6840638,40.4375,2.401,4,97.95918367346938,.NET 9.0.3
MultiSequenceLearning,S4,9,1122.6840638,40.4375,2.401,4,88.88888888888889,.NET 9.0.3
MultiSequenceLearning,S5,9,1122.6840638,40.4375,2.401,4,88.88888888888889,.NET 9.0.3
MultiSequenceLearning,S6,9,1122.6840638,40.4375,2.401,4,88.88888888888889,.NET 9.0.3
MultiSequenceLearning,S7,9,1122.6840638,40.4375,2.401,4,88.88888888888889,.NET 9.0.3
MultiSequenceLearning,S8,9,1122.6840638,40.4375,2.401,4,88.88888888888889,.NET 9.0.3
MultiSequenceLearning,S9,9,1122.6840638,40.4375,2.401,4,88.88888888888889,.NET 9.0.3
MultiSequenceLearning,S10,9,1122.6840638,40.4375,2.401,4,88.88888888888889,.NET 9.0.3
MultiSequenceLearning,S11,9,1122.6840638,40.4375,2.401,4,88.88888888888889,.NET 9.0.3
MultiSequenceLearning,S12,9,1122.6840638,40.4375,2.401,4,88.88888888888889,.NET 9.0.3
MultiSequenceLearning,S13,9,1122.6840638,40.4375,2.401,4,88.88888888888889,.NET 9.0.3
MultiSequenceLearning,S14,9,1122.6840638,40.4375,2.401,4,88.88888888888889,.NET 9.0.3
MultiSequenceLearning,S15,9,1122.6840638,40.4375,2.401,4,88.88888888888889,.NET 9.0.3
MultiSequenceLearning,S16,9,1122.6840638,40.4375,2.401,4,88.88888888888889,.NET 9.0.3
MultiSequenceLearning,S17,9,1122.6840638,40.4375,2.401,4,88.88888888888889,.NET 9.0.3
MultiSequenceLearning,S18,9,1122.6840638,40.4375,2.401,4,88.88888888888889,.NET 9.0.3
MultiSequenceLearning,S19,9,1122.6840638,40.4375,2.401,4,88.88888888888889,.NET 9.0.3
MultiSequenceLearning,S20,9,1122.6840638,40.4375,2.401,4,88.88888888888889,.NET 9.0.3
MultiSequenceLearning,S21,9,1122.6840638,40.4375,2.401,4,88.88888888888889,.NET 9.0.3
MultiSequenceLearning,S22,9,1122.6840638,40.4375,2.401,4,88.88888888888889,.NET 9.0.3
MultiSequenceLearning,S23,9,1122.6840638,40.4375,2.401,4,88.88888888888889,.NET 9.0.3
MultiSequenceLearning,S24,9,1122.6840638,40.4375,2.401,4,88.88888888888889,.NET 9.0.3
MultiSequenceLearning,S25,9,1122.6840638,40.4375,2.401,4,88.88888888888889,.NET 9.0.3
MultiSequenceLearning,S26,9,1122.6840638,40.4375,2.401,4,88.88888888888889,.NET 9.0.3
MultiSequenceLearning,S27,9,1122.6840638,40.4375,2.401,4,88.88888888888889,.NET 9.0.3
MultiSequenceLearning,S28,9,1122.6840638,40.4375,2.401,4,88.88888888888889,.NET 9.0.3
MultiSequenceLearning,S29,9,1122.6840638,40.4375,2.401,4,88.88888888888889,.NET 9.0.3
MultiSequenceLearning,S30,9,1122.6840638,40.4375,2.401,4,88.88888888888889,.NET 9.0.3
MultiSequenceLearning,S1,49,1041.8284941,33.34375,2.401,4,100,.NET 9.0.3
MultiSequenceLearning,S2,49,1041.8284941,33.34375,2.401,4,97.95918367346938,.NET 9.0.3
MultiSequenceLearning,S3,49,1041.8284941,33.34375,2.401,4,97.95918367346938,.NET 9.0.3
MultiSequenceLearning,S4,9,1041.8284941,33.34375,2.401,4,88.88888888888889,.NET 9.0.3
MultiSequenceLearning,S5,9,1041.8284941,33.34375,2.401,4,88.88888888888889,.NET 9.0.3
MultiSequenceLearning,S6,9,1041.8284941,33.34375,2.401,4,88.88888888888889,.NET 9.0.3
MultiSequenceLearning,S7,9,1041.8284941,33.34375,2.401,4,88.88888888888889,.NET 9.0.3
MultiSequenceLearning,S8,9,1041.8284941,33.34375,2.401,4,88.88888888888889,.NET 9.0.3
MultiSequenceLearning,S9,9,1041.8284941,33.34375,2.401,4,88.88888888888889,.NET 9.0.3
MultiSequenceLearning,S10,9,1041.8284941,33.34375,2.401,4,88.88888888888889,.NET 9.0.3
MultiSequenceLearning,S11,9,1041.8284941,33.34375,2.401,4,88.88888888888889,.NET 9.0.3
MultiSequenceLearning,S12,9,1041.8284941,33.34375,2.401,4,88.88888888888889,.NET 9.0.3
MultiSequenceLearning,S13,9,1041.8284941,33.34375,2.401,4,88.88888888888889,.NET 9.0.3
MultiSequenceLearning,S14,9,1041.8284941,33.34375,2.401,4,88.88888888888889,.NET 9.0.3
MultiSequenceLearning,S15,9,1041.8284941,33.34375,2.401,4,88.88888888888889,.NET 9.0.3
MultiSequenceLearning,S16,9,1041.8284941,33.34375,2.401,4,88.88888888888889,.NET 9.0.3
MultiSequenceLearning,S17,9,1041.8284941,33.34375,2.401,4,88.88888888888889,.NET 9.0.3
MultiSequenceLearning,S18,9,1041.8284941,33.34375,2.401,4,88.88888888888889,.NET 9.0.3
MultiSequenceLearning,S19,9,1041.8284941,33.34375,2.401,4,88.88888888888889,.NET 9.0.3
MultiSequenceLearning,S20,9,1041.8284941,33.34375,2.401,4,88.88888888888889,.NET 9.0.3
MultiSequenceLearning,S21,9,1041.8284941,33.34375,2.401,4,88.88888888888889,.NET 9.0.3
MultiSequenceLearning,S22,9,1041.8284941,33.34375,2.401,4,88.88888888888889,.NET 9.0.3
MultiSequenceLearning,S23,9,1041.8284941,33.34375,2.401,4,88.88888888888889,.NET 9.0.3
MultiSequenceLearning,S24,9,1041.8284941,33.34375,2.401,4,88.88888888888889,.NET 9.0.3
MultiSequenceLearning,S25,9,1041.8284941,33.34375,2.401,4,88.88888888888889,.NET 9.0.3
MultiSequenceLearning,S26,9,1041.8284941,33.34375,2.401,4,88.88888888888889,.NET 9.0.3
MultiSequenceLearning,S27,9,1041.8284941,33.34375,2.401,4,88.88888888888889,.NET 9.0.3
MultiSequenceLearning,S28,9,1041.8284941,33.34375,2.401,4,88.88888888888889,.NET 9.0.3
MultiSequenceLearning,S29,9,1041.8284941,33.34375,2.401,4,88.88888888888889,.NET 9.0.3
MultiSequenceLearning,S30,9,1041.8284941,33.34375,2.401,4,88.88888888888889,.NET 9.0.3
MultiSequenceLearning,S1,49,1041.8284941,33.34375,2.401,4,100,.NET 9.0.3
MultiSequenceLearning,S2,49,1041.8284941,33.34375,2.401,4,97.95918367346938,.NET 9.0.3
MultiSequenceLearning,S3,49,1041.8284941,33.34375,2.401,4,97.95918367346938,.NET 9.0.3
MultiSequenceLearning,S4,9,1041.8284941,33.34375,2.401,4,88.88888888888889,.NET 9.0.3
MultiSequenceLearning,S5,9,1041.8284941,33.34375,2.401,4,88.88888888888889,.NET 9.0.3
MultiSequenceLearning,S6,9,1041.8284941,33.34375,2.401,4,88.88888888888889,.NET 9.0.3
MultiSequenceLearning,S7,9,1041.8284941,33.34375,2.401,4,88.88888888888889,.NET 9.0.3
MultiSequenceLearning,S8,9,1041.8284941,33.34375,2.401,4,88.88888888888889,.NET 9.0.3
MultiSequenceLearning,S9,9,1041.8284941,33.34375,2.401,4,88.88888888888889,.NET 9.0.3
MultiSequenceLearning,S10,9,1041.8284941,33.34375,2.401,4,88.88888888888889,.NET 9.0.3
MultiSequenceLearning,S11,9,1041.8284941,33.34375,2.401,4,88.88888888888889,.NET 9.0.3
MultiSequenceLearning,S12,9,1041.8284941,33.34375,2.401,4,88.88888888888889,.NET 9.0.3
MultiSequenceLearning,S13,9,1041.8284941,33.34375,2.401,4,88.88888888888889,.NET 9.0.3
MultiSequenceLearning,S14,9,1041.8284941,33.34375,2.401,4,88.88888888888889,.NET 9.0.3
MultiSequenceLearning,S15,9,1041.8284941,33.34375,2.401,4,88.88888888888889,.NET 9.0.3
MultiSequenceLearning,S16,9,1041.8284941,33.34375,2.401,4,88.88888888888889,.NET 9.0.3
MultiSequenceLearning,S17,9,1041.8284941,33.34375,2.401,4,88.88888888888889,.NET 9.0.3
MultiSequenceLearning,S18,9,1041.8284941,33.34375,2.401,4,88.88888888888889,.NET 9.0.3
MultiSequenceLearning,S19,9,1041.8284941,33.34375,2.401,4,88.88888888888889,.NET 9.0.3
MultiSequenceLearning,S20,9,1041.8284941,33.34375,2.401,4,88.88888888888889,.NET 9.0.3
MultiSequenceLearning,S21,9,1041.8284941,33.34375,2.401,4,88.88888888888889,.NET 9.0.3
MultiSequenceLearning,S22,9,1041.8284941,33.34375,2.401,4,88.88888888888889,.NET 9.0.3
MultiSequenceLearning,S23,9,1041.8284941,33.34375,2.401,4,88.88888888888889,.NET 9.0.3
MultiSequenceLearning,S24,9,1041.8284941,33.34375,2.401,4,88.88888888888889,.NET 9.0.3
MultiSequenceLearning,S25,9,1041.8284941,33.34375,2.401,4,88.88888888888889,.NET 9.0.3
MultiSequenceLearning,S26,9,1041.8284941,33.34375,2.401,4,88.88888888888889,.NET 9.0.3
MultiSequenceLearning,S27,9,1041.8284941,33.34375,2.401,4,88.88888888888889,.NET 9.0.3
MultiSequenceLearning,S28,9,1041.8284941,33.34375,2.401,4,88.88888888888889,.NET 9.0.3
MultiSequenceLearning,S29,9,1041.8284941,33.34375,2.401,4,88.88888888888889,.NET 9.0.3
MultiSequenceLearning,S30,9,1041.8284941,33.34375,2.401,4,88.88888888888889,.NET 9.0.3
MultiSequenceLearning,S1,49,1041.8284941,33.34375,2.401,4,100,.NET 9.0.3
MultiSequenceLearning,S2,49,1041.8284941,33.34375,2.401,4,97.95918367346938,.NET 9.0.3
MultiSequenceLearning,S3,49,1041.8284941,33.34375,2.401,4,97.95918367346938,.NET 9.0.3
MultiSequenceLearning,S4,9,1041.8284941,33.34375,2.401,4,88.88888888888889,.NET 9.0.3
MultiSequenceLearning,S5,9,1041.8284941,33.34375,2.401,4,88.88888888888889,.NET 9.0.3
MultiSequenceLearning,S6,9,1041.8284941,33.34375,2.401,4,88.88888888888889,.NET 9.0.3
MultiSequenceLearning,S7,9,1041.8284941,33.34375,2.401,4,88.88888888888889,.NET 9.0.3
MultiSequenceLearning,S8,9,1041.8284941,33.34375,2.401,4,88.88888888888889,.NET 9.0.3
MultiSequenceLearning,S9,9,1041.8284941,33.34375,2.401,4,88.88888888888889,.NET 9.0.3
MultiSequenceLearning,S10,9,1041.8284941,33.34375,2.401,4,88.88888888888889,.NET 9.0.3
MultiSequenceLearning,S11,9,1041.8284941,33.34375,2.401,4,88.88888888888889,.NET 9.0.3
MultiSequenceLearning,S12,9,1041.8284941,33.34375,2.401,4,88.88888888888889,.NET 9.0.3
MultiSequenceLearning,S13,9,1041.8284941,33.34375,2.401,4,88.88888888888889,.NET 9.0.3
MultiSequenceLearning,S14,9,1041.8284941,33.34375,2.401,4,88.88888888888889,.NET 9.0.3
MultiSequenceLearning,S15,9,1041.8284941,33.34375,2.401,4,88.88888888888889,.NET 9.0.3
MultiSequenceLearning,S16,9,1041.8284941,33.34375,2.401,4,88.88888888888889,.NET 9.0.3
MultiSequenceLearning,S17,9,1041.8284941,33.34375,2.401,4,88.88888888888889,.NET 9.0.3
MultiSequenceLearning,S18,9,1041.8284941,33.34375,2.401,4,88.88888888888889,.NET 9.0.3
MultiSequenceLearning,S19,9,1041.8284941,33.34375,2.401,4,88.88888888888889,.NET 9.0.3
MultiSequenceLearning,S20,9,1041.8284941,33.34375,2.401,4,88.88888888888889,.NET 9.0.3
MultiSequenceLearning,S21,9,1041.8284941,33.34375,2.401,4,88.88888888888889,.NET 9.0.3
MultiSequenceLearning,S22,9,1041.8284941,33.34375,2.401,4,88.88888888888889,.NET 9.0.3
MultiSequenceLearning,S23,9,1041.8284941,33.34375,2.401,4,88.88888888888889,.NET 9.0.3
MultiSequenceLearning,S24,9,1041.8284941,33.34375,2.401,4,88.88888888888889,.NET 9.0.3
MultiSequenceLearning,S25,9,1041.8284941,33.34375,2.401,4,88.88888888888889,.NET 9.0.3
MultiSequenceLearning,S26,9,1041.8284941,33.34375,2.401,4,88.88888888888889,.NET 9.0.3
MultiSequenceLearning,S27,9,1041.8284941,33.34375,2.401,4,88.88888888888889,.NET 9.0.3
MultiSequenceLearning,S28,9,1041.8284941,33.34375,2.401,4,88.88888888888889,.NET 9.0.3
MultiSequenceLearning,S29,9,1041.8284941,33.34375,2.401,4,88.88888888888889,.NET 9.0.3
MultiSequenceLearning,S30,9,1041.8284941,33.34375,2.401,4,88.88888888888889,.NET 9.0.3
MultiSequenceLearning,S1,49,1041.8284941,33.34375,2.401,4,100,.NET 9.0.3
MultiSequenceLearning,S2,49,1041.8284941,33.34375,2.401,4,97.95918367346938,.NET 9.0.3
MultiSequenceLearning,S3,49,1041.8284941,33.34375,2.401,4,97.95918367346938,.NET 9.0.3
MultiSequenceLearning,S4,9,1041.8284941,33.34375,2.401,4,88.88888888888889,.NET 9.0.3
MultiSequenceLearning,S5,9,1041.8284941,33.34375,2.401,4,88.88888888888889,.NET 9.0.3
MultiSequenceLearning,S6,9,1041.8284941,33.34375,2.401,4,88.88888888888889,.NET 9.0.3
MultiSequenceLearning,S7,9,1041.8284941,33.34375,2.401,4,88.88888888888889,.NET 9.0.3
MultiSequenceLearning,S8,9,1041.8284941,33.34375,2.401,4,88.88888888888889,.NET 9.0.3
MultiSequenceLearning,S9,9,1041.8284941,33.34375,2.401,4,88.88888888888889,.NET 9.0.3
MultiSequenceLearning,S10,9,1041.8284941,33.34375,2.401,4,88.88888888888889,.NET 9.0.3
MultiSequenceLearning,S11,9,1041.8284941,33.34375,2.401,4,88.88888888888889,.NET 9.0.3
MultiSequenceLearning,S12,9,1041.8284941,33.34375,2.401,4,88.88888888888889,.NET 9.0.3
MultiSequenceLearning,S13,9,1041.8284941,33.34375,2.401,4,88.88888888888889,.NET 9.0.3
MultiSequenceLearning,S14,9,1041.8284941,33.34375,2.401,4,88.88888888888889,.NET 9.0.3
MultiSequenceLearning,S15,9,1041.8284941,33.34375,2.401,4,88.88888888888889,.NET 9.0.3
MultiSequenceLearning,S16,9,1041.8284941,33.34375,2.401,4,88.88888888888889,.NET 9.0.3
MultiSequenceLearning,S17,9,1041.8284941,33.34375,2.401,4,88.88888888888889,.NET 9.0.3
MultiSequenceLearning,S18,9,1041.8284941,33.34375,2.401,4,88.88888888888889,.NET 9.0.3
MultiSequenceLearning,S19,9,1041.8284941,33.34375,2.401,4,88.88888888888889,.NET 9.0.3
MultiSequenceLearning,S20,9,1041.8284941,33.34375,2.401,4,88.88888888888889,.NET 9.0.3
MultiSequenceLearning,S21,9,1041.8284941,33.34375,2.401,4,88.88888888888889,.NET 9.0.3
MultiSequenceLearning,S22,9,1041.8284941,33.34375,2.401,4,88.88888888888889,.NET 9.0.3
MultiSequenceLearning,S23,9,1041.8284941,33.34375,2.401,4,88.88888888888889,.NET 9.0.3
MultiSequenceLearning,S24,9,1041.8284941,33.34375,2.401,4,88.88888888888889,.NET 9.0.3
MultiSequenceLearning,S25,9,1041.8284941,33.34375,2.401,4,88.88888888888889,.NET 9.0.3
MultiSequenceLearning,S26,9,1041.8284941,33.34375,2.401,4,88.88888888888889,.NET 9.0.3
MultiSequenceLearning,S27,9,1041.8284941,33.34375,2.401,4,88.88888888888889,.NET 9.0.3
MultiSequenceLearning,S28,9,1041.8284941,33.34375,2.401,4,88.88888888888889,.NET 9.0.3
MultiSequenceLearning,S29,9,1041.8284941,33.34375,2.401,4,88.88888888888889,.NET 9.0.3
MultiSequenceLearning,S30,9,1041.8284941,33.34375,2.401,4,88.88888888888889,.NET 9.0.3
MultiSequenceLearning,S1,49,1803.4404559,39.51171875,2.401,4,100,.NET 9.0.3
MultiSequenceLearning,S2,49,1803.4404559,39.51171875,2.401,4,97.95918367346938,.NET 9.0.3
MultiSequenceLearning,S3,49,1803.4404559,39.51171875,2.401,4,97.95918367346938,.NET 9.0.3
MultiSequenceLearning,S4,9,1803.4404559,39.51171875,2.401,4,88.88888888888889,.NET 9.0.3
MultiSequenceLearning,S5,9,1803.4404559,39.51171875,2.401,4,88.88888888888889,.NET 9.0.3
MultiSequenceLearning,S6,9,1803.4404559,39.51171875,2.401,4,88.88888888888889,.NET 9.0.3
MultiSequenceLearning,S7,9,1803.4404559,39.51171875,2.401,4,88.88888888888889,.NET 9.0.3
MultiSequenceLearning,S8,9,1803.4404559,39.51171875,2.401,4,88.88888888888889,.NET 9.0.3
MultiSequenceLearning,S9,9,1803.4404559,39.51171875,2.401,4,88.88888888888889,.NET 9.0.3
MultiSequenceLearning,S10,9,1803.4404559,39.51171875,2.401,4,88.88888888888889,.NET 9.0.3
MultiSequenceLearning,S11,9,1803.4404559,39.51171875,2.401,4,88.88888888888889,.NET 9.0.3
MultiSequenceLearning,S12,9,1803.4404559,39.51171875,2.401,4,88.88888888888889,.NET 9.0.3
MultiSequenceLearning,S13,9,1803.4404559,39.51171875,2.401,4,88.88888888888889,.NET 9.0.3
MultiSequenceLearning,S14,9,1803.4404559,39.51171875,2.401,4,88.88888888888889,.NET 9.0.3
MultiSequenceLearning,S15,9,1803.4404559,39.51171875,2.401,4,88.88888888888889,.NET 9.0.3
MultiSequenceLearning,S16,9,1803.4404559,39.51171875,2.401,4,88.88888888888889,.NET 9.0.3
MultiSequenceLearning,S17,9,1803.4404559,39.51171875,2.401,4,88.88888888888889,.NET 9.0.3
MultiSequenceLearning,S18,9,1803.4404559,39.51171875,2.401,4,88.88888888888889,.NET 9.0.3
MultiSequenceLearning,S19,9,1803.4404559,39.51171875,2.401,4,88.88888888888889,.NET 9.0.3
MultiSequenceLearning,S20,9,1803.4404559,39.51171875,2.401,4,88.88888888888889,.NET 9.0.3
MultiSequenceLearning,S21,9,1803.4404559,39.51171875,2.401,4,88.88888888888889,.NET 9.0.3
MultiSequenceLearning,S22,9,1803.4404559,39.51171875,2.401,4,88.88888888888889,.NET 9.0.3
MultiSequenceLearning,S23,9,1803.4404559,39.51171875,2.401,4,88.88888888888889,.NET 9.0.3
MultiSequenceLearning,S24,9,1803.4404559,39.51171875,2.401,4,88.88888888888889,.NET 9.0.3
MultiSequenceLearning,S25,9,1803.4404559,39.51171875,2.401,4,88.88888888888889,.NET 9.0.3
MultiSequenceLearning,S26,9,1803.4404559,39.51171875,2.401,4,88.88888888888889,.NET 9.0.3
MultiSequenceLearning,S27,9,1803.4404559,39.51171875,2.401,4,88.88888888888889,.NET 9.0.3
MultiSequenceLearning,S28,9,1803.4404559,39.51171875,2.401,4,88.88888888888889,.NET 9.0.3
MultiSequenceLearning,S29,9,1803.4404559,39.51171875,2.401,4,88.88888888888889,.NET 9.0.3
MultiSequenceLearning,S30,9,1803.4404559,39.51171875,2.401,4,88.88888888888889,.NET 9.0.3
MultiSequenceLearning,S1,49,1803.4404559,39.51171875,2.401,4,100,.NET 9.0.3
MultiSequenceLearning,S2,49,1803.4404559,39.51171875,2.401,4,97.95918367346938,.NET 9.0.3
MultiSequenceLearning,S3,49,1803.4404559,39.51171875,2.401,4,97.95918367346938,.NET 9.0.3
MultiSequenceLearning,S4,9,1803.4404559,39.51171875,2.401,4,88.88888888888889,.NET 9.0.3
MultiSequenceLearning,S5,9,1803.4404559,39.51171875,2.401,4,88.88888888888889,.NET 9.0.3
MultiSequenceLearning,S6,9,1803.4404559,39.51171875,2.401,4,88.88888888888889,.NET 9.0.3
MultiSequenceLearning,S7,9,1803.4404559,39.51171875,2.401,4,88.88888888888889,.NET 9.0.3
MultiSequenceLearning,S8,9,1803.4404559,39.51171875,2.401,4,88.88888888888889,.NET 9.0.3
MultiSequenceLearning,S9,9,1803.4404559,39.51171875,2.401,4,88.88888888888889,.NET 9.0.3
MultiSequenceLearning,S10,9,1803.4404559,39.51171875,2.401,4,88.88888888888889,.NET 9.0.3
MultiSequenceLearning,S11,9,1803.4404559,39.51171875,2.401,4,88.88888888888889,.NET 9.0.3
MultiSequenceLearning,S12,9,1803.4404559,39.51171875,2.401,4,88.88888888888889,.NET 9.0.3
MultiSequenceLearning,S13,9,1803.4404559,39.51171875,2.401,4,88.88888888888889,.NET 9.0.3
MultiSequenceLearning,S14,9,1803.4404559,39.51171875,2.401,4,88.88888888888889,.NET 9.0.3
MultiSequenceLearning,S15,9,1803.4404559,39.51171875,2.401,4,88.88888888888889,.NET 9.0.3
MultiSequenceLearning,S16,9,1803.4404559,39.51171875,2.401,4,88.88888888888889,.NET 9.0.3
MultiSequenceLearning,S17,9,1803.4404559,39.51171875,2.401,4,88.88888888888889,.NET 9.0.3
MultiSequenceLearning,S18,9,1803.4404559,39.51171875,2.401,4,88.88888888888889,.NET 9.0.3
MultiSequenceLearning,S19,9,1803.4404559,39.51171875,2.401,4,88.88888888888889,.NET 9.0.3
MultiSequenceLearning,S20,9,1803.4404559,39.51171875,2.401,4,88.88888888888889,.NET 9.0.3
MultiSequenceLearning,S21,9,1803.4404559,39.51171875,2.401,4,88.88888888888889,.NET 9.0.3
MultiSequenceLearning,S22,9,1803.4404559,39.51171875,2.401,4,88.88888888888889,.NET 9.0.3
MultiSequenceLearning,S23,9,1803.4404559,39.51171875,2.401,4,88.88888888888889,.NET 9.0.3
MultiSequenceLearning,S24,9,1803.4404559,39.51171875,2.401,4,88.88888888888889,.NET 9.0.3
MultiSequenceLearning,S25,9,1803.4404559,39.51171875,2.401,4,88.88888888888889,.NET 9.0.3
MultiSequenceLearning,S26,9,1803.4404559,39.51171875,2.401,4,88.88888888888889,.NET 9.0.3
MultiSequenceLearning,S27,9,1803.4404559,39.51171875,2.401,4,88.88888888888889,.NET 9.0.3
MultiSequenceLearning,S28,9,1803.4404559,39.51171875,2.401,4,88.88888888888889,.NET 9.0.3
MultiSequenceLearning,S29,9,1803.4404559,39.51171875,2.401,4,88.88888888888889,.NET 9.0.3
MultiSequenceLearning,S30,9,1803.4404559,39.51171875,2.401,4,88.88888888888889,.NET 9.0.3
MultiSequenceLearning,S1,49,1803.4404559,39.51171875,2.401,4,100,.NET 9.0.3
MultiSequenceLearning,S2,49,1803.4404559,39.51171875,2.401,4,97.95918367346938,.NET 9.0.3
MultiSequenceLearning,S3,49,1803.4404559,39.51171875,2.401,4,97.95918367346938,.NET 9.0.3
MultiSequenceLearning,S4,9,1803.4404559,39.51171875,2.401,4,88.88888888888889,.NET 9.0.3
MultiSequenceLearning,S5,9,1803.4404559,39.51171875,2.401,4,88.88888888888889,.NET 9.0.3
MultiSequenceLearning,S6,9,1803.4404559,39.51171875,2.401,4,88.88888888888889,.NET 9.0.3
MultiSequenceLearning,S7,9,1803.4404559,39.51171875,2.401,4,88.88888888888889,.NET 9.0.3
MultiSequenceLearning,S8,9,1803.4404559,39.51171875,2.401,4,88.88888888888889,.NET 9.0.3
MultiSequenceLearning,S9,9,1803.4404559,39.51171875,2.401,4,88.88888888888889,.NET 9.0.3
MultiSequenceLearning,S10,9,1803.4404559,39.51171875,2.401,4,88.88888888888889,.NET 9.0.3
MultiSequenceLearning,S11,9,1803.4404559,39.51171875,2.401,4,88.88888888888889,.NET 9.0.3
MultiSequenceLearning,S12,9,1803.4404559,39.51171875,2.401,4,88.88888888888889,.NET 9.0.3
MultiSequenceLearning,S13,9,1803.4404559,39.51171875,2.401,4,88.88888888888889,.NET 9.0.3
MultiSequenceLearning,S14,9,1803.4404559,39.51171875,2.401,4,88.88888888888889,.NET 9.0.3
MultiSequenceLearning,S15,9,1803.4404559,39.51171875,2.401,4,88.88888888888889,.NET 9.0.3
MultiSequenceLearning,S16,9,1803.4404559,39.51171875,2.401,4,88.88888888888889,.NET 9.0.3
MultiSequenceLearning,S17,9,1803.4404559,39.51171875,2.401,4,88.88888888888889,.NET 9.0.3
MultiSequenceLearning,S18,9,1803.4404559,39.51171875,2.401,4,88.88888888888889,.NET 9.0.3
MultiSequenceLearning,S19,9,1803.4404559,39.51171875,2.401,4,88.88888888888889,.NET 9.0.3
MultiSequenceLearning,S20,9,1803.4404559,39.51171875,2.401,4,88.88888888888889,.NET 9.0.3
MultiSequenceLearning,S21,9,1803.4404559,39.51171875,2.401,4,88.88888888888889,.NET 9.0.3
MultiSequenceLearning,S22,9,1803.4404559,39.51171875,2.401,4,88.88888888888889,.NET 9.0.3
MultiSequenceLearning,S23,9,1803.4404559,39.51171875,2.401,4,88.88888888888889,.NET 9.0.3
MultiSequenceLearning,S24,9,1803.4404559,39.51171875,2.401,4,88.88888888888889,.NET 9.0.3
MultiSequenceLearning,S25,9,1803.4404559,39.51171875,2.401,4,88.88888888888889,.NET 9.0.3
MultiSequenceLearning,S26,9,1803.4404559,39.51171875,2.401,4,88.88888888888889,.NET 9.0.3
MultiSequenceLearning,S27,9,1803.4404559,39.51171875,2.401,4,88.88888888888889,.NET 9.0.3
MultiSequenceLearning,S28,9,1803.4404559,39.51171875,2.401,4,88.88888888888889,.NET 9.0.3
MultiSequenceLearning,S29,9,1803.4404559,39.51171875,2.401,4,88.88888888888889,.NET 9.0.3
MultiSequenceLearning,S30,9,1803.4404559,39.51171875,2.401,4,88.88888888888889,.NET 9.0.3
MultiSequenceLearning,S1,49,1803.4404559,39.51171875,2.401,4,100,.NET 9.0.3
MultiSequenceLearning,S2,49,1803.4404559,39.51171875,2.401,4,97.95918367346938,.NET 9.0.3
MultiSequenceLearning,S3,49,1803.4404559,39.51171875,2.401,4,97.95918367346938,.NET 9.0.3
MultiSequenceLearning,S4,9,1803.4404559,39.51171875,2.401,4,88.88888888888889,.NET 9.0.3
MultiSequenceLearning,S5,9,1803.4404559,39.51171875,2.401,4,88.88888888888889,.NET 9.0.3
MultiSequenceLearning,S6,9,1803.4404559,39.51171875,2.401,4,88.88888888888889,.NET 9.0.3
MultiSequenceLearning,S7,9,1803.4404559,39.51171875,2.401,4,88.88888888888889,.NET 9.0.3
MultiSequenceLearning,S8,9,1803.4404559,39.51171875,2.401,4,88.88888888888889,.NET 9.0.3
MultiSequenceLearning,S9,9,1803.4404559,39.51171875,2.401,4,88.88888888888889,.NET 9.0.3
MultiSequenceLearning,S10,9,1803.4404559,39.51171875,2.401,4,88.88888888888889,.NET 9.0.3
MultiSequenceLearning,S11,9,1803.4404559,39.51171875,2.401,4,88.88888888888889,.NET 9.0.3
MultiSequenceLearning,S12,9,1803.4404559,39.51171875,2.401,4,88.88888888888889,.NET 9.0.3
MultiSequenceLearning,S13,9,1803.4404559,39.51171875,2.401,4,88.88888888888889,.NET 9.0.3
MultiSequenceLearning,S14,9,1803.4404559,39.51171875,2.401,4,88.88888888888889,.NET 9.0.3
MultiSequenceLearning,S15,9,1803.4404559,39.51171875,2.401,4,88.88888888888889,.NET 9.0.3
MultiSequenceLearning,S16,9,1803.4404559,39.51171875,2.401,4,88.88888888888889,.NET 9.0.3
MultiSequenceLearning,S17,9,1803.4404559,39.51171875,2.401,4,88.88888888888889,.NET 9.0.3
MultiSequenceLearning,S18,9,1803.4404559,39.51171875,2.401,4,88.88888888888889,.NET 9.0.3
MultiSequenceLearning,S19,9,1803.4404559,39.51171875,2.401,4,88.88888888888889,.NET 9.0.3
MultiSequenceLearning,S20,9,1803.4404559,39.51171875,2.401,4,88.88888888888889,.NET 9.0.3
MultiSequenceLearning,S21,9,1803.4404559,39.51171875,2.401,4,88.88888888888889,.NET 9.0.3
MultiSequenceLearning,S22,9,1803.4404559,39.51171875,2.401,4,88.88888888888889,.NET 9.0.3
MultiSequenceLearning,S23,9,1803.4404559,39.51171875,2.401,4,88.88888888888889,.NET 9.0.3
MultiSequenceLearning,S24,9,1803.4404559,39.51171875,2.401,4,88.88888888888889,.NET 9.0.3
MultiSequenceLearning,S25,9,1803.4404559,39.51171875,2.401,4,88.88888888888889,.NET 9.0.3
MultiSequenceLearning,S26,9,1803.4404559,39.51171875,2.401,4,88.88888888888889,.NET 9.0.3
MultiSequenceLearning,S27,9,1803.4404559,39.51171875,2.401,4,88.88888888888889,.NET 9.0.3
MultiSequenceLearning,S28,9,1803.4404559,39.51171875,2.401,4,88.88888888888889,.NET 9.0.3
MultiSequenceLearning,S29,9,1803.4404559,39.51171875,2.401,4,88.88888888888889,.NET 9.0.3
MultiSequenceLearning,S30,9,1803.4404559,39.51171875,2.401,4,88.88888888888889,.NET 9.0.3
MultiSequenceLearning,S1,49,977.2849549,41.75,2.401,3,100,.NET 9.0.3
MultiSequenceLearning,S2,49,977.2849549,41.75,2.401,3,97.95918367346938,.NET 9.0.3
MultiSequenceLearning,S3,49,977.2849549,41.75,2.401,3,97.95918367346938,.NET 9.0.3
MultiSequenceLearning,S4,9,977.2849549,41.75,2.401,3,88.88888888888889,.NET 9.0.3
MultiSequenceLearning,S5,9,977.2849549,41.75,2.401,3,88.88888888888889,.NET 9.0.3
MultiSequenceLearning,S6,9,977.2849549,41.75,2.401,3,88.88888888888889,.NET 9.0.3
MultiSequenceLearning,S7,9,977.2849549,41.75,2.401,3,88.88888888888889,.NET 9.0.3
MultiSequenceLearning,S8,9,977.2849549,41.75,2.401,3,88.88888888888889,.NET 9.0.3
MultiSequenceLearning,S9,9,977.2849549,41.75,2.401,3,88.88888888888889,.NET 9.0.3
MultiSequenceLearning,S10,9,977.2849549,41.75,2.401,3,88.88888888888889,.NET 9.0.3
MultiSequenceLearning,S11,9,977.2849549,41.75,2.401,3,88.88888888888889,.NET 9.0.3
MultiSequenceLearning,S12,9,977.2849549,41.75,2.401,3,88.88888888888889,.NET 9.0.3
MultiSequenceLearning,S13,9,977.2849549,41.75,2.401,3,88.88888888888889,.NET 9.0.3
MultiSequenceLearning,S14,9,977.2849549,41.75,2.401,3,88.88888888888889,.NET 9.0.3
MultiSequenceLearning,S15,9,977.2849549,41.75,2.401,3,88.88888888888889,.NET 9.0.3
MultiSequenceLearning,S16,9,977.2849549,41.75,2.401,3,88.88888888888889,.NET 9.0.3
MultiSequenceLearning,S17,9,977.2849549,41.75,2.401,3,88.88888888888889,.NET 9.0.3
MultiSequenceLearning,S18,9,977.2849549,41.75,2.401,3,88.88888888888889,.NET 9.0.3
MultiSequenceLearning,S19,9,977.2849549,41.75,2.401,3,88.88888888888889,.NET 9.0.3
MultiSequenceLearning,S20,9,977.2849549,41.75,2.401,3,88.88888888888889,.NET 9.0.3
MultiSequenceLearning,S21,9,977.2849549,41.75,2.401,3,88.88888888888889,.NET 9.0.3
MultiSequenceLearning,S22,9,977.2849549,41.75,2.401,3,88.88888888888889,.NET 9.0.3
MultiSequenceLearning,S23,9,977.2849549,41.75,2.401,3,88.88888888888889,.NET 9.0.3
MultiSequenceLearning,S24,9,977.2849549,41.75,2.401,3,88.88888888888889,.NET 9.0.3
MultiSequenceLearning,S25,9,977.2849549,41.75,2.401,3,88.88888888888889,.NET 9.0.3
MultiSequenceLearning,S26,9,977.2849549,41.75,2.401,3,88.88888888888889,.NET 9.0.3
MultiSequenceLearning,S27,9,977.2849549,41.75,2.401,3,88.88888888888889,.NET 9.0.3
MultiSequenceLearning,S28,9,977.2849549,41.75,2.401,3,88.88888888888889,.NET 9.0.3
MultiSequenceLearning,S29,9,977.2849549,41.75,2.401,3,88.88888888888889,.NET 9.0.3
MultiSequenceLearning,S30,9,977.2849549,41.75,2.401,3,88.88888888888889,.NET 9.0.3
MultiSequenceLearning,S1,49,977.2849549,41.75,2.401,3,100,.NET 9.0.3
MultiSequenceLearning,S2,49,977.2849549,41.75,2.401,3,97.95918367346938,.NET 9.0.3
MultiSequenceLearning,S3,49,977.2849549,41.75,2.401,3,97.95918367346938,.NET 9.0.3
MultiSequenceLearning,S4,9,977.2849549,41.75,2.401,3,88.88888888888889,.NET 9.0.3
MultiSequenceLearning,S5,9,977.2849549,41.75,2.401,3,88.88888888888889,.NET 9.0.3
MultiSequenceLearning,S6,9,977.2849549,41.75,2.401,3,88.88888888888889,.NET 9.0.3
MultiSequenceLearning,S7,9,977.2849549,41.75,2.401,3,88.88888888888889,.NET 9.0.3
MultiSequenceLearning,S8,9,977.2849549,41.75,2.401,3,88.88888888888889,.NET 9.0.3
MultiSequenceLearning,S9,9,977.2849549,41.75,2.401,3,88.88888888888889,.NET 9.0.3
MultiSequenceLearning,S10,9,977.2849549,41.75,2.401,3,88.88888888888889,.NET 9.0.3
MultiSequenceLearning,S11,9,977.2849549,41.75,2.401,3,88.88888888888889,.NET 9.0.3
MultiSequenceLearning,S12,9,977.2849549,41.75,2.401,3,88.88888888888889,.NET 9.0.3
MultiSequenceLearning,S13,9,977.2849549,41.75,2.401,3,88.88888888888889,.NET 9.0.3
MultiSequenceLearning,S14,9,977.2849549,41.75,2.401,3,88.88888888888889,.NET 9.0.3
MultiSequenceLearning,S15,9,977.2849549,41.75,2.401,3,88.88888888888889,.NET 9.0.3
MultiSequenceLearning,S16,9,977.2849549,41.75,2.401,3,88.88888888888889,.NET 9.0.3
MultiSequenceLearning,S17,9,977.2849549,41.75,2.401,3,88.88888888888889,.NET 9.0.3
MultiSequenceLearning,S18,9,977.2849549,41.75,2.401,3,88.88888888888889,.NET 9.0.3
MultiSequenceLearning,S19,9,977.2849549,41.75,2.401,3,88.88888888888889,.NET 9.0.3
MultiSequenceLearning,S20,9,977.2849549,41.75,2.401,3,88.88888888888889,.NET 9.0.3
MultiSequenceLearning,S21,9,977.2849549,41.75,2.401,3,88.88888888888889,.NET 9.0.3
MultiSequenceLearning,S22,9,977.2849549,41.75,2.401,3,88.88888888888889,.NET 9.0.3
MultiSequenceLearning,S23,9,977.2849549,41.75,2.401,3,88.88888888888889,.NET 9.0.3
MultiSequenceLearning,S24,9,977.2849549,41.75,2.401,3,88.88888888888889,.NET 9.0.3
MultiSequenceLearning,S25,9,977.2849549,41.75,2.401,3,88.88888888888889,.NET 9.0.3
MultiSequenceLearning,S26,9,977.2849549,41.75,2.401,3,88.88888888888889,.NET 9.0.3
MultiSequenceLearning,S27,9,977.2849549,41.75,2.401,3,88.88888888888889,.NET 9.0.3
MultiSequenceLearning,S28,9,977.2849549,41.75,2.401,3,88.88888888888889,.NET 9.0.3
MultiSequenceLearning,S29,9,977.2849549,41.75,2.401,3,88.88888888888889,.NET 9.0.3
MultiSequenceLearning,S30,9,977.2849549,41.75,2.401,3,88.88888888888889,.NET 9.0.3
MultiSequenceLearning,S1,49,977.2849549,41.75,2.401,3,100,.NET 9.0.3
MultiSequenceLearning,S2,49,977.2849549,41.75,2.401,3,97.95918367346938,.NET 9.0.3
MultiSequenceLearning,S3,49,977.2849549,41.75,2.401,3,97.95918367346938,.NET 9.0.3
MultiSequenceLearning,S4,9,977.2849549,41.75,2.401,3,88.88888888888889,.NET 9.0.3
MultiSequenceLearning,S5,9,977.2849549,41.75,2.401,3,88.88888888888889,.NET 9.0.3
MultiSequenceLearning,S6,9,977.2849549,41.75,2.401,3,88.88888888888889,.NET 9.0.3
MultiSequenceLearning,S7,9,977.2849549,41.75,2.401,3,88.88888888888889,.NET 9.0.3
MultiSequenceLearning,S8,9,977.2849549,41.75,2.401,3,88.88888888888889,.NET 9.0.3
MultiSequenceLearning,S9,9,977.2849549,41.75,2.401,3,88.88888888888889,.NET 9.0.3
MultiSequenceLearning,S10,9,977.2849549,41.75,2.401,3,88.88888888888889,.NET 9.0.3
MultiSequenceLearning,S11,9,977.2849549,41.75,2.401,3,88.88888888888889,.NET 9.0.3
MultiSequenceLearning,S12,9,977.2849549,41.75,2.401,3,88.88888888888889,.NET 9.0.3
MultiSequenceLearning,S13,9,977.2849549,41.75,2.401,3,88.88888888888889,.NET 9.0.3
MultiSequenceLearning,S14,9,977.2849549,41.75,2.401,3,88.88888888888889,.NET 9.0.3
MultiSequenceLearning,S15,9,977.2849549,41.75,2.401,3,88.88888888888889,.NET 9.0.3
MultiSequenceLearning,S16,9,977.2849549,41.75,2.401,3,88.88888888888889,.NET 9.0.3
MultiSequenceLearning,S17,9,977.2849549,41.75,2.401,3,88.88888888888889,.NET 9.0.3
MultiSequenceLearning,S18,9,977.2849549,41.75,2.401,3,88.88888888888889,.NET 9.0.3
MultiSequenceLearning,S19,9,977.2849549,41.75,2.401,3,88.88888888888889,.NET 9.0.3
MultiSequenceLearning,S20,9,977.2849549,41.75,2.401,3,88.88888888888889,.NET 9.0.3
MultiSequenceLearning,S21,9,977.2849549,41.75,2.401,3,88.88888888888889,.NET 9.0.3
MultiSequenceLearning,S22,9,977.2849549,41.75,2.401,3,88.88888888888889,.NET 9.0.3
MultiSequenceLearning,S23,9,977.2849549,41.75,2.401,3,88.88888888888889,.NET 9.0.3
MultiSequenceLearning,S24,9,977.2849549,41.75,2.401,3,88.88888888888889,.NET 9.0.3
MultiSequenceLearning,S25,9,977.2849549,41.75,2.401,3,88.88888888888889,.NET 9.0.3
MultiSequenceLearning,S26,9,977.2849549,41.75,2.401,3,88.88888888888889,.NET 9.0.3
MultiSequenceLearning,S27,9,977.2849549,41.75,2.401,3,88.88888888888889,.NET 9.0.3
MultiSequenceLearning,S28,9,977.2849549,41.75,2.401,3,88.88888888888889,.NET 9.0.3
MultiSequenceLearning,S29,9,977.2849549,41.75,2.401,3,88.88888888888889,.NET 9.0.3
MultiSequenceLearning,S30,9,977.2849549,41.75,2.401,3,88.88888888888889,.NET 9.0.3
MultiSequenceLearning,S1,49,977.2849549,41.75,2.401,3,100,.NET 9.0.3
MultiSequenceLearning,S2,49,977.2849549,41.75,2.401,3,97.95918367346938,.NET 9.0.3
MultiSequenceLearning,S3,49,977.2849549,41.75,2.401,3,97.95918367346938,.NET 9.0.3
MultiSequenceLearning,S4,9,977.2849549,41.75,2.401,3,88.88888888888889,.NET 9.0.3
MultiSequenceLearning,S5,9,977.2849549,41.75,2.401,3,88.88888888888889,.NET 9.0.3
MultiSequenceLearning,S6,9,977.2849549,41.75,2.401,3,88.88888888888889,.NET 9.0.3
MultiSequenceLearning,S7,9,977.2849549,41.75,2.401,3,88.88888888888889,.NET 9.0.3
MultiSequenceLearning,S8,9,977.2849549,41.75,2.401,3,88.88888888888889,.NET 9.0.3
MultiSequenceLearning,S9,9,977.2849549,41.75,2.401,3,88.88888888888889,.NET 9.0.3
MultiSequenceLearning,S10,9,977.2849549,41.75,2.401,3,88.88888888888889,.NET 9.0.3
MultiSequenceLearning,S11,9,977.2849549,41.75,2.401,3,88.88888888888889,.NET 9.0.3
MultiSequenceLearning,S12,9,977.2849549,41.75,2.401,3,88.88888888888889,.NET 9.0.3
MultiSequenceLearning,S13,9,977.2849549,41.75,2.401,3,88.88888888888889,.NET 9.0.3
MultiSequenceLearning,S14,9,977.2849549,41.75,2.401,3,88.88888888888889,.NET 9.0.3
MultiSequenceLearning,S15,9,977.2849549,41.75,2.401,3,88.88888888888889,.NET 9.0.3
MultiSequenceLearning,S16,9,977.2849549,41.75,2.401,3,88.88888888888889,.NET 9.0.3
MultiSequenceLearning,S17,9,977.2849549,41.75,2.401,3,88.88888888888889,.NET 9.0.3
MultiSequenceLearning,S18,9,977.2849549,41.75,2.401,3,88.88888888888889,.NET 9.0.3
MultiSequenceLearning,S19,9,977.2849549,41.75,2.401,3,88.88888888888889,.NET 9.0.3
MultiSequenceLearning,S20,9,977.2849549,41.75,2.401,3,88.88888888888889,.NET 9.0.3
MultiSequenceLearning,S21,9,977.2849549,41.75,2.401,3,88.88888888888889,.NET 9.0.3
MultiSequenceLearning,S22,9,977.2849549,41.75,2.401,3,88.88888888888889,.NET 9.0.3
MultiSequenceLearning,S23,9,977.2849549,41.75,2.401,3,88.88888888888889,.NET 9.0.3
MultiSequenceLearning,S24,9,977.2849549,41.75,2.401,3,88.88888888888889,.NET 9.0.3
MultiSequenceLearning,S25,9,977.2849549,41.75,2.401,3,88.88888888888889,.NET 9.0.3
MultiSequenceLearning,S26,9,977.2849549,41.75,2.401,3,88.88888888888889,.NET 9.0.3
MultiSequenceLearning,S27,9,977.2849549,41.75,2.401,3,88.88888888888889,.NET 9.0.3
MultiSequenceLearning,S28,9,977.2849549,41.75,2.401,3,88.88888888888889,.NET 9.0.3
MultiSequenceLearning,S29,9,977.2849549,41.75,2.401,3,88.88888888888889,.NET 9.0.3
MultiSequenceLearning,S30,9,977.2849549,41.75,2.401,3,88.88888888888889,.NET 9.0.3
MultiSequenceLearning,S1,49,1142.9662075,42.82421875,2.401,3,100,.NET 9.0.3
MultiSequenceLearning,S2,49,1142.9662075,42.82421875,2.401,3,97.95918367346938,.NET 9.0.3
MultiSequenceLearning,S3,49,1142.9662075,42.82421875,2.401,3,97.95918367346938,.NET 9.0.3
MultiSequenceLearning,S4,9,1142.9662075,42.82421875,2.401,3,88.88888888888889,.NET 9.0.3
MultiSequenceLearning,S5,9,1142.9662075,42.82421875,2.401,3,88.88888888888889,.NET 9.0.3
MultiSequenceLearning,S6,9,1142.9662075,42.82421875,2.401,3,88.88888888888889,.NET 9.0.3
MultiSequenceLearning,S7,9,1142.9662075,42.82421875,2.401,3,88.88888888888889,.NET 9.0.3
MultiSequenceLearning,S8,9,1142.9662075,42.82421875,2.401,3,88.88888888888889,.NET 9.0.3
MultiSequenceLearning,S9,9,1142.9662075,42.82421875,2.401,3,88.88888888888889,.NET 9.0.3
MultiSequenceLearning,S10,9,1142.9662075,42.82421875,2.401,3,88.88888888888889,.NET 9.0.3
MultiSequenceLearning,S11,9,1142.9662075,42.82421875,2.401,3,88.88888888888889,.NET 9.0.3
MultiSequenceLearning,S12,9,1142.9662075,42.82421875,2.401,3,88.88888888888889,.NET 9.0.3
MultiSequenceLearning,S13,9,1142.9662075,42.82421875,2.401,3,88.88888888888889,.NET 9.0.3
MultiSequenceLearning,S14,9,1142.9662075,42.82421875,2.401,3,88.88888888888889,.NET 9.0.3
MultiSequenceLearning,S15,9,1142.9662075,42.82421875,2.401,3,88.88888888888889,.NET 9.0.3
MultiSequenceLearning,S16,9,1142.9662075,42.82421875,2.401,3,88.88888888888889,.NET 9.0.3
MultiSequenceLearning,S17,9,1142.9662075,42.82421875,2.401,3,88.88888888888889,.NET 9.0.3
MultiSequenceLearning,S18,9,1142.9662075,42.82421875,2.401,3,88.88888888888889,.NET 9.0.3
MultiSequenceLearning,S19,9,1142.9662075,42.82421875,2.401,3,88.88888888888889,.NET 9.0.3
MultiSequenceLearning,S20,9,1142.9662075,42.82421875,2.401,3,88.88888888888889,.NET 9.0.3
MultiSequenceLearning,S21,9,1142.9662075,42.82421875,2.401,3,88.88888888888889,.NET 9.0.3
MultiSequenceLearning,S22,9,1142.9662075,42.82421875,2.401,3,88.88888888888889,.NET 9.0.3
MultiSequenceLearning,S23,9,1142.9662075,42.82421875,2.401,3,88.88888888888889,.NET 9.0.3
MultiSequenceLearning,S24,9,1142.9662075,42.82421875,2.401,3,88.88888888888889,.NET 9.0.3
MultiSequenceLearning,S25,9,1142.9662075,42.82421875,2.401,3,88.88888888888889,.NET 9.0.3
MultiSequenceLearning,S26,9,1142.9662075,42.82421875,2.401,3,88.88888888888889,.NET 9.0.3
MultiSequenceLearning,S27,9,1142.9662075,42.82421875,2.401,3,88.88888888888889,.NET 9.0.3
MultiSequenceLearning,S28,9,1142.9662075,42.82421875,2.401,3,88.88888888888889,.NET 9.0.3
MultiSequenceLearning,S29,9,1142.9662075,42.82421875,2.401,3,88.88888888888889,.NET 9.0.3
MultiSequenceLearning,S30,9,1142.9662075,42.82421875,2.401,3,88.88888888888889,.NET 9.0.3
MultiSequenceLearning,S1,49,1142.9662075,42.82421875,2.401,3,100,.NET 9.0.3
MultiSequenceLearning,S2,49,1142.9662075,42.82421875,2.401,3,97.95918367346938,.NET 9.0.3
MultiSequenceLearning,S3,49,1142.9662075,42.82421875,2.401,3,97.95918367346938,.NET 9.0.3
MultiSequenceLearning,S4,9,1142.9662075,42.82421875,2.401,3,88.88888888888889,.NET 9.0.3
MultiSequenceLearning,S5,9,1142.9662075,42.82421875,2.401,3,88.88888888888889,.NET 9.0.3
MultiSequenceLearning,S6,9,1142.9662075,42.82421875,2.401,3,88.88888888888889,.NET 9.0.3
MultiSequenceLearning,S7,9,1142.9662075,42.82421875,2.401,3,88.88888888888889,.NET 9.0.3
MultiSequenceLearning,S8,9,1142.9662075,42.82421875,2.401,3,88.88888888888889,.NET 9.0.3
MultiSequenceLearning,S9,9,1142.9662075,42.82421875,2.401,3,88.88888888888889,.NET 9.0.3
MultiSequenceLearning,S10,9,1142.9662075,42.82421875,2.401,3,88.88888888888889,.NET 9.0.3
MultiSequenceLearning,S11,9,1142.9662075,42.82421875,2.401,3,88.88888888888889,.NET 9.0.3
MultiSequenceLearning,S12,9,1142.9662075,42.82421875,2.401,3,88.88888888888889,.NET 9.0.3
MultiSequenceLearning,S13,9,1142.9662075,42.82421875,2.401,3,88.88888888888889,.NET 9.0.3
MultiSequenceLearning,S14,9,1142.9662075,42.82421875,2.401,3,88.88888888888889,.NET 9.0.3
MultiSequenceLearning,S15,9,1142.9662075,42.82421875,2.401,3,88.88888888888889,.NET 9.0.3
MultiSequenceLearning,S16,9,1142.9662075,42.82421875,2.401,3,88.88888888888889,.NET 9.0.3
MultiSequenceLearning,S17,9,1142.9662075,42.82421875,2.401,3,88.88888888888889,.NET 9.0.3
MultiSequenceLearning,S18,9,1142.9662075,42.82421875,2.401,3,88.88888888888889,.NET 9.0.3
MultiSequenceLearning,S19,9,1142.9662075,42.82421875,2.401,3,88.88888888888889,.NET 9.0.3
MultiSequenceLearning,S20,9,1142.9662075,42.82421875,2.401,3,88.88888888888889,.NET 9.0.3
MultiSequenceLearning,S21,9,1142.9662075,42.82421875,2.401,3,88.88888888888889,.NET 9.0.3
MultiSequenceLearning,S22,9,1142.9662075,42.82421875,2.401,3,88.88888888888889,.NET 9.0.3
MultiSequenceLearning,S23,9,1142.9662075,42.82421875,2.401,3,88.88888888888889,.NET 9.0.3
MultiSequenceLearning,S24,9,1142.9662075,42.82421875,2.401,3,88.88888888888889,.NET 9.0.3
MultiSequenceLearning,S25,9,1142.9662075,42.82421875,2.401,3,88.88888888888889,.NET 9.0.3
MultiSequenceLearning,S26,9,1142.9662075,42.82421875,2.401,3,88.88888888888889,.NET 9.0.3
MultiSequenceLearning,S27,9,1142.9662075,42.82421875,2.401,3,88.88888888888889,.NET 9.0.3
MultiSequenceLearning,S28,9,1142.9662075,42.82421875,2.401,3,88.88888888888889,.NET 9.0.3
MultiSequenceLearning,S29,9,1142.9662075,42.82421875,2.401,3,88.88888888888889,.NET 9.0.3
MultiSequenceLearning,S30,9,1142.9662075,42.82421875,2.401,3,88.88888888888889,.NET 9.0.3
MultiSequenceLearning,S1,49,1142.9662075,42.82421875,2.401,3,100,.NET 9.0.3
MultiSequenceLearning,S2,49,1142.9662075,42.82421875,2.401,3,97.95918367346938,.NET 9.0.3
MultiSequenceLearning,S3,49,1142.9662075,42.82421875,2.401,3,97.95918367346938,.NET 9.0.3
MultiSequenceLearning,S4,9,1142.9662075,42.82421875,2.401,3,88.88888888888889,.NET 9.0.3
MultiSequenceLearning,S5,9,1142.9662075,42.82421875,2.401,3,88.88888888888889,.NET 9.0.3
MultiSequenceLearning,S6,9,1142.9662075,42.82421875,2.401,3,88.88888888888889,.NET 9.0.3
MultiSequenceLearning,S7,9,1142.9662075,42.82421875,2.401,3,88.88888888888889,.NET 9.0.3
MultiSequenceLearning,S8,9,1142.9662075,42.82421875,2.401,3,88.88888888888889,.NET 9.0.3
MultiSequenceLearning,S9,9,1142.9662075,42.82421875,2.401,3,88.88888888888889,.NET 9.0.3
MultiSequenceLearning,S10,9,1142.9662075,42.82421875,2.401,3,88.88888888888889,.NET 9.0.3
MultiSequenceLearning,S11,9,1142.9662075,42.82421875,2.401,3,88.88888888888889,.NET 9.0.3
MultiSequenceLearning,S12,9,1142.9662075,42.82421875,2.401,3,88.88888888888889,.NET 9.0.3
MultiSequenceLearning,S13,9,1142.9662075,42.82421875,2.401,3,88.88888888888889,.NET 9.0.3
MultiSequenceLearning,S14,9,1142.9662075,42.82421875,2.401,3,88.88888888888889,.NET 9.0.3
MultiSequenceLearning,S15,9,1142.9662075,42.82421875,2.401,3,88.88888888888889,.NET 9.0.3
MultiSequenceLearning,S16,9,1142.9662075,42.82421875,2.401,3,88.88888888888889,.NET 9.0.3
MultiSequenceLearning,S17,9,1142.9662075,42.82421875,2.401,3,88.88888888888889,.NET 9.0.3
MultiSequenceLearning,S18,9,1142.9662075,42.82421875,2.401,3,88.88888888888889,.NET 9.0.3
MultiSequenceLearning,S19,9,1142.9662075,42.82421875,2.401,3,88.88888888888889,.NET 9.0.3
MultiSequenceLearning,S20,9,1142.9662075,42.82421875,2.401,3,88.88888888888889,.NET 9.0.3
MultiSequenceLearning,S21,9,1142.9662075,42.82421875,2.401,3,88.88888888888889,.NET 9.0.3
MultiSequenceLearning,S22,9,1142.9662075,42.82421875,2.401,3,88.88888888888889,.NET 9.0.3
MultiSequenceLearning,S23,9,1142.9662075,42.82421875,2.401,3,88.88888888888889,.NET 9.0.3
MultiSequenceLearning,S24,9,1142.9662075,42.82421875,2.401,3,88.88888888888889,.NET 9.0.3
MultiSequenceLearning,S25,9,1142.9662075,42.82421875,2.401,3,88.88888888888889,.NET 9.0.3
MultiSequenceLearning,S26,9,1142.9662075,42.82421875,2.401,3,88.88888888888889,.NET 9.0.3
MultiSequenceLearning,S27,9,1142.9662075,42.82421875,2.401,3,88.88888888888889,.NET 9.0.3
MultiSequenceLearning,S28,9,1142.9662075,42.82421875,2.401,3,88.88888888888889,.NET 9.0.3
MultiSequenceLearning,S29,9,1142.9662075,42.82421875,2.401,3,88.88888888888889,.NET 9.0.3
MultiSequenceLearning,S30,9,1142.9662075,42.82421875,2.401,3,88.88888888888889,.NET 9.0.3
MultiSequenceLearning,S1,49,1142.9662075,42.82421875,2.401,3,100,.NET 9.0.3
MultiSequenceLearning,S2,49,1142.9662075,42.82421875,2.401,3,97.95918367346938,.NET 9.0.3
MultiSequenceLearning,S3,49,1142.9662075,42.82421875,2.401,3,97.95918367346938,.NET 9.0.3
MultiSequenceLearning,S4,9,1142.9662075,42.82421875,2.401,3,88.88888888888889,.NET 9.0.3
MultiSequenceLearning,S5,9,1142.9662075,42.82421875,2.401,3,88.88888888888889,.NET 9.0.3
MultiSequenceLearning,S6,9,1142.9662075,42.82421875,2.401,3,88.88888888888889,.NET 9.0.3
MultiSequenceLearning,S7,9,1142.9662075,42.82421875,2.401,3,88.88888888888889,.NET 9.0.3
MultiSequenceLearning,S8,9,1142.9662075,42.82421875,2.401,3,88.88888888888889,.NET 9.0.3
MultiSequenceLearning,S9,9,1142.9662075,42.82421875,2.401,3,88.88888888888889,.NET 9.0.3
MultiSequenceLearning,S10,9,1142.9662075,42.82421875,2.401,3,88.88888888888889,.NET 9.0.3
MultiSequenceLearning,S11,9,1142.9662075,42.82421875,2.401,3,88.88888888888889,.NET 9.0.3
MultiSequenceLearning,S12,9,1142.9662075,42.82421875,2.401,3,88.88888888888889,.NET 9.0.3
MultiSequenceLearning,S13,9,1142.9662075,42.82421875,2.401,3,88.88888888888889,.NET 9.0.3
MultiSequenceLearning,S14,9,1142.9662075,42.82421875,2.401,3,88.88888888888889,.NET 9.0.3
MultiSequenceLearning,S15,9,1142.9662075,42.82421875,2.401,3,88.88888888888889,.NET 9.0.3
MultiSequenceLearning,S16,9,1142.9662075,42.82421875,2.401,3,88.88888888888889,.NET 9.0.3
MultiSequenceLearning,S17,9,1142.9662075,42.82421875,2.401,3,88.88888888888889,.NET 9.0.3
MultiSequenceLearning,S18,9,1142.9662075,42.82421875,2.401,3,88.88888888888889,.NET 9.0.3
MultiSequenceLearning,S19,9,1142.9662075,42.82421875,2.401,3,88.88888888888889,.NET 9.0.3
MultiSequenceLearning,S20,9,1142.9662075,42.82421875,2.401,3,88.88888888888889,.NET 9.0.3
MultiSequenceLearning,S21,9,1142.9662075,42.82421875,2.401,3,88.88888888888889,.NET 9.0.3
MultiSequenceLearning,S22,9,1142.9662075,42.82421875,2.401,3,88.88888888888889,.NET 9.0.3
MultiSequenceLearning,S23,9,1142.9662075,42.82421875,2.401,3,88.88888888888889,.NET 9.0.3
MultiSequenceLearning,S24,9,1142.9662075,42.82421875,2.401,3,88.88888888888889,.NET 9.0.3
MultiSequenceLearning,S25,9,1142.9662075,42.82421875,2.401,3,88.88888888888889,.NET 9.0.3
MultiSequenceLearning,S26,9,1142.9662075,42.82421875,2.401,3,88.88888888888889,.NET 9.0.3
MultiSequenceLearning,S27,9,1142.9662075,42.82421875,2.401,3,88.88888888888889,.NET 9.0.3
MultiSequenceLearning,S28,9,1142.9662075,42.82421875,2.401,3,88.88888888888889,.NET 9.0.3
MultiSequenceLearning,S29,9,1142.9662075,42.82421875,2.401,3,88.88888888888889,.NET 9.0.3
MultiSequenceLearning,S30,9,1142.9662075,42.82421875,2.401,3,88.88888888888889,.NET 9.0.3
MultiSequenceLearning,S1,49,1082.1089501,41.6015625,2.401,3,100,.NET 9.0.3
MultiSequenceLearning,S2,49,1082.1089501,41.6015625,2.401,3,97.95918367346938,.NET 9.0.3
MultiSequenceLearning,S3,49,1082.1089501,41.6015625,2.401,3,97.95918367346938,.NET 9.0.3
MultiSequenceLearning,S4,9,1082.1089501,41.6015625,2.401,3,88.88888888888889,.NET 9.0.3
MultiSequenceLearning,S5,9,1082.1089501,41.6015625,2.401,3,88.88888888888889,.NET 9.0.3
MultiSequenceLearning,S6,9,1082.1089501,41.6015625,2.401,3,88.88888888888889,.NET 9.0.3
MultiSequenceLearning,S7,9,1082.1089501,41.6015625,2.401,3,88.88888888888889,.NET 9.0.3
MultiSequenceLearning,S8,9,1082.1089501,41.6015625,2.401,3,88.88888888888889,.NET 9.0.3
MultiSequenceLearning,S9,9,1082.1089501,41.6015625,2.401,3,88.88888888888889,.NET 9.0.3
MultiSequenceLearning,S10,9,1082.1089501,41.6015625,2.401,3,88.88888888888889,.NET 9.0.3
MultiSequenceLearning,S11,9,1082.1089501,41.6015625,2.401,3,88.88888888888889,.NET 9.0.3
MultiSequenceLearning,S12,9,1082.1089501,41.6015625,2.401,3,88.88888888888889,.NET 9.0.3
MultiSequenceLearning,S13,9,1082.1089501,41.6015625,2.401,3,88.88888888888889,.NET 9.0.3
MultiSequenceLearning,S14,9,1082.1089501,41.6015625,2.401,3,88.88888888888889,.NET 9.0.3
MultiSequenceLearning,S15,9,1082.1089501,41.6015625,2.401,3,88.88888888888889,.NET 9.0.3
MultiSequenceLearning,S16,9,1082.1089501,41.6015625,2.401,3,88.88888888888889,.NET 9.0.3
MultiSequenceLearning,S17,9,1082.1089501,41.6015625,2.401,3,88.88888888888889,.NET 9.0.3
MultiSequenceLearning,S18,9,1082.1089501,41.6015625,2.401,3,88.88888888888889,.NET 9.0.3
MultiSequenceLearning,S19,9,1082.1089501,41.6015625,2.401,3,88.88888888888889,.NET 9.0.3
MultiSequenceLearning,S20,9,1082.1089501,41.6015625,2.401,3,88.88888888888889,.NET 9.0.3
MultiSequenceLearning,S21,9,1082.1089501,41.6015625,2.401,3,88.88888888888889,.NET 9.0.3
MultiSequenceLearning,S22,9,1082.1089501,41.6015625,2.401,3,88.88888888888889,.NET 9.0.3
MultiSequenceLearning,S23,9,1082.1089501,41.6015625,2.401,3,88.88888888888889,.NET 9.0.3
MultiSequenceLearning,S24,9,1082.1089501,41.6015625,2.401,3,88.88888888888889,.NET 9.0.3
MultiSequenceLearning,S25,9,1082.1089501,41.6015625,2.401,3,88.88888888888889,.NET 9.0.3
MultiSequenceLearning,S26,9,1082.1089501,41.6015625,2.401,3,88.88888888888889,.NET 9.0.3
MultiSequenceLearning,S27,9,1082.1089501,41.6015625,2.401,3,88.88888888888889,.NET 9.0.3
MultiSequenceLearning,S28,9,1082.1089501,41.6015625,2.401,3,88.88888888888889,.NET 9.0.3
MultiSequenceLearning,S29,9,1082.1089501,41.6015625,2.401,3,88.88888888888889,.NET 9.0.3
MultiSequenceLearning,S30,9,1082.1089501,41.6015625,2.401,3,88.88888888888889,.NET 9.0.3
MultiSequenceLearning,S1,49,1082.1089501,41.6015625,2.401,3,100,.NET 9.0.3
MultiSequenceLearning,S2,49,1082.1089501,41.6015625,2.401,3,97.95918367346938,.NET 9.0.3
MultiSequenceLearning,S3,49,1082.1089501,41.6015625,2.401,3,97.95918367346938,.NET 9.0.3
MultiSequenceLearning,S4,9,1082.1089501,41.6015625,2.401,3,88.88888888888889,.NET 9.0.3
MultiSequenceLearning,S5,9,1082.1089501,41.6015625,2.401,3,88.88888888888889,.NET 9.0.3
MultiSequenceLearning,S6,9,1082.1089501,41.6015625,2.401,3,88.88888888888889,.NET 9.0.3
MultiSequenceLearning,S7,9,1082.1089501,41.6015625,2.401,3,88.88888888888889,.NET 9.0.3
MultiSequenceLearning,S8,9,1082.1089501,41.6015625,2.401,3,88.88888888888889,.NET 9.0.3
MultiSequenceLearning,S9,9,1082.1089501,41.6015625,2.401,3,88.88888888888889,.NET 9.0.3
MultiSequenceLearning,S10,9,1082.1089501,41.6015625,2.401,3,88.88888888888889,.NET 9.0.3
MultiSequenceLearning,S11,9,1082.1089501,41.6015625,2.401,3,88.88888888888889,.NET 9.0.3
MultiSequenceLearning,S12,9,1082.1089501,41.6015625,2.401,3,88.88888888888889,.NET 9.0.3
MultiSequenceLearning,S13,9,1082.1089501,41.6015625,2.401,3,88.88888888888889,.NET 9.0.3
MultiSequenceLearning,S14,9,1082.1089501,41.6015625,2.401,3,88.88888888888889,.NET 9.0.3
MultiSequenceLearning,S15,9,1082.1089501,41.6015625,2.401,3,88.88888888888889,.NET 9.0.3
MultiSequenceLearning,S16,9,1082.1089501,41.6015625,2.401,3,88.88888888888889,.NET 9.0.3
MultiSequenceLearning,S17,9,1082.1089501,41.6015625,2.401,3,88.88888888888889,.NET 9.0.3
MultiSequenceLearning,S18,9,1082.1089501,41.6015625,2.401,3,88.88888888888889,.NET 9.0.3
MultiSequenceLearning,S19,9,1082.1089501,41.6015625,2.401,3,88.88888888888889,.NET 9.0.3
MultiSequenceLearning,S20,9,1082.1089501,41.6015625,2.401,3,88.88888888888889,.NET 9.0.3
MultiSequenceLearning,S21,9,1082.1089501,41.6015625,2.401,3,88.88888888888889,.NET 9.0.3
MultiSequenceLearning,S22,9,1082.1089501,41.6015625,2.401,3,88.88888888888889,.NET 9.0.3
MultiSequenceLearning,S23,9,1082.1089501,41.6015625,2.401,3,88.88888888888889,.NET 9.0.3
MultiSequenceLearning,S24,9,1082.1089501,41.6015625,2.401,3,88.88888888888889,.NET 9.0.3
MultiSequenceLearning,S25,9,1082.1089501,41.6015625,2.401,3,88.88888888888889,.NET 9.0.3
MultiSequenceLearning,S26,9,1082.1089501,41.6015625,2.401,3,88.88888888888889,.NET 9.0.3
MultiSequenceLearning,S27,9,1082.1089501,41.6015625,2.401,3,88.88888888888889,.NET 9.0.3
MultiSequenceLearning,S28,9,1082.1089501,41.6015625,2.401,3,88.88888888888889,.NET 9.0.3
MultiSequenceLearning,S29,9,1082.1089501,41.6015625,2.401,3,88.88888888888889,.NET 9.0.3
MultiSequenceLearning,S30,9,1082.1089501,41.6015625,2.401,3,88.88888888888889,.NET 9.0.3
MultiSequenceLearning,S1,49,1082.1089501,41.6015625,2.401,3,100,.NET 9.0.3
MultiSequenceLearning,S2,49,1082.1089501,41.6015625,2.401,3,97.95918367346938,.NET 9.0.3
MultiSequenceLearning,S3,49,1082.1089501,41.6015625,2.401,3,97.95918367346938,.NET 9.0.3
MultiSequenceLearning,S4,9,1082.1089501,41.6015625,2.401,3,88.88888888888889,.NET 9.0.3
MultiSequenceLearning,S5,9,1082.1089501,41.6015625,2.401,3,88.88888888888889,.NET 9.0.3
MultiSequenceLearning,S6,9,1082.1089501,41.6015625,2.401,3,88.88888888888889,.NET 9.0.3
MultiSequenceLearning,S7,9,1082.1089501,41.6015625,2.401,3,88.88888888888889,.NET 9.0.3
MultiSequenceLearning,S8,9,1082.1089501,41.6015625,2.401,3,88.88888888888889,.NET 9.0.3
MultiSequenceLearning,S9,9,1082.1089501,41.6015625,2.401,3,88.88888888888889,.NET 9.0.3
MultiSequenceLearning,S10,9,1082.1089501,41.6015625,2.401,3,88.88888888888889,.NET 9.0.3
MultiSequenceLearning,S11,9,1082.1089501,41.6015625,2.401,3,88.88888888888889,.NET 9.0.3
MultiSequenceLearning,S12,9,1082.1089501,41.6015625,2.401,3,88.88888888888889,.NET 9.0.3
MultiSequenceLearning,S13,9,1082.1089501,41.6015625,2.401,3,88.88888888888889,.NET 9.0.3
MultiSequenceLearning,S14,9,1082.1089501,41.6015625,2.401,3,88.88888888888889,.NET 9.0.3
MultiSequenceLearning,S15,9,1082.1089501,41.6015625,2.401,3,88.88888888888889,.NET 9.0.3
MultiSequenceLearning,S16,9,1082.1089501,41.6015625,2.401,3,88.88888888888889,.NET 9.0.3
MultiSequenceLearning,S17,9,1082.1089501,41.6015625,2.401,3,88.88888888888889,.NET 9.0.3
MultiSequenceLearning,S18,9,1082.1089501,41.6015625,2.401,3,88.88888888888889,.NET 9.0.3
MultiSequenceLearning,S19,9,1082.1089501,41.6015625,2.401,3,88.88888888888889,.NET 9.0.3
MultiSequenceLearning,S20,9,1082.1089501,41.6015625,2.401,3,88.88888888888889,.NET 9.0.3
MultiSequenceLearning,S21,9,1082.1089501,41.6015625,2.401,3,88.88888888888889,.NET 9.0.3
MultiSequenceLearning,S22,9,1082.1089501,41.6015625,2.401,3,88.88888888888889,.NET 9.0.3
MultiSequenceLearning,S23,9,1082.1089501,41.6015625,2.401,3,88.88888888888889,.NET 9.0.3
MultiSequenceLearning,S24,9,1082.1089501,41.6015625,2.401,3,88.88888888888889,.NET 9.0.3
MultiSequenceLearning,S25,9,1082.1089501,41.6015625,2.401,3,88.88888888888889,.NET 9.0.3
MultiSequenceLearning,S26,9,1082.1089501,41.6015625,2.401,3,88.88888888888889,.NET 9.0.3
MultiSequenceLearning,S27,9,1082.1089501,41.6015625,2.401,3,88.88888888888889,.NET 9.0.3
MultiSequenceLearning,S28,9,1082.1089501,41.6015625,2.401,3,88.88888888888889,.NET 9.0.3
MultiSequenceLearning,S29,9,1082.1089501,41.6015625,2.401,3,88.88888888888889,.NET 9.0.3
MultiSequenceLearning,S30,9,1082.1089501,41.6015625,2.401,3,88.88888888888889,.NET 9.0.3
MultiSequenceLearning,S1,49,1082.1089501,41.6015625,2.401,3,100,.NET 9.0.3
MultiSequenceLearning,S2,49,1082.1089501,41.6015625,2.401,3,97.95918367346938,.NET 9.0.3
MultiSequenceLearning,S3,49,1082.1089501,41.6015625,2.401,3,97.95918367346938,.NET 9.0.3
MultiSequenceLearning,S4,9,1082.1089501,41.6015625,2.401,3,88.88888888888889,.NET 9.0.3
MultiSequenceLearning,S5,9,1082.1089501,41.6015625,2.401,3,88.88888888888889,.NET 9.0.3
MultiSequenceLearning,S6,9,1082.1089501,41.6015625,2.401,3,88.88888888888889,.NET 9.0.3
MultiSequenceLearning,S7,9,1082.1089501,41.6015625,2.401,3,88.88888888888889,.NET 9.0.3
MultiSequenceLearning,S8,9,1082.1089501,41.6015625,2.401,3,88.88888888888889,.NET 9.0.3
MultiSequenceLearning,S9,9,1082.1089501,41.6015625,2.401,3,88.88888888888889,.NET 9.0.3
MultiSequenceLearning,S10,9,1082.1089501,41.6015625,2.401,3,88.88888888888889,.NET 9.0.3
MultiSequenceLearning,S11,9,1082.1089501,41.6015625,2.401,3,88.88888888888889,.NET 9.0.3
MultiSequenceLearning,S12,9,1082.1089501,41.6015625,2.401,3,88.88888888888889,.NET 9.0.3
MultiSequenceLearning,S13,9,1082.1089501,41.6015625,2.401,3,88.88888888888889,.NET 9.0.3
MultiSequenceLearning,S14,9,1082.1089501,41.6015625,2.401,3,88.88888888888889,.NET 9.0.3
MultiSequenceLearning,S15,9,1082.1089501,41.6015625,2.401,3,88.88888888888889,.NET 9.0.3
MultiSequenceLearning,S16,9,1082.1089501,41.6015625,2.401,3,88.88888888888889,.NET 9.0.3
MultiSequenceLearning,S17,9,1082.1089501,41.6015625,2.401,3,88.88888888888889,.NET 9.0.3
MultiSequenceLearning,S18,9,1082.1089501,41.6015625,2.401,3,88.88888888888889,.NET 9.0.3
MultiSequenceLearning,S19,9,1082.1089501,41.6015625,2.401,3,88.88888888888889,.NET 9.0.3
MultiSequenceLearning,S20,9,1082.1089501,41.6015625,2.401,3,88.88888888888889,.NET 9.0.3
MultiSequenceLearning,S21,9,1082.1089501,41.6015625,2.401,3,88.88888888888889,.NET 9.0.3
MultiSequenceLearning,S22,9,1082.1089501,41.6015625,2.401,3,88.88888888888889,.NET 9.0.3
MultiSequenceLearning,S23,9,1082.1089501,41.6015625,2.401,3,88.88888888888889,.NET 9.0.3
MultiSequenceLearning,S24,9,1082.1089501,41.6015625,2.401,3,88.88888888888889,.NET 9.0.3
MultiSequenceLearning,S25,9,1082.1089501,41.6015625,2.401,3,88.88888888888889,.NET 9.0.3
MultiSequenceLearning,S26,9,1082.1089501,41.6015625,2.401,3,88.88888888888889,.NET 9.0.3
MultiSequenceLearning,S27,9,1082.1089501,41.6015625,2.401,3,88.88888888888889,.NET 9.0.3
MultiSequenceLearning,S28,9,1082.1089501,41.6015625,2.401,3,88.88888888888889,.NET 9.0.3
MultiSequenceLearning,S29,9,1082.1089501,41.6015625,2.401,3,88.88888888888889,.NET 9.0.3
MultiSequenceLearning,S30,9,1082.1089501,41.6015625,2.401,3,88.88888888888889,.NET 9.0.3
MultiSequenceLearning,S1,49,1191.5144559,40.0859375,2.401,2,100,.NET 9.0.3
MultiSequenceLearning,S2,49,1191.5144559,40.0859375,2.401,2,97.95918367346938,.NET 9.0.3
MultiSequenceLearning,S3,49,1191.5144559,40.0859375,2.401,2,97.95918367346938,.NET 9.0.3
MultiSequenceLearning,S4,9,1191.5144559,40.0859375,2.401,2,88.88888888888889,.NET 9.0.3
MultiSequenceLearning,S5,9,1191.5144559,40.0859375,2.401,2,88.88888888888889,.NET 9.0.3
MultiSequenceLearning,S6,9,1191.5144559,40.0859375,2.401,2,88.88888888888889,.NET 9.0.3
MultiSequenceLearning,S7,9,1191.5144559,40.0859375,2.401,2,88.88888888888889,.NET 9.0.3
MultiSequenceLearning,S8,9,1191.5144559,40.0859375,2.401,2,88.88888888888889,.NET 9.0.3
MultiSequenceLearning,S9,9,1191.5144559,40.0859375,2.401,2,88.88888888888889,.NET 9.0.3
MultiSequenceLearning,S10,9,1191.5144559,40.0859375,2.401,2,88.88888888888889,.NET 9.0.3
MultiSequenceLearning,S11,9,1191.5144559,40.0859375,2.401,2,88.88888888888889,.NET 9.0.3
MultiSequenceLearning,S12,9,1191.5144559,40.0859375,2.401,2,88.88888888888889,.NET 9.0.3
MultiSequenceLearning,S13,9,1191.5144559,40.0859375,2.401,2,88.88888888888889,.NET 9.0.3
MultiSequenceLearning,S14,9,1191.5144559,40.0859375,2.401,2,88.88888888888889,.NET 9.0.3
MultiSequenceLearning,S15,9,1191.5144559,40.0859375,2.401,2,88.88888888888889,.NET 9.0.3
MultiSequenceLearning,S16,9,1191.5144559,40.0859375,2.401,2,88.88888888888889,.NET 9.0.3
MultiSequenceLearning,S17,9,1191.5144559,40.0859375,2.401,2,88.88888888888889,.NET 9.0.3
MultiSequenceLearning,S18,9,1191.5144559,40.0859375,2.401,2,88.88888888888889,.NET 9.0.3
MultiSequenceLearning,S19,9,1191.5144559,40.0859375,2.401,2,88.88888888888889,.NET 9.0.3
MultiSequenceLearning,S20,9,1191.5144559,40.0859375,2.401,2,88.88888888888889,.NET 9.0.3
MultiSequenceLearning,S21,9,1191.5144559,40.0859375,2.401,2,88.88888888888889,.NET 9.0.3
MultiSequenceLearning,S22,9,1191.5144559,40.0859375,2.401,2,88.88888888888889,.NET 9.0.3
MultiSequenceLearning,S23,9,1191.5144559,40.0859375,2.401,2,88.88888888888889,.NET 9.0.3
MultiSequenceLearning,S24,9,1191.5144559,40.0859375,2.401,2,88.88888888888889,.NET 9.0.3
MultiSequenceLearning,S25,9,1191.5144559,40.0859375,2.401,2,88.88888888888889,.NET 9.0.3
MultiSequenceLearning,S26,9,1191.5144559,40.0859375,2.401,2,88.88888888888889,.NET 9.0.3
MultiSequenceLearning,S27,9,1191.5144559,40.0859375,2.401,2,88.88888888888889,.NET 9.0.3
MultiSequenceLearning,S28,9,1191.5144559,40.0859375,2.401,2,88.88888888888889,.NET 9.0.3
MultiSequenceLearning,S29,9,1191.5144559,40.0859375,2.401,2,88.88888888888889,.NET 9.0.3
MultiSequenceLearning,S30,9,1191.5144559,40.0859375,2.401,2,88.88888888888889,.NET 9.0.3
MultiSequenceLearning,S1,49,1191.5144559,40.0859375,2.401,2,100,.NET 9.0.3
MultiSequenceLearning,S2,49,1191.5144559,40.0859375,2.401,2,97.95918367346938,.NET 9.0.3
MultiSequenceLearning,S3,49,1191.5144559,40.0859375,2.401,2,97.95918367346938,.NET 9.0.3
MultiSequenceLearning,S4,9,1191.5144559,40.0859375,2.401,2,88.88888888888889,.NET 9.0.3
MultiSequenceLearning,S5,9,1191.5144559,40.0859375,2.401,2,88.88888888888889,.NET 9.0.3
MultiSequenceLearning,S6,9,1191.5144559,40.0859375,2.401,2,88.88888888888889,.NET 9.0.3
MultiSequenceLearning,S7,9,1191.5144559,40.0859375,2.401,2,88.88888888888889,.NET 9.0.3
MultiSequenceLearning,S8,9,1191.5144559,40.0859375,2.401,2,88.88888888888889,.NET 9.0.3
MultiSequenceLearning,S9,9,1191.5144559,40.0859375,2.401,2,88.88888888888889,.NET 9.0.3
MultiSequenceLearning,S10,9,1191.5144559,40.0859375,2.401,2,88.88888888888889,.NET 9.0.3
MultiSequenceLearning,S11,9,1191.5144559,40.0859375,2.401,2,88.88888888888889,.NET 9.0.3
MultiSequenceLearning,S12,9,1191.5144559,40.0859375,2.401,2,88.88888888888889,.NET 9.0.3
MultiSequenceLearning,S13,9,1191.5144559,40.0859375,2.401,2,88.88888888888889,.NET 9.0.3
MultiSequenceLearning,S14,9,1191.5144559,40.0859375,2.401,2,88.88888888888889,.NET 9.0.3
MultiSequenceLearning,S15,9,1191.5144559,40.0859375,2.401,2,88.88888888888889,.NET 9.0.3
MultiSequenceLearning,S16,9,1191.5144559,40.0859375,2.401,2,88.88888888888889,.NET 9.0.3
MultiSequenceLearning,S17,9,1191.5144559,40.0859375,2.401,2,88.88888888888889,.NET 9.0.3
MultiSequenceLearning,S18,9,1191.5144559,40.0859375,2.401,2,88.88888888888889,.NET 9.0.3
MultiSequenceLearning,S19,9,1191.5144559,40.0859375,2.401,2,88.88888888888889,.NET 9.0.3
MultiSequenceLearning,S20,9,1191.5144559,40.0859375,2.401,2,88.88888888888889,.NET 9.0.3
MultiSequenceLearning,S21,9,1191.5144559,40.0859375,2.401,2,88.88888888888889,.NET 9.0.3
MultiSequenceLearning,S22,9,1191.5144559,40.0859375,2.401,2,88.88888888888889,.NET 9.0.3
MultiSequenceLearning,S23,9,1191.5144559,40.0859375,2.401,2,88.88888888888889,.NET 9.0.3
MultiSequenceLearning,S24,9,1191.5144559,40.0859375,2.401,2,88.88888888888889,.NET 9.0.3
MultiSequenceLearning,S25,9,1191.5144559,40.0859375,2.401,2,88.88888888888889,.NET 9.0.3
MultiSequenceLearning,S26,9,1191.5144559,40.0859375,2.401,2,88.88888888888889,.NET 9.0.3
MultiSequenceLearning,S27,9,1191.5144559,40.0859375,2.401,2,88.88888888888889,.NET 9.0.3
MultiSequenceLearning,S28,9,1191.5144559,40.0859375,2.401,2,88.88888888888889,.NET 9.0.3
MultiSequenceLearning,S29,9,1191.5144559,40.0859375,2.401,2,88.88888888888889,.NET 9.0.3
MultiSequenceLearning,S30,9,1191.5144559,40.0859375,2.401,2,88.88888888888889,.NET 9.0.3
MultiSequenceLearning,S1,49,1191.5144559,40.0859375,2.401,2,100,.NET 9.0.3
MultiSequenceLearning,S2,49,1191.5144559,40.0859375,2.401,2,97.95918367346938,.NET 9.0.3
MultiSequenceLearning,S3,49,1191.5144559,40.0859375,2.401,2,97.95918367346938,.NET 9.0.3
MultiSequenceLearning,S4,9,1191.5144559,40.0859375,2.401,2,88.88888888888889,.NET 9.0.3
MultiSequenceLearning,S5,9,1191.5144559,40.0859375,2.401,2,88.88888888888889,.NET 9.0.3
MultiSequenceLearning,S6,9,1191.5144559,40.0859375,2.401,2,88.88888888888889,.NET 9.0.3
MultiSequenceLearning,S7,9,1191.5144559,40.0859375,2.401,2,88.88888888888889,.NET 9.0.3
MultiSequenceLearning,S8,9,1191.5144559,40.0859375,2.401,2,88.88888888888889,.NET 9.0.3
MultiSequenceLearning,S9,9,1191.5144559,40.0859375,2.401,2,88.88888888888889,.NET 9.0.3
MultiSequenceLearning,S10,9,1191.5144559,40.0859375,2.401,2,88.88888888888889,.NET 9.0.3
MultiSequenceLearning,S11,9,1191.5144559,40.0859375,2.401,2,88.88888888888889,.NET 9.0.3
MultiSequenceLearning,S12,9,1191.5144559,40.0859375,2.401,2,88.88888888888889,.NET 9.0.3
MultiSequenceLearning,S13,9,1191.5144559,40.0859375,2.401,2,88.88888888888889,.NET 9.0.3
MultiSequenceLearning,S14,9,1191.5144559,40.0859375,2.401,2,88.88888888888889,.NET 9.0.3
MultiSequenceLearning,S15,9,1191.5144559,40.0859375,2.401,2,88.88888888888889,.NET 9.0.3
MultiSequenceLearning,S16,9,1191.5144559,40.0859375,2.401,2,88.88888888888889,.NET 9.0.3
MultiSequenceLearning,S17,9,1191.5144559,40.0859375,2.401,2,88.88888888888889,.NET 9.0.3
MultiSequenceLearning,S18,9,1191.5144559,40.0859375,2.401,2,88.88888888888889,.NET 9.0.3
MultiSequenceLearning,S19,9,1191.5144559,40.0859375,2.401,2,88.88888888888889,.NET 9.0.3
MultiSequenceLearning,S20,9,1191.5144559,40.0859375,2.401,2,88.88888888888889,.NET 9.0.3
MultiSequenceLearning,S21,9,1191.5144559,40.0859375,2.401,2,88.88888888888889,.NET 9.0.3
MultiSequenceLearning,S22,9,1191.5144559,40.0859375,2.401,2,88.88888888888889,.NET 9.0.3
MultiSequenceLearning,S23,9,1191.5144559,40.0859375,2.401,2,88.88888888888889,.NET 9.0.3
MultiSequenceLearning,S24,9,1191.5144559,40.0859375,2.401,2,88.88888888888889,.NET 9.0.3
MultiSequenceLearning,S25,9,1191.5144559,40.0859375,2.401,2,88.88888888888889,.NET 9.0.3
MultiSequenceLearning,S26,9,1191.5144559,40.0859375,2.401,2,88.88888888888889,.NET 9.0.3
MultiSequenceLearning,S27,9,1191.5144559,40.0859375,2.401,2,88.88888888888889,.NET 9.0.3
MultiSequenceLearning,S28,9,1191.5144559,40.0859375,2.401,2,88.88888888888889,.NET 9.0.3
MultiSequenceLearning,S29,9,1191.5144559,40.0859375,2.401,2,88.88888888888889,.NET 9.0.3
MultiSequenceLearning,S30,9,1191.5144559,40.0859375,2.401,2,88.88888888888889,.NET 9.0.3
MultiSequenceLearning,S1,49,1191.5144559,40.0859375,2.401,2,100,.NET 9.0.3
MultiSequenceLearning,S2,49,1191.5144559,40.0859375,2.401,2,97.95918367346938,.NET 9.0.3
MultiSequenceLearning,S3,49,1191.5144559,40.0859375,2.401,2,97.95918367346938,.NET 9.0.3
MultiSequenceLearning,S4,9,1191.5144559,40.0859375,2.401,2,88.88888888888889,.NET 9.0.3
MultiSequenceLearning,S5,9,1191.5144559,40.0859375,2.401,2,88.88888888888889,.NET 9.0.3
MultiSequenceLearning,S6,9,1191.5144559,40.0859375,2.401,2,88.88888888888889,.NET 9.0.3
MultiSequenceLearning,S7,9,1191.5144559,40.0859375,2.401,2,88.88888888888889,.NET 9.0.3
MultiSequenceLearning,S8,9,1191.5144559,40.0859375,2.401,2,88.88888888888889,.NET 9.0.3
MultiSequenceLearning,S9,9,1191.5144559,40.0859375,2.401,2,88.88888888888889,.NET 9.0.3
MultiSequenceLearning,S10,9,1191.5144559,40.0859375,2.401,2,88.88888888888889,.NET 9.0.3
MultiSequenceLearning,S11,9,1191.5144559,40.0859375,2.401,2,88.88888888888889,.NET 9.0.3
MultiSequenceLearning,S12,9,1191.5144559,40.0859375,2.401,2,88.88888888888889,.NET 9.0.3
MultiSequenceLearning,S13,9,1191.5144559,40.0859375,2.401,2,88.88888888888889,.NET 9.0.3
MultiSequenceLearning,S14,9,1191.5144559,40.0859375,2.401,2,88.88888888888889,.NET 9.0.3
MultiSequenceLearning,S15,9,1191.5144559,40.0859375,2.401,2,88.88888888888889,.NET 9.0.3
MultiSequenceLearning,S16,9,1191.5144559,40.0859375,2.401,2,88.88888888888889,.NET 9.0.3
MultiSequenceLearning,S17,9,1191.5144559,40.0859375,2.401,2,88.88888888888889,.NET 9.0.3
MultiSequenceLearning,S18,9,1191.5144559,40.0859375,2.401,2,88.88888888888889,.NET 9.0.3
MultiSequenceLearning,S19,9,1191.5144559,40.0859375,2.401,2,88.88888888888889,.NET 9.0.3
MultiSequenceLearning,S20,9,1191.5144559,40.0859375,2.401,2,88.88888888888889,.NET 9.0.3
MultiSequenceLearning,S21,9,1191.5144559,40.0859375,2.401,2,88.88888888888889,.NET 9.0.3
MultiSequenceLearning,S22,9,1191.5144559,40.0859375,2.401,2,88.88888888888889,.NET 9.0.3
MultiSequenceLearning,S23,9,1191.5144559,40.0859375,2.401,2,88.88888888888889,.NET 9.0.3
MultiSequenceLearning,S24,9,1191.5144559,40.0859375,2.401,2,88.88888888888889,.NET 9.0.3
MultiSequenceLearning,S25,9,1191.5144559,40.0859375,2.401,2,88.88888888888889,.NET 9.0.3
MultiSequenceLearning,S26,9,1191.5144559,40.0859375,2.401,2,88.88888888888889,.NET 9.0.3
MultiSequenceLearning,S27,9,1191.5144559,40.0859375,2.401,2,88.88888888888889,.NET 9.0.3
MultiSequenceLearning,S28,9,1191.5144559,40.0859375,2.401,2,88.88888888888889,.NET 9.0.3
MultiSequenceLearning,S29,9,1191.5144559,40.0859375,2.401,2,88.88888888888889,.NET 9.0.3
MultiSequenceLearning,S30,9,1191.5144559,40.0859375,2.401,2,88.88888888888889,.NET 9.0.3
MultiSequenceLearning,S1,49,1261.0794397,41.48828125,2.401,2,100,.NET 9.0.3
MultiSequenceLearning,S2,49,1261.0794397,41.48828125,2.401,2,97.95918367346938,.NET 9.0.3
MultiSequenceLearning,S3,49,1261.0794397,41.48828125,2.401,2,97.95918367346938,.NET 9.0.3
MultiSequenceLearning,S4,9,1261.0794397,41.48828125,2.401,2,88.88888888888889,.NET 9.0.3
MultiSequenceLearning,S5,9,1261.0794397,41.48828125,2.401,2,88.88888888888889,.NET 9.0.3
MultiSequenceLearning,S6,9,1261.0794397,41.48828125,2.401,2,88.88888888888889,.NET 9.0.3
MultiSequenceLearning,S7,9,1261.0794397,41.48828125,2.401,2,88.88888888888889,.NET 9.0.3
MultiSequenceLearning,S8,9,1261.0794397,41.48828125,2.401,2,88.88888888888889,.NET 9.0.3
MultiSequenceLearning,S9,9,1261.0794397,41.48828125,2.401,2,88.88888888888889,.NET 9.0.3
MultiSequenceLearning,S10,9,1261.0794397,41.48828125,2.401,2,88.88888888888889,.NET 9.0.3
MultiSequenceLearning,S11,9,1261.0794397,41.48828125,2.401,2,88.88888888888889,.NET 9.0.3
MultiSequenceLearning,S12,9,1261.0794397,41.48828125,2.401,2,88.88888888888889,.NET 9.0.3
MultiSequenceLearning,S13,9,1261.0794397,41.48828125,2.401,2,88.88888888888889,.NET 9.0.3
MultiSequenceLearning,S14,9,1261.0794397,41.48828125,2.401,2,88.88888888888889,.NET 9.0.3
MultiSequenceLearning,S15,9,1261.0794397,41.48828125,2.401,2,88.88888888888889,.NET 9.0.3
MultiSequenceLearning,S16,9,1261.0794397,41.48828125,2.401,2,88.88888888888889,.NET 9.0.3
MultiSequenceLearning,S17,9,1261.0794397,41.48828125,2.401,2,88.88888888888889,.NET 9.0.3
MultiSequenceLearning,S18,9,1261.0794397,41.48828125,2.401,2,88.88888888888889,.NET 9.0.3
MultiSequenceLearning,S19,9,1261.0794397,41.48828125,2.401,2,88.88888888888889,.NET 9.0.3
MultiSequenceLearning,S20,9,1261.0794397,41.48828125,2.401,2,88.88888888888889,.NET 9.0.3
MultiSequenceLearning,S21,9,1261.0794397,41.48828125,2.401,2,88.88888888888889,.NET 9.0.3
MultiSequenceLearning,S22,9,1261.0794397,41.48828125,2.401,2,88.88888888888889,.NET 9.0.3
MultiSequenceLearning,S23,9,1261.0794397,41.48828125,2.401,2,88.88888888888889,.NET 9.0.3
MultiSequenceLearning,S24,9,1261.0794397,41.48828125,2.401,2,88.88888888888889,.NET 9.0.3
MultiSequenceLearning,S25,9,1261.0794397,41.48828125,2.401,2,88.88888888888889,.NET 9.0.3
MultiSequenceLearning,S26,9,1261.0794397,41.48828125,2.401,2,88.88888888888889,.NET 9.0.3
MultiSequenceLearning,S27,9,1261.0794397,41.48828125,2.401,2,88.88888888888889,.NET 9.0.3
MultiSequenceLearning,S28,9,1261.0794397,41.48828125,2.401,2,88.88888888888889,.NET 9.0.3
MultiSequenceLearning,S29,9,1261.0794397,41.48828125,2.401,2,88.88888888888889,.NET 9.0.3
MultiSequenceLearning,S30,9,1261.0794397,41.48828125,2.401,2,88.88888888888889,.NET 9.0.3
MultiSequenceLearning,S1,49,1261.0794397,41.48828125,2.401,2,100,.NET 9.0.3
MultiSequenceLearning,S2,49,1261.0794397,41.48828125,2.401,2,97.95918367346938,.NET 9.0.3
MultiSequenceLearning,S3,49,1261.0794397,41.48828125,2.401,2,97.95918367346938,.NET 9.0.3
MultiSequenceLearning,S4,9,1261.0794397,41.48828125,2.401,2,88.88888888888889,.NET 9.0.3
MultiSequenceLearning,S5,9,1261.0794397,41.48828125,2.401,2,88.88888888888889,.NET 9.0.3
MultiSequenceLearning,S6,9,1261.0794397,41.48828125,2.401,2,88.88888888888889,.NET 9.0.3
MultiSequenceLearning,S7,9,1261.0794397,41.48828125,2.401,2,88.88888888888889,.NET 9.0.3
MultiSequenceLearning,S8,9,1261.0794397,41.48828125,2.401,2,88.88888888888889,.NET 9.0.3
MultiSequenceLearning,S9,9,1261.0794397,41.48828125,2.401,2,88.88888888888889,.NET 9.0.3
MultiSequenceLearning,S10,9,1261.0794397,41.48828125,2.401,2,88.88888888888889,.NET 9.0.3
MultiSequenceLearning,S11,9,1261.0794397,41.48828125,2.401,2,88.88888888888889,.NET 9.0.3
MultiSequenceLearning,S12,9,1261.0794397,41.48828125,2.401,2,88.88888888888889,.NET 9.0.3
MultiSequenceLearning,S13,9,1261.0794397,41.48828125,2.401,2,88.88888888888889,.NET 9.0.3
MultiSequenceLearning,S14,9,1261.0794397,41.48828125,2.401,2,88.88888888888889,.NET 9.0.3
MultiSequenceLearning,S15,9,1261.0794397,41.48828125,2.401,2,88.88888888888889,.NET 9.0.3
MultiSequenceLearning,S16,9,1261.0794397,41.48828125,2.401,2,88.88888888888889,.NET 9.0.3
MultiSequenceLearning,S17,9,1261.0794397,41.48828125,2.401,2,88.88888888888889,.NET 9.0.3
MultiSequenceLearning,S18,9,1261.0794397,41.48828125,2.401,2,88.88888888888889,.NET 9.0.3
MultiSequenceLearning,S19,9,1261.0794397,41.48828125,2.401,2,88.88888888888889,.NET 9.0.3
MultiSequenceLearning,S20,9,1261.0794397,41.48828125,2.401,2,88.88888888888889,.NET 9.0.3
MultiSequenceLearning,S21,9,1261.0794397,41.48828125,2.401,2,88.88888888888889,.NET 9.0.3
MultiSequenceLearning,S22,9,1261.0794397,41.48828125,2.401,2,88.88888888888889,.NET 9.0.3
MultiSequenceLearning,S23,9,1261.0794397,41.48828125,2.401,2,88.88888888888889,.NET 9.0.3
MultiSequenceLearning,S24,9,1261.0794397,41.48828125,2.401,2,88.88888888888889,.NET 9.0.3
MultiSequenceLearning,S25,9,1261.0794397,41.48828125,2.401,2,88.88888888888889,.NET 9.0.3
MultiSequenceLearning,S26,9,1261.0794397,41.48828125,2.401,2,88.88888888888889,.NET 9.0.3
MultiSequenceLearning,S27,9,1261.0794397,41.48828125,2.401,2,88.88888888888889,.NET 9.0.3
MultiSequenceLearning,S28,9,1261.0794397,41.48828125,2.401,2,88.88888888888889,.NET 9.0.3
MultiSequenceLearning,S29,9,1261.0794397,41.48828125,2.401,2,88.88888888888889,.NET 9.0.3
MultiSequenceLearning,S30,9,1261.0794397,41.48828125,2.401,2,88.88888888888889,.NET 9.0.3
MultiSequenceLearning,S1,49,1261.0794397,41.48828125,2.401,2,100,.NET 9.0.3
MultiSequenceLearning,S2,49,1261.0794397,41.48828125,2.401,2,97.95918367346938,.NET 9.0.3
MultiSequenceLearning,S3,49,1261.0794397,41.48828125,2.401,2,97.95918367346938,.NET 9.0.3
MultiSequenceLearning,S4,9,1261.0794397,41.48828125,2.401,2,88.88888888888889,.NET 9.0.3
MultiSequenceLearning,S5,9,1261.0794397,41.48828125,2.401,2,88.88888888888889,.NET 9.0.3
MultiSequenceLearning,S6,9,1261.0794397,41.48828125,2.401,2,88.88888888888889,.NET 9.0.3
MultiSequenceLearning,S7,9,1261.0794397,41.48828125,2.401,2,88.88888888888889,.NET 9.0.3
MultiSequenceLearning,S8,9,1261.0794397,41.48828125,2.401,2,88.88888888888889,.NET 9.0.3
MultiSequenceLearning,S9,9,1261.0794397,41.48828125,2.401,2,88.88888888888889,.NET 9.0.3
MultiSequenceLearning,S10,9,1261.0794397,41.48828125,2.401,2,88.88888888888889,.NET 9.0.3
MultiSequenceLearning,S11,9,1261.0794397,41.48828125,2.401,2,88.88888888888889,.NET 9.0.3
MultiSequenceLearning,S12,9,1261.0794397,41.48828125,2.401,2,88.88888888888889,.NET 9.0.3
MultiSequenceLearning,S13,9,1261.0794397,41.48828125,2.401,2,88.88888888888889,.NET 9.0.3
MultiSequenceLearning,S14,9,1261.0794397,41.48828125,2.401,2,88.88888888888889,.NET 9.0.3
MultiSequenceLearning,S15,9,1261.0794397,41.48828125,2.401,2,88.88888888888889,.NET 9.0.3
MultiSequenceLearning,S16,9,1261.0794397,41.48828125,2.401,2,88.88888888888889,.NET 9.0.3
MultiSequenceLearning,S17,9,1261.0794397,41.48828125,2.401,2,88.88888888888889,.NET 9.0.3
MultiSequenceLearning,S18,9,1261.0794397,41.48828125,2.401,2,88.88888888888889,.NET 9.0.3
MultiSequenceLearning,S19,9,1261.0794397,41.48828125,2.401,2,88.88888888888889,.NET 9.0.3
MultiSequenceLearning,S20,9,1261.0794397,41.48828125,2.401,2,88.88888888888889,.NET 9.0.3
MultiSequenceLearning,S21,9,1261.0794397,41.48828125,2.401,2,88.88888888888889,.NET 9.0.3
MultiSequenceLearning,S22,9,1261.0794397,41.48828125,2.401,2,88.88888888888889,.NET 9.0.3
MultiSequenceLearning,S23,9,1261.0794397,41.48828125,2.401,2,88.88888888888889,.NET 9.0.3
MultiSequenceLearning,S24,9,1261.0794397,41.48828125,2.401,2,88.88888888888889,.NET 9.0.3
MultiSequenceLearning,S25,9,1261.0794397,41.48828125,2.401,2,88.88888888888889,.NET 9.0.3
MultiSequenceLearning,S26,9,1261.0794397,41.48828125,2.401,2,88.88888888888889,.NET 9.0.3
MultiSequenceLearning,S27,9,1261.0794397,41.48828125,2.401,2,88.88888888888889,.NET 9.0.3
MultiSequenceLearning,S28,9,1261.0794397,41.48828125,2.401,2,88.88888888888889,.NET 9.0.3
MultiSequenceLearning,S29,9,1261.0794397,41.48828125,2.401,2,88.88888888888889,.NET 9.0.3
MultiSequenceLearning,S30,9,1261.0794397,41.48828125,2.401,2,88.88888888888889,.NET 9.0.3
MultiSequenceLearning,S1,49,1261.0794397,41.48828125,2.401,2,100,.NET 9.0.3
MultiSequenceLearning,S2,49,1261.0794397,41.48828125,2.401,2,97.95918367346938,.NET 9.0.3
MultiSequenceLearning,S3,49,1261.0794397,41.48828125,2.401,2,97.95918367346938,.NET 9.0.3
MultiSequenceLearning,S4,9,1261.0794397,41.48828125,2.401,2,88.88888888888889,.NET 9.0.3
MultiSequenceLearning,S5,9,1261.0794397,41.48828125,2.401,2,88.88888888888889,.NET 9.0.3
MultiSequenceLearning,S6,9,1261.0794397,41.48828125,2.401,2,88.88888888888889,.NET 9.0.3
MultiSequenceLearning,S7,9,1261.0794397,41.48828125,2.401,2,88.88888888888889,.NET 9.0.3
MultiSequenceLearning,S8,9,1261.0794397,41.48828125,2.401,2,88.88888888888889,.NET 9.0.3
MultiSequenceLearning,S9,9,1261.0794397,41.48828125,2.401,2,88.88888888888889,.NET 9.0.3
MultiSequenceLearning,S10,9,1261.0794397,41.48828125,2.401,2,88.88888888888889,.NET 9.0.3
MultiSequenceLearning,S11,9,1261.0794397,41.48828125,2.401,2,88.88888888888889,.NET 9.0.3
MultiSequenceLearning,S12,9,1261.0794397,41.48828125,2.401,2,88.88888888888889,.NET 9.0.3
MultiSequenceLearning,S13,9,1261.0794397,41.48828125,2.401,2,88.88888888888889,.NET 9.0.3
MultiSequenceLearning,S14,9,1261.0794397,41.48828125,2.401,2,88.88888888888889,.NET 9.0.3
MultiSequenceLearning,S15,9,1261.0794397,41.48828125,2.401,2,88.88888888888889,.NET 9.0.3
MultiSequenceLearning,S16,9,1261.0794397,41.48828125,2.401,2,88.88888888888889,.NET 9.0.3
MultiSequenceLearning,S17,9,1261.0794397,41.48828125,2.401,2,88.88888888888889,.NET 9.0.3
MultiSequenceLearning,S18,9,1261.0794397,41.48828125,2.401,2,88.88888888888889,.NET 9.0.3
MultiSequenceLearning,S19,9,1261.0794397,41.48828125,2.401,2,88.88888888888889,.NET 9.0.3
MultiSequenceLearning,S20,9,1261.0794397,41.48828125,2.401,2,88.88888888888889,.NET 9.0.3
MultiSequenceLearning,S21,9,1261.0794397,41.48828125,2.401,2,88.88888888888889,.NET 9.0.3
MultiSequenceLearning,S22,9,1261.0794397,41.48828125,2.401,2,88.88888888888889,.NET 9.0.3
MultiSequenceLearning,S23,9,1261.0794397,41.48828125,2.401,2,88.88888888888889,.NET 9.0.3
MultiSequenceLearning,S24,9,1261.0794397,41.48828125,2.401,2,88.88888888888889,.NET 9.0.3
MultiSequenceLearning,S25,9,1261.0794397,41.48828125,2.401,2,88.88888888888889,.NET 9.0.3
MultiSequenceLearning,S26,9,1261.0794397,41.48828125,2.401,2,88.88888888888889,.NET 9.0.3
MultiSequenceLearning,S27,9,1261.0794397,41.48828125,2.401,2,88.88888888888889,.NET 9.0.3
MultiSequenceLearning,S28,9,1261.0794397,41.48828125,2.401,2,88.88888888888889,.NET 9.0.3
MultiSequenceLearning,S29,9,1261.0794397,41.48828125,2.401,2,88.88888888888889,.NET 9.0.3
MultiSequenceLearning,S30,9,1261.0794397,41.48828125,2.401,2,88.88888888888889,.NET 9.0.3
MultiSequenceLearning,S1,49,1201.4055439,40.5625,2.401,2,100,.NET 9.0.3
MultiSequenceLearning,S2,49,1201.4055439,40.5625,2.401,2,97.95918367346938,.NET 9.0.3
MultiSequenceLearning,S3,49,1201.4055439,40.5625,2.401,2,97.95918367346938,.NET 9.0.3
MultiSequenceLearning,S4,9,1201.4055439,40.5625,2.401,2,88.88888888888889,.NET 9.0.3
MultiSequenceLearning,S5,9,1201.4055439,40.5625,2.401,2,88.88888888888889,.NET 9.0.3
MultiSequenceLearning,S6,9,1201.4055439,40.5625,2.401,2,88.88888888888889,.NET 9.0.3
MultiSequenceLearning,S7,9,1201.4055439,40.5625,2.401,2,88.88888888888889,.NET 9.0.3
MultiSequenceLearning,S8,9,1201.4055439,40.5625,2.401,2,88.88888888888889,.NET 9.0.3
MultiSequenceLearning,S9,9,1201.4055439,40.5625,2.401,2,88.88888888888889,.NET 9.0.3
MultiSequenceLearning,S10,9,1201.4055439,40.5625,2.401,2,88.88888888888889,.NET 9.0.3
MultiSequenceLearning,S11,9,1201.4055439,40.5625,2.401,2,88.88888888888889,.NET 9.0.3
MultiSequenceLearning,S12,9,1201.4055439,40.5625,2.401,2,88.88888888888889,.NET 9.0.3
MultiSequenceLearning,S13,9,1201.4055439,40.5625,2.401,2,88.88888888888889,.NET 9.0.3
MultiSequenceLearning,S14,9,1201.4055439,40.5625,2.401,2,88.88888888888889,.NET 9.0.3
MultiSequenceLearning,S15,9,1201.4055439,40.5625,2.401,2,88.88888888888889,.NET 9.0.3
MultiSequenceLearning,S16,9,1201.4055439,40.5625,2.401,2,88.88888888888889,.NET 9.0.3
MultiSequenceLearning,S17,9,1201.4055439,40.5625,2.401,2,88.88888888888889,.NET 9.0.3
MultiSequenceLearning,S18,9,1201.4055439,40.5625,2.401,2,88.88888888888889,.NET 9.0.3
MultiSequenceLearning,S19,9,1201.4055439,40.5625,2.401,2,88.88888888888889,.NET 9.0.3
MultiSequenceLearning,S20,9,1201.4055439,40.5625,2.401,2,88.88888888888889,.NET 9.0.3
MultiSequenceLearning,S21,9,1201.4055439,40.5625,2.401,2,88.88888888888889,.NET 9.0.3
MultiSequenceLearning,S22,9,1201.4055439,40.5625,2.401,2,88.88888888888889,.NET 9.0.3
MultiSequenceLearning,S23,9,1201.4055439,40.5625,2.401,2,88.88888888888889,.NET 9.0.3
MultiSequenceLearning,S24,9,1201.4055439,40.5625,2.401,2,88.88888888888889,.NET 9.0.3
MultiSequenceLearning,S25,9,1201.4055439,40.5625,2.401,2,88.88888888888889,.NET 9.0.3
MultiSequenceLearning,S26,9,1201.4055439,40.5625,2.401,2,88.88888888888889,.NET 9.0.3
MultiSequenceLearning,S27,9,1201.4055439,40.5625,2.401,2,88.88888888888889,.NET 9.0.3
MultiSequenceLearning,S28,9,1201.4055439,40.5625,2.401,2,88.88888888888889,.NET 9.0.3
MultiSequenceLearning,S29,9,1201.4055439,40.5625,2.401,2,88.88888888888889,.NET 9.0.3
MultiSequenceLearning,S30,9,1201.4055439,40.5625,2.401,2,88.88888888888889,.NET 9.0.3
MultiSequenceLearning,S1,49,1201.4055439,40.5625,2.401,2,100,.NET 9.0.3
MultiSequenceLearning,S2,49,1201.4055439,40.5625,2.401,2,97.95918367346938,.NET 9.0.3
MultiSequenceLearning,S3,49,1201.4055439,40.5625,2.401,2,97.95918367346938,.NET 9.0.3
MultiSequenceLearning,S4,9,1201.4055439,40.5625,2.401,2,88.88888888888889,.NET 9.0.3
MultiSequenceLearning,S5,9,1201.4055439,40.5625,2.401,2,88.88888888888889,.NET 9.0.3
MultiSequenceLearning,S6,9,1201.4055439,40.5625,2.401,2,88.88888888888889,.NET 9.0.3
MultiSequenceLearning,S7,9,1201.4055439,40.5625,2.401,2,88.88888888888889,.NET 9.0.3
MultiSequenceLearning,S8,9,1201.4055439,40.5625,2.401,2,88.88888888888889,.NET 9.0.3
MultiSequenceLearning,S9,9,1201.4055439,40.5625,2.401,2,88.88888888888889,.NET 9.0.3
MultiSequenceLearning,S10,9,1201.4055439,40.5625,2.401,2,88.88888888888889,.NET 9.0.3
MultiSequenceLearning,S11,9,1201.4055439,40.5625,2.401,2,88.88888888888889,.NET 9.0.3
MultiSequenceLearning,S12,9,1201.4055439,40.5625,2.401,2,88.88888888888889,.NET 9.0.3
MultiSequenceLearning,S13,9,1201.4055439,40.5625,2.401,2,88.88888888888889,.NET 9.0.3
MultiSequenceLearning,S14,9,1201.4055439,40.5625,2.401,2,88.88888888888889,.NET 9.0.3
MultiSequenceLearning,S15,9,1201.4055439,40.5625,2.401,2,88.88888888888889,.NET 9.0.3
MultiSequenceLearning,S16,9,1201.4055439,40.5625,2.401,2,88.88888888888889,.NET 9.0.3
MultiSequenceLearning,S17,9,1201.4055439,40.5625,2.401,2,88.88888888888889,.NET 9.0.3
MultiSequenceLearning,S18,9,1201.4055439,40.5625,2.401,2,88.88888888888889,.NET 9.0.3
MultiSequenceLearning,S19,9,1201.4055439,40.5625,2.401,2,88.88888888888889,.NET 9.0.3
MultiSequenceLearning,S20,9,1201.4055439,40.5625,2.401,2,88.88888888888889,.NET 9.0.3
MultiSequenceLearning,S21,9,1201.4055439,40.5625,2.401,2,88.88888888888889,.NET 9.0.3
MultiSequenceLearning,S22,9,1201.4055439,40.5625,2.401,2,88.88888888888889,.NET 9.0.3
MultiSequenceLearning,S23,9,1201.4055439,40.5625,2.401,2,88.88888888888889,.NET 9.0.3
MultiSequenceLearning,S24,9,1201.4055439,40.5625,2.401,2,88.88888888888889,.NET 9.0.3
MultiSequenceLearning,S25,9,1201.4055439,40.5625,2.401,2,88.88888888888889,.NET 9.0.3
MultiSequenceLearning,S26,9,1201.4055439,40.5625,2.401,2,88.88888888888889,.NET 9.0.3
MultiSequenceLearning,S27,9,1201.4055439,40.5625,2.401,2,88.88888888888889,.NET 9.0.3
MultiSequenceLearning,S28,9,1201.4055439,40.5625,2.401,2,88.88888888888889,.NET 9.0.3
MultiSequenceLearning,S29,9,1201.4055439,40.5625,2.401,2,88.88888888888889,.NET 9.0.3
MultiSequenceLearning,S30,9,1201.4055439,40.5625,2.401,2,88.88888888888889,.NET 9.0.3
MultiSequenceLearning,S1,49,1201.4055439,40.5625,2.401,2,100,.NET 9.0.3
MultiSequenceLearning,S2,49,1201.4055439,40.5625,2.401,2,97.95918367346938,.NET 9.0.3
MultiSequenceLearning,S3,49,1201.4055439,40.5625,2.401,2,97.95918367346938,.NET 9.0.3
MultiSequenceLearning,S4,9,1201.4055439,40.5625,2.401,2,88.88888888888889,.NET 9.0.3
MultiSequenceLearning,S5,9,1201.4055439,40.5625,2.401,2,88.88888888888889,.NET 9.0.3
MultiSequenceLearning,S6,9,1201.4055439,40.5625,2.401,2,88.88888888888889,.NET 9.0.3
MultiSequenceLearning,S7,9,1201.4055439,40.5625,2.401,2,88.88888888888889,.NET 9.0.3
MultiSequenceLearning,S8,9,1201.4055439,40.5625,2.401,2,88.88888888888889,.NET 9.0.3
MultiSequenceLearning,S9,9,1201.4055439,40.5625,2.401,2,88.88888888888889,.NET 9.0.3
MultiSequenceLearning,S10,9,1201.4055439,40.5625,2.401,2,88.88888888888889,.NET 9.0.3
MultiSequenceLearning,S11,9,1201.4055439,40.5625,2.401,2,88.88888888888889,.NET 9.0.3
MultiSequenceLearning,S12,9,1201.4055439,40.5625,2.401,2,88.88888888888889,.NET 9.0.3
MultiSequenceLearning,S13,9,1201.4055439,40.5625,2.401,2,88.88888888888889,.NET 9.0.3
MultiSequenceLearning,S14,9,1201.4055439,40.5625,2.401,2,88.88888888888889,.NET 9.0.3
MultiSequenceLearning,S15,9,1201.4055439,40.5625,2.401,2,88.88888888888889,.NET 9.0.3
MultiSequenceLearning,S16,9,1201.4055439,40.5625,2.401,2,88.88888888888889,.NET 9.0.3
MultiSequenceLearning,S17,9,1201.4055439,40.5625,2.401,2,88.88888888888889,.NET 9.0.3
MultiSequenceLearning,S18,9,1201.4055439,40.5625,2.401,2,88.88888888888889,.NET 9.0.3
MultiSequenceLearning,S19,9,1201.4055439,40.5625,2.401,2,88.88888888888889,.NET 9.0.3
MultiSequenceLearning,S20,9,1201.4055439,40.5625,2.401,2,88.88888888888889,.NET 9.0.3
MultiSequenceLearning,S21,9,1201.4055439,40.5625,2.401,2,88.88888888888889,.NET 9.0.3
MultiSequenceLearning,S22,9,1201.4055439,40.5625,2.401,2,88.88888888888889,.NET 9.0.3
MultiSequenceLearning,S23,9,1201.4055439,40.5625,2.401,2,88.88888888888889,.NET 9.0.3
MultiSequenceLearning,S24,9,1201.4055439,40.5625,2.401,2,88.88888888888889,.NET 9.0.3
MultiSequenceLearning,S25,9,1201.4055439,40.5625,2.401,2,88.88888888888889,.NET 9.0.3
MultiSequenceLearning,S26,9,1201.4055439,40.5625,2.401,2,88.88888888888889,.NET 9.0.3
MultiSequenceLearning,S27,9,1201.4055439,40.5625,2.401,2,88.88888888888889,.NET 9.0.3
MultiSequenceLearning,S28,9,1201.4055439,40.5625,2.401,2,88.88888888888889,.NET 9.0.3
MultiSequenceLearning,S29,9,1201.4055439,40.5625,2.401,2,88.88888888888889,.NET 9.0.3
MultiSequenceLearning,S30,9,1201.4055439,40.5625,2.401,2,88.88888888888889,.NET 9.0.3
MultiSequenceLearning,S1,49,1201.4055439,40.5625,2.401,2,100,.NET 9.0.3
MultiSequenceLearning,S2,49,1201.4055439,40.5625,2.401,2,97.95918367346938,.NET 9.0.3
MultiSequenceLearning,S3,49,1201.4055439,40.5625,2.401,2,97.95918367346938,.NET 9.0.3
MultiSequenceLearning,S4,9,1201.4055439,40.5625,2.401,2,88.88888888888889,.NET 9.0.3
MultiSequenceLearning,S5,9,1201.4055439,40.5625,2.401,2,88.88888888888889,.NET 9.0.3
MultiSequenceLearning,S6,9,1201.4055439,40.5625,2.401,2,88.88888888888889,.NET 9.0.3
MultiSequenceLearning,S7,9,1201.4055439,40.5625,2.401,2,88.88888888888889,.NET 9.0.3
MultiSequenceLearning,S8,9,1201.4055439,40.5625,2.401,2,88.88888888888889,.NET 9.0.3
MultiSequenceLearning,S9,9,1201.4055439,40.5625,2.401,2,88.88888888888889,.NET 9.0.3
MultiSequenceLearning,S10,9,1201.4055439,40.5625,2.401,2,88.88888888888889,.NET 9.0.3
MultiSequenceLearning,S11,9,1201.4055439,40.5625,2.401,2,88.88888888888889,.NET 9.0.3
MultiSequenceLearning,S12,9,1201.4055439,40.5625,2.401,2,88.88888888888889,.NET 9.0.3
MultiSequenceLearning,S13,9,1201.4055439,40.5625,2.401,2,88.88888888888889,.NET 9.0.3
MultiSequenceLearning,S14,9,1201.4055439,40.5625,2.401,2,88.88888888888889,.NET 9.0.3
MultiSequenceLearning,S15,9,1201.4055439,40.5625,2.401,2,88.88888888888889,.NET 9.0.3
MultiSequenceLearning,S16,9,1201.4055439,40.5625,2.401,2,88.88888888888889,.NET 9.0.3
MultiSequenceLearning,S17,9,1201.4055439,40.5625,2.401,2,88.88888888888889,.NET 9.0.3
MultiSequenceLearning,S18,9,1201.4055439,40.5625,2.401,2,88.88888888888889,.NET 9.0.3
MultiSequenceLearning,S19,9,1201.4055439,40.5625,2.401,2,88.88888888888889,.NET 9.0.3
MultiSequenceLearning,S20,9,1201.4055439,40.5625,2.401,2,88.88888888888889,.NET 9.0.3
MultiSequenceLearning,S21,9,1201.4055439,40.5625,2.401,2,88.88888888888889,.NET 9.0.3
MultiSequenceLearning,S22,9,1201.4055439,40.5625,2.401,2,88.88888888888889,.NET 9.0.3
MultiSequenceLearning,S23,9,1201.4055439,40.5625,2.401,2,88.88888888888889,.NET 9.0.3
MultiSequenceLearning,S24,9,1201.4055439,40.5625,2.401,2,88.88888888888889,.NET 9.0.3
MultiSequenceLearning,S25,9,1201.4055439,40.5625,2.401,2,88.88888888888889,.NET 9.0.3
MultiSequenceLearning,S26,9,1201.4055439,40.5625,2.401,2,88.88888888888889,.NET 9.0.3
MultiSequenceLearning,S27,9,1201.4055439,40.5625,2.401,2,88.88888888888889,.NET 9.0.3
MultiSequenceLearning,S28,9,1201.4055439,40.5625,2.401,2,88.88888888888889,.NET 9.0.3
MultiSequenceLearning,S29,9,1201.4055439,40.5625,2.401,2,88.88888888888889,.NET 9.0.3
MultiSequenceLearning,S30,9,1201.4055439,40.5625,2.401,2,88.88888888888889,.NET 9.0.3
MultiSequenceLearning,S1,49,1132.711557,31.8984375,2.401,1,100,.NET 9.0.3
MultiSequenceLearning,S2,49,1132.711557,31.8984375,2.401,1,97.95918367346938,.NET 9.0.3
MultiSequenceLearning,S3,49,1132.711557,31.8984375,2.401,1,97.95918367346938,.NET 9.0.3
MultiSequenceLearning,S4,9,1132.711557,31.8984375,2.401,1,88.88888888888889,.NET 9.0.3
MultiSequenceLearning,S5,9,1132.711557,31.8984375,2.401,1,88.88888888888889,.NET 9.0.3
MultiSequenceLearning,S6,9,1132.711557,31.8984375,2.401,1,88.88888888888889,.NET 9.0.3
MultiSequenceLearning,S7,9,1132.711557,31.8984375,2.401,1,88.88888888888889,.NET 9.0.3
MultiSequenceLearning,S8,9,1132.711557,31.8984375,2.401,1,88.88888888888889,.NET 9.0.3
MultiSequenceLearning,S9,9,1132.711557,31.8984375,2.401,1,88.88888888888889,.NET 9.0.3
MultiSequenceLearning,S10,9,1132.711557,31.8984375,2.401,1,88.88888888888889,.NET 9.0.3
MultiSequenceLearning,S11,9,1132.711557,31.8984375,2.401,1,88.88888888888889,.NET 9.0.3
MultiSequenceLearning,S12,9,1132.711557,31.8984375,2.401,1,88.88888888888889,.NET 9.0.3
MultiSequenceLearning,S13,9,1132.711557,31.8984375,2.401,1,88.88888888888889,.NET 9.0.3
MultiSequenceLearning,S14,9,1132.711557,31.8984375,2.401,1,88.88888888888889,.NET 9.0.3
MultiSequenceLearning,S15,9,1132.711557,31.8984375,2.401,1,88.88888888888889,.NET 9.0.3
MultiSequenceLearning,S16,9,1132.711557,31.8984375,2.401,1,88.88888888888889,.NET 9.0.3
MultiSequenceLearning,S17,9,1132.711557,31.8984375,2.401,1,88.88888888888889,.NET 9.0.3
MultiSequenceLearning,S18,9,1132.711557,31.8984375,2.401,1,88.88888888888889,.NET 9.0.3
MultiSequenceLearning,S19,9,1132.711557,31.8984375,2.401,1,88.88888888888889,.NET 9.0.3
MultiSequenceLearning,S20,9,1132.711557,31.8984375,2.401,1,88.88888888888889,.NET 9.0.3
MultiSequenceLearning,S21,9,1132.711557,31.8984375,2.401,1,88.88888888888889,.NET 9.0.3
MultiSequenceLearning,S22,9,1132.711557,31.8984375,2.401,1,88.88888888888889,.NET 9.0.3
MultiSequenceLearning,S23,9,1132.711557,31.8984375,2.401,1,88.88888888888889,.NET 9.0.3
MultiSequenceLearning,S24,9,1132.711557,31.8984375,2.401,1,88.88888888888889,.NET 9.0.3
MultiSequenceLearning,S25,9,1132.711557,31.8984375,2.401,1,88.88888888888889,.NET 9.0.3
MultiSequenceLearning,S26,9,1132.711557,31.8984375,2.401,1,88.88888888888889,.NET 9.0.3
MultiSequenceLearning,S27,9,1132.711557,31.8984375,2.401,1,88.88888888888889,.NET 9.0.3
MultiSequenceLearning,S28,9,1132.711557,31.8984375,2.401,1,88.88888888888889,.NET 9.0.3
MultiSequenceLearning,S29,9,1132.711557,31.8984375,2.401,1,88.88888888888889,.NET 9.0.3
MultiSequenceLearning,S30,9,1132.711557,31.8984375,2.401,1,88.88888888888889,.NET 9.0.3
MultiSequenceLearning,S1,49,1132.711557,31.8984375,2.401,1,100,.NET 9.0.3
MultiSequenceLearning,S2,49,1132.711557,31.8984375,2.401,1,97.95918367346938,.NET 9.0.3
MultiSequenceLearning,S3,49,1132.711557,31.8984375,2.401,1,97.95918367346938,.NET 9.0.3
MultiSequenceLearning,S4,9,1132.711557,31.8984375,2.401,1,88.88888888888889,.NET 9.0.3
MultiSequenceLearning,S5,9,1132.711557,31.8984375,2.401,1,88.88888888888889,.NET 9.0.3
MultiSequenceLearning,S6,9,1132.711557,31.8984375,2.401,1,88.88888888888889,.NET 9.0.3
MultiSequenceLearning,S7,9,1132.711557,31.8984375,2.401,1,88.88888888888889,.NET 9.0.3
MultiSequenceLearning,S8,9,1132.711557,31.8984375,2.401,1,88.88888888888889,.NET 9.0.3
MultiSequenceLearning,S9,9,1132.711557,31.8984375,2.401,1,88.88888888888889,.NET 9.0.3
MultiSequenceLearning,S10,9,1132.711557,31.8984375,2.401,1,88.88888888888889,.NET 9.0.3
MultiSequenceLearning,S11,9,1132.711557,31.8984375,2.401,1,88.88888888888889,.NET 9.0.3
MultiSequenceLearning,S12,9,1132.711557,31.8984375,2.401,1,88.88888888888889,.NET 9.0.3
MultiSequenceLearning,S13,9,1132.711557,31.8984375,2.401,1,88.88888888888889,.NET 9.0.3
MultiSequenceLearning,S14,9,1132.711557,31.8984375,2.401,1,88.88888888888889,.NET 9.0.3
MultiSequenceLearning,S15,9,1132.711557,31.8984375,2.401,1,88.88888888888889,.NET 9.0.3
MultiSequenceLearning,S16,9,1132.711557,31.8984375,2.401,1,88.88888888888889,.NET 9.0.3
MultiSequenceLearning,S17,9,1132.711557,31.8984375,2.401,1,88.88888888888889,.NET 9.0.3
MultiSequenceLearning,S18,9,1132.711557,31.8984375,2.401,1,88.88888888888889,.NET 9.0.3
MultiSequenceLearning,S19,9,1132.711557,31.8984375,2.401,1,88.88888888888889,.NET 9.0.3
MultiSequenceLearning,S20,9,1132.711557,31.8984375,2.401,1,88.88888888888889,.NET 9.0.3
MultiSequenceLearning,S21,9,1132.711557,31.8984375,2.401,1,88.88888888888889,.NET 9.0.3
MultiSequenceLearning,S22,9,1132.711557,31.8984375,2.401,1,88.88888888888889,.NET 9.0.3
MultiSequenceLearning,S23,9,1132.711557,31.8984375,2.401,1,88.88888888888889,.NET 9.0.3
MultiSequenceLearning,S24,9,1132.711557,31.8984375,2.401,1,88.88888888888889,.NET 9.0.3
MultiSequenceLearning,S25,9,1132.711557,31.8984375,2.401,1,88.88888888888889,.NET 9.0.3
MultiSequenceLearning,S26,9,1132.711557,31.8984375,2.401,1,88.88888888888889,.NET 9.0.3
MultiSequenceLearning,S27,9,1132.711557,31.8984375,2.401,1,88.88888888888889,.NET 9.0.3
MultiSequenceLearning,S28,9,1132.711557,31.8984375,2.401,1,88.88888888888889,.NET 9.0.3
MultiSequenceLearning,S29,9,1132.711557,31.8984375,2.401,1,88.88888888888889,.NET 9.0.3
MultiSequenceLearning,S30,9,1132.711557,31.8984375,2.401,1,88.88888888888889,.NET 9.0.3
MultiSequenceLearning,S1,49,1132.711557,31.8984375,2.401,1,100,.NET 9.0.3
MultiSequenceLearning,S2,49,1132.711557,31.8984375,2.401,1,97.95918367346938,.NET 9.0.3
MultiSequenceLearning,S3,49,1132.711557,31.8984375,2.401,1,97.95918367346938,.NET 9.0.3
MultiSequenceLearning,S4,9,1132.711557,31.8984375,2.401,1,88.88888888888889,.NET 9.0.3
MultiSequenceLearning,S5,9,1132.711557,31.8984375,2.401,1,88.88888888888889,.NET 9.0.3
MultiSequenceLearning,S6,9,1132.711557,31.8984375,2.401,1,88.88888888888889,.NET 9.0.3
MultiSequenceLearning,S7,9,1132.711557,31.8984375,2.401,1,88.88888888888889,.NET 9.0.3
MultiSequenceLearning,S8,9,1132.711557,31.8984375,2.401,1,88.88888888888889,.NET 9.0.3
MultiSequenceLearning,S9,9,1132.711557,31.8984375,2.401,1,88.88888888888889,.NET 9.0.3
MultiSequenceLearning,S10,9,1132.711557,31.8984375,2.401,1,88.88888888888889,.NET 9.0.3
MultiSequenceLearning,S11,9,1132.711557,31.8984375,2.401,1,88.88888888888889,.NET 9.0.3
MultiSequenceLearning,S12,9,1132.711557,31.8984375,2.401,1,88.88888888888889,.NET 9.0.3
MultiSequenceLearning,S13,9,1132.711557,31.8984375,2.401,1,88.88888888888889,.NET 9.0.3
MultiSequenceLearning,S14,9,1132.711557,31.8984375,2.401,1,88.88888888888889,.NET 9.0.3
MultiSequenceLearning,S15,9,1132.711557,31.8984375,2.401,1,88.88888888888889,.NET 9.0.3
MultiSequenceLearning,S16,9,1132.711557,31.8984375,2.401,1,88.88888888888889,.NET 9.0.3
MultiSequenceLearning,S17,9,1132.711557,31.8984375,2.401,1,88.88888888888889,.NET 9.0.3
MultiSequenceLearning,S18,9,1132.711557,31.8984375,2.401,1,88.88888888888889,.NET 9.0.3
MultiSequenceLearning,S19,9,1132.711557,31.8984375,2.401,1,88.88888888888889,.NET 9.0.3
MultiSequenceLearning,S20,9,1132.711557,31.8984375,2.401,1,88.88888888888889,.NET 9.0.3
MultiSequenceLearning,S21,9,1132.711557,31.8984375,2.401,1,88.88888888888889,.NET 9.0.3
MultiSequenceLearning,S22,9,1132.711557,31.8984375,2.401,1,88.88888888888889,.NET 9.0.3
MultiSequenceLearning,S23,9,1132.711557,31.8984375,2.401,1,88.88888888888889,.NET 9.0.3
MultiSequenceLearning,S24,9,1132.711557,31.8984375,2.401,1,88.88888888888889,.NET 9.0.3
MultiSequenceLearning,S25,9,1132.711557,31.8984375,2.401,1,88.88888888888889,.NET 9.0.3
MultiSequenceLearning,S26,9,1132.711557,31.8984375,2.401,1,88.88888888888889,.NET 9.0.3
MultiSequenceLearning,S27,9,1132.711557,31.8984375,2.401,1,88.88888888888889,.NET 9.0.3
MultiSequenceLearning,S28,9,1132.711557,31.8984375,2.401,1,88.88888888888889,.NET 9.0.3
MultiSequenceLearning,S29,9,1132.711557,31.8984375,2.401,1,88.88888888888889,.NET 9.0.3
MultiSequenceLearning,S30,9,1132.711557,31.8984375,2.401,1,88.88888888888889,.NET 9.0.3
MultiSequenceLearning,S1,49,1132.711557,31.8984375,2.401,1,100,.NET 9.0.3
MultiSequenceLearning,S2,49,1132.711557,31.8984375,2.401,1,97.95918367346938,.NET 9.0.3
MultiSequenceLearning,S3,49,1132.711557,31.8984375,2.401,1,97.95918367346938,.NET 9.0.3
MultiSequenceLearning,S4,9,1132.711557,31.8984375,2.401,1,88.88888888888889,.NET 9.0.3
MultiSequenceLearning,S5,9,1132.711557,31.8984375,2.401,1,88.88888888888889,.NET 9.0.3
MultiSequenceLearning,S6,9,1132.711557,31.8984375,2.401,1,88.88888888888889,.NET 9.0.3
MultiSequenceLearning,S7,9,1132.711557,31.8984375,2.401,1,88.88888888888889,.NET 9.0.3
MultiSequenceLearning,S8,9,1132.711557,31.8984375,2.401,1,88.88888888888889,.NET 9.0.3
MultiSequenceLearning,S9,9,1132.711557,31.8984375,2.401,1,88.88888888888889,.NET 9.0.3
MultiSequenceLearning,S10,9,1132.711557,31.8984375,2.401,1,88.88888888888889,.NET 9.0.3
MultiSequenceLearning,S11,9,1132.711557,31.8984375,2.401,1,88.88888888888889,.NET 9.0.3
MultiSequenceLearning,S12,9,1132.711557,31.8984375,2.401,1,88.88888888888889,.NET 9.0.3
MultiSequenceLearning,S13,9,1132.711557,31.8984375,2.401,1,88.88888888888889,.NET 9.0.3
MultiSequenceLearning,S14,9,1132.711557,31.8984375,2.401,1,88.88888888888889,.NET 9.0.3
MultiSequenceLearning,S15,9,1132.711557,31.8984375,2.401,1,88.88888888888889,.NET 9.0.3
MultiSequenceLearning,S16,9,1132.711557,31.8984375,2.401,1,88.88888888888889,.NET 9.0.3
MultiSequenceLearning,S17,9,1132.711557,31.8984375,2.401,1,88.88888888888889,.NET 9.0.3
MultiSequenceLearning,S18,9,1132.711557,31.8984375,2.401,1,88.88888888888889,.NET 9.0.3
MultiSequenceLearning,S19,9,1132.711557,31.8984375,2.401,1,88.88888888888889,.NET 9.0.3
MultiSequenceLearning,S20,9,1132.711557,31.8984375,2.401,1,88.88888888888889,.NET 9.0.3
MultiSequenceLearning,S21,9,1132.711557,31.8984375,2.401,1,88.88888888888889,.NET 9.0.3
MultiSequenceLearning,S22,9,1132.711557,31.8984375,2.401,1,88.88888888888889,.NET 9.0.3
MultiSequenceLearning,S23,9,1132.711557,31.8984375,2.401,1,88.88888888888889,.NET 9.0.3
MultiSequenceLearning,S24,9,1132.711557,31.8984375,2.401,1,88.88888888888889,.NET 9.0.3
MultiSequenceLearning,S25,9,1132.711557,31.8984375,2.401,1,88.88888888888889,.NET 9.0.3
MultiSequenceLearning,S26,9,1132.711557,31.8984375,2.401,1,88.88888888888889,.NET 9.0.3
MultiSequenceLearning,S27,9,1132.711557,31.8984375,2.401,1,88.88888888888889,.NET 9.0.3
MultiSequenceLearning,S28,9,1132.711557,31.8984375,2.401,1,88.88888888888889,.NET 9.0.3
MultiSequenceLearning,S29,9,1132.711557,31.8984375,2.401,1,88.88888888888889,.NET 9.0.3
MultiSequenceLearning,S30,9,1132.711557,31.8984375,2.401,1,88.88888888888889,.NET 9.0.3
MultiSequenceLearning,S1,49,1503.7800403,41.73828125,2.401,1,100,.NET 9.0.3
MultiSequenceLearning,S2,49,1503.7800403,41.73828125,2.401,1,97.95918367346938,.NET 9.0.3
MultiSequenceLearning,S3,49,1503.7800403,41.73828125,2.401,1,97.95918367346938,.NET 9.0.3
MultiSequenceLearning,S4,9,1503.7800403,41.73828125,2.401,1,88.88888888888889,.NET 9.0.3
MultiSequenceLearning,S5,9,1503.7800403,41.73828125,2.401,1,88.88888888888889,.NET 9.0.3
MultiSequenceLearning,S6,9,1503.7800403,41.73828125,2.401,1,88.88888888888889,.NET 9.0.3
MultiSequenceLearning,S7,9,1503.7800403,41.73828125,2.401,1,88.88888888888889,.NET 9.0.3
MultiSequenceLearning,S8,9,1503.7800403,41.73828125,2.401,1,88.88888888888889,.NET 9.0.3
MultiSequenceLearning,S9,9,1503.7800403,41.73828125,2.401,1,88.88888888888889,.NET 9.0.3
MultiSequenceLearning,S10,9,1503.7800403,41.73828125,2.401,1,88.88888888888889,.NET 9.0.3
MultiSequenceLearning,S11,9,1503.7800403,41.73828125,2.401,1,88.88888888888889,.NET 9.0.3
MultiSequenceLearning,S12,9,1503.7800403,41.73828125,2.401,1,88.88888888888889,.NET 9.0.3
MultiSequenceLearning,S13,9,1503.7800403,41.73828125,2.401,1,88.88888888888889,.NET 9.0.3
MultiSequenceLearning,S14,9,1503.7800403,41.73828125,2.401,1,88.88888888888889,.NET 9.0.3
MultiSequenceLearning,S15,9,1503.7800403,41.73828125,2.401,1,88.88888888888889,.NET 9.0.3
MultiSequenceLearning,S16,9,1503.7800403,41.73828125,2.401,1,88.88888888888889,.NET 9.0.3
MultiSequenceLearning,S17,9,1503.7800403,41.73828125,2.401,1,88.88888888888889,.NET 9.0.3
MultiSequenceLearning,S18,9,1503.7800403,41.73828125,2.401,1,88.88888888888889,.NET 9.0.3
MultiSequenceLearning,S19,9,1503.7800403,41.73828125,2.401,1,88.88888888888889,.NET 9.0.3
MultiSequenceLearning,S20,9,1503.7800403,41.73828125,2.401,1,88.88888888888889,.NET 9.0.3
MultiSequenceLearning,S21,9,1503.7800403,41.73828125,2.401,1,88.88888888888889,.NET 9.0.3
MultiSequenceLearning,S22,9,1503.7800403,41.73828125,2.401,1,88.88888888888889,.NET 9.0.3
MultiSequenceLearning,S23,9,1503.7800403,41.73828125,2.401,1,88.88888888888889,.NET 9.0.3
MultiSequenceLearning,S24,9,1503.7800403,41.73828125,2.401,1,88.88888888888889,.NET 9.0.3
MultiSequenceLearning,S25,9,1503.7800403,41.73828125,2.401,1,88.88888888888889,.NET 9.0.3
MultiSequenceLearning,S26,9,1503.7800403,41.73828125,2.401,1,88.88888888888889,.NET 9.0.3
MultiSequenceLearning,S27,9,1503.7800403,41.73828125,2.401,1,88.88888888888889,.NET 9.0.3
MultiSequenceLearning,S28,9,1503.7800403,41.73828125,2.401,1,88.88888888888889,.NET 9.0.3
MultiSequenceLearning,S29,9,1503.7800403,41.73828125,2.401,1,88.88888888888889,.NET 9.0.3
MultiSequenceLearning,S30,9,1503.7800403,41.73828125,2.401,1,88.88888888888889,.NET 9.0.3
MultiSequenceLearning,S1,49,1503.7800403,41.73828125,2.401,1,100,.NET 9.0.3
MultiSequenceLearning,S2,49,1503.7800403,41.73828125,2.401,1,97.95918367346938,.NET 9.0.3
MultiSequenceLearning,S3,49,1503.7800403,41.73828125,2.401,1,97.95918367346938,.NET 9.0.3
MultiSequenceLearning,S4,9,1503.7800403,41.73828125,2.401,1,88.88888888888889,.NET 9.0.3
MultiSequenceLearning,S5,9,1503.7800403,41.73828125,2.401,1,88.88888888888889,.NET 9.0.3
MultiSequenceLearning,S6,9,1503.7800403,41.73828125,2.401,1,88.88888888888889,.NET 9.0.3
MultiSequenceLearning,S7,9,1503.7800403,41.73828125,2.401,1,88.88888888888889,.NET 9.0.3
MultiSequenceLearning,S8,9,1503.7800403,41.73828125,2.401,1,88.88888888888889,.NET 9.0.3
MultiSequenceLearning,S9,9,1503.7800403,41.73828125,2.401,1,88.88888888888889,.NET 9.0.3
MultiSequenceLearning,S10,9,1503.7800403,41.73828125,2.401,1,88.88888888888889,.NET 9.0.3
MultiSequenceLearning,S11,9,1503.7800403,41.73828125,2.401,1,88.88888888888889,.NET 9.0.3
MultiSequenceLearning,S12,9,1503.7800403,41.73828125,2.401,1,88.88888888888889,.NET 9.0.3
MultiSequenceLearning,S13,9,1503.7800403,41.73828125,2.401,1,88.88888888888889,.NET 9.0.3
MultiSequenceLearning,S14,9,1503.7800403,41.73828125,2.401,1,88.88888888888889,.NET 9.0.3
MultiSequenceLearning,S15,9,1503.7800403,41.73828125,2.401,1,88.88888888888889,.NET 9.0.3
MultiSequenceLearning,S16,9,1503.7800403,41.73828125,2.401,1,88.88888888888889,.NET 9.0.3
MultiSequenceLearning,S17,9,1503.7800403,41.73828125,2.401,1,88.88888888888889,.NET 9.0.3
MultiSequenceLearning,S18,9,1503.7800403,41.73828125,2.401,1,88.88888888888889,.NET 9.0.3
MultiSequenceLearning,S19,9,1503.7800403,41.73828125,2.401,1,88.88888888888889,.NET 9.0.3
MultiSequenceLearning,S20,9,1503.7800403,41.73828125,2.401,1,88.88888888888889,.NET 9.0.3
MultiSequenceLearning,S21,9,1503.7800403,41.73828125,2.401,1,88.88888888888889,.NET 9.0.3
MultiSequenceLearning,S22,9,1503.7800403,41.73828125,2.401,1,88.88888888888889,.NET 9.0.3
MultiSequenceLearning,S23,9,1503.7800403,41.73828125,2.401,1,88.88888888888889,.NET 9.0.3
MultiSequenceLearning,S24,9,1503.7800403,41.73828125,2.401,1,88.88888888888889,.NET 9.0.3
MultiSequenceLearning,S25,9,1503.7800403,41.73828125,2.401,1,88.88888888888889,.NET 9.0.3
MultiSequenceLearning,S26,9,1503.7800403,41.73828125,2.401,1,88.88888888888889,.NET 9.0.3
MultiSequenceLearning,S27,9,1503.7800403,41.73828125,2.401,1,88.88888888888889,.NET 9.0.3
MultiSequenceLearning,S28,9,1503.7800403,41.73828125,2.401,1,88.88888888888889,.NET 9.0.3
MultiSequenceLearning,S29,9,1503.7800403,41.73828125,2.401,1,88.88888888888889,.NET 9.0.3
MultiSequenceLearning,S30,9,1503.7800403,41.73828125,2.401,1,88.88888888888889,.NET 9.0.3
MultiSequenceLearning,S1,49,1503.7800403,41.73828125,2.401,1,100,.NET 9.0.3
MultiSequenceLearning,S2,49,1503.7800403,41.73828125,2.401,1,97.95918367346938,.NET 9.0.3
MultiSequenceLearning,S3,49,1503.7800403,41.73828125,2.401,1,97.95918367346938,.NET 9.0.3
MultiSequenceLearning,S4,9,1503.7800403,41.73828125,2.401,1,88.88888888888889,.NET 9.0.3
MultiSequenceLearning,S5,9,1503.7800403,41.73828125,2.401,1,88.88888888888889,.NET 9.0.3
MultiSequenceLearning,S6,9,1503.7800403,41.73828125,2.401,1,88.88888888888889,.NET 9.0.3
MultiSequenceLearning,S7,9,1503.7800403,41.73828125,2.401,1,88.88888888888889,.NET 9.0.3
MultiSequenceLearning,S8,9,1503.7800403,41.73828125,2.401,1,88.88888888888889,.NET 9.0.3
MultiSequenceLearning,S9,9,1503.7800403,41.73828125,2.401,1,88.88888888888889,.NET 9.0.3
MultiSequenceLearning,S10,9,1503.7800403,41.73828125,2.401,1,88.88888888888889,.NET 9.0.3
MultiSequenceLearning,S11,9,1503.7800403,41.73828125,2.401,1,88.88888888888889,.NET 9.0.3
MultiSequenceLearning,S12,9,1503.7800403,41.73828125,2.401,1,88.88888888888889,.NET 9.0.3
MultiSequenceLearning,S13,9,1503.7800403,41.73828125,2.401,1,88.88888888888889,.NET 9.0.3
MultiSequenceLearning,S14,9,1503.7800403,41.73828125,2.401,1,88.88888888888889,.NET 9.0.3
MultiSequenceLearning,S15,9,1503.7800403,41.73828125,2.401,1,88.88888888888889,.NET 9.0.3
MultiSequenceLearning,S16,9,1503.7800403,41.73828125,2.401,1,88.88888888888889,.NET 9.0.3
MultiSequenceLearning,S17,9,1503.7800403,41.73828125,2.401,1,88.88888888888889,.NET 9.0.3
MultiSequenceLearning,S18,9,1503.7800403,41.73828125,2.401,1,88.88888888888889,.NET 9.0.3
MultiSequenceLearning,S19,9,1503.7800403,41.73828125,2.401,1,88.88888888888889,.NET 9.0.3
MultiSequenceLearning,S20,9,1503.7800403,41.73828125,2.401,1,88.88888888888889,.NET 9.0.3
MultiSequenceLearning,S21,9,1503.7800403,41.73828125,2.401,1,88.88888888888889,.NET 9.0.3
MultiSequenceLearning,S22,9,1503.7800403,41.73828125,2.401,1,88.88888888888889,.NET 9.0.3
MultiSequenceLearning,S23,9,1503.7800403,41.73828125,2.401,1,88.88888888888889,.NET 9.0.3
MultiSequenceLearning,S24,9,1503.7800403,41.73828125,2.401,1,88.88888888888889,.NET 9.0.3
MultiSequenceLearning,S25,9,1503.7800403,41.73828125,2.401,1,88.88888888888889,.NET 9.0.3
MultiSequenceLearning,S26,9,1503.7800403,41.73828125,2.401,1,88.88888888888889,.NET 9.0.3
MultiSequenceLearning,S27,9,1503.7800403,41.73828125,2.401,1,88.88888888888889,.NET 9.0.3
MultiSequenceLearning,S28,9,1503.7800403,41.73828125,2.401,1,88.88888888888889,.NET 9.0.3
MultiSequenceLearning,S29,9,1503.7800403,41.73828125,2.401,1,88.88888888888889,.NET 9.0.3
MultiSequenceLearning,S30,9,1503.7800403,41.73828125,2.401,1,88.88888888888889,.NET 9.0.3
MultiSequenceLearning,S1,49,1503.7800403,41.73828125,2.401,1,100,.NET 9.0.3
MultiSequenceLearning,S2,49,1503.7800403,41.73828125,2.401,1,97.95918367346938,.NET 9.0.3
MultiSequenceLearning,S3,49,1503.7800403,41.73828125,2.401,1,97.95918367346938,.NET 9.0.3
MultiSequenceLearning,S4,9,1503.7800403,41.73828125,2.401,1,88.88888888888889,.NET 9.0.3
MultiSequenceLearning,S5,9,1503.7800403,41.73828125,2.401,1,88.88888888888889,.NET 9.0.3
MultiSequenceLearning,S6,9,1503.7800403,41.73828125,2.401,1,88.88888888888889,.NET 9.0.3
MultiSequenceLearning,S7,9,1503.7800403,41.73828125,2.401,1,88.88888888888889,.NET 9.0.3
MultiSequenceLearning,S8,9,1503.7800403,41.73828125,2.401,1,88.88888888888889,.NET 9.0.3
MultiSequenceLearning,S9,9,1503.7800403,41.73828125,2.401,1,88.88888888888889,.NET 9.0.3
MultiSequenceLearning,S10,9,1503.7800403,41.73828125,2.401,1,88.88888888888889,.NET 9.0.3
MultiSequenceLearning,S11,9,1503.7800403,41.73828125,2.401,1,88.88888888888889,.NET 9.0.3
MultiSequenceLearning,S12,9,1503.7800403,41.73828125,2.401,1,88.88888888888889,.NET 9.0.3
MultiSequenceLearning,S13,9,1503.7800403,41.73828125,2.401,1,88.88888888888889,.NET 9.0.3
MultiSequenceLearning,S14,9,1503.7800403,41.73828125,2.401,1,88.88888888888889,.NET 9.0.3
MultiSequenceLearning,S15,9,1503.7800403,41.73828125,2.401,1,88.88888888888889,.NET 9.0.3
MultiSequenceLearning,S16,9,1503.7800403,41.73828125,2.401,1,88.88888888888889,.NET 9.0.3
MultiSequenceLearning,S17,9,1503.7800403,41.73828125,2.401,1,88.88888888888889,.NET 9.0.3
MultiSequenceLearning,S18,9,1503.7800403,41.73828125,2.401,1,88.88888888888889,.NET 9.0.3
MultiSequenceLearning,S19,9,1503.7800403,41.73828125,2.401,1,88.88888888888889,.NET 9.0.3
MultiSequenceLearning,S20,9,1503.7800403,41.73828125,2.401,1,88.88888888888889,.NET 9.0.3
MultiSequenceLearning,S21,9,1503.7800403,41.73828125,2.401,1,88.88888888888889,.NET 9.0.3
MultiSequenceLearning,S22,9,1503.7800403,41.73828125,2.401,1,88.88888888888889,.NET 9.0.3
MultiSequenceLearning,S23,9,1503.7800403,41.73828125,2.401,1,88.88888888888889,.NET 9.0.3
MultiSequenceLearning,S24,9,1503.7800403,41.73828125,2.401,1,88.88888888888889,.NET 9.0.3
MultiSequenceLearning,S25,9,1503.7800403,41.73828125,2.401,1,88.88888888888889,.NET 9.0.3
MultiSequenceLearning,S26,9,1503.7800403,41.73828125,2.401,1,88.88888888888889,.NET 9.0.3
MultiSequenceLearning,S27,9,1503.7800403,41.73828125,2.401,1,88.88888888888889,.NET 9.0.3
MultiSequenceLearning,S28,9,1503.7800403,41.73828125,2.401,1,88.88888888888889,.NET 9.0.3
MultiSequenceLearning,S29,9,1503.7800403,41.73828125,2.401,1,88.88888888888889,.NET 9.0.3
MultiSequenceLearning,S30,9,1503.7800403,41.73828125,2.401,1,88.88888888888889,.NET 9.0.3
MultiSequenceLearning,S1,49,1300.9783237,33.92578125,2.401,1,100,.NET 9.0.3
MultiSequenceLearning,S2,49,1300.9783237,33.92578125,2.401,1,97.95918367346938,.NET 9.0.3
MultiSequenceLearning,S3,49,1300.9783237,33.92578125,2.401,1,97.95918367346938,.NET 9.0.3
MultiSequenceLearning,S4,9,1300.9783237,33.92578125,2.401,1,88.88888888888889,.NET 9.0.3
MultiSequenceLearning,S5,9,1300.9783237,33.92578125,2.401,1,88.88888888888889,.NET 9.0.3
MultiSequenceLearning,S6,9,1300.9783237,33.92578125,2.401,1,88.88888888888889,.NET 9.0.3
MultiSequenceLearning,S7,9,1300.9783237,33.92578125,2.401,1,88.88888888888889,.NET 9.0.3
MultiSequenceLearning,S8,9,1300.9783237,33.92578125,2.401,1,88.88888888888889,.NET 9.0.3
MultiSequenceLearning,S9,9,1300.9783237,33.92578125,2.401,1,88.88888888888889,.NET 9.0.3
MultiSequenceLearning,S10,9,1300.9783237,33.92578125,2.401,1,88.88888888888889,.NET 9.0.3
MultiSequenceLearning,S11,9,1300.9783237,33.92578125,2.401,1,88.88888888888889,.NET 9.0.3
MultiSequenceLearning,S12,9,1300.9783237,33.92578125,2.401,1,88.88888888888889,.NET 9.0.3
MultiSequenceLearning,S13,9,1300.9783237,33.92578125,2.401,1,88.88888888888889,.NET 9.0.3
MultiSequenceLearning,S14,9,1300.9783237,33.92578125,2.401,1,88.88888888888889,.NET 9.0.3
MultiSequenceLearning,S15,9,1300.9783237,33.92578125,2.401,1,88.88888888888889,.NET 9.0.3
MultiSequenceLearning,S16,9,1300.9783237,33.92578125,2.401,1,88.88888888888889,.NET 9.0.3
MultiSequenceLearning,S17,9,1300.9783237,33.92578125,2.401,1,88.88888888888889,.NET 9.0.3
MultiSequenceLearning,S18,9,1300.9783237,33.92578125,2.401,1,88.88888888888889,.NET 9.0.3
MultiSequenceLearning,S19,9,1300.9783237,33.92578125,2.401,1,88.88888888888889,.NET 9.0.3
MultiSequenceLearning,S20,9,1300.9783237,33.92578125,2.401,1,88.88888888888889,.NET 9.0.3
MultiSequenceLearning,S21,9,1300.9783237,33.92578125,2.401,1,88.88888888888889,.NET 9.0.3
MultiSequenceLearning,S22,9,1300.9783237,33.92578125,2.401,1,88.88888888888889,.NET 9.0.3
MultiSequenceLearning,S23,9,1300.9783237,33.92578125,2.401,1,88.88888888888889,.NET 9.0.3
MultiSequenceLearning,S24,9,1300.9783237,33.92578125,2.401,1,88.88888888888889,.NET 9.0.3
MultiSequenceLearning,S25,9,1300.9783237,33.92578125,2.401,1,88.88888888888889,.NET 9.0.3
MultiSequenceLearning,S26,9,1300.9783237,33.92578125,2.401,1,88.88888888888889,.NET 9.0.3
MultiSequenceLearning,S27,9,1300.9783237,33.92578125,2.401,1,88.88888888888889,.NET 9.0.3
MultiSequenceLearning,S28,9,1300.9783237,33.92578125,2.401,1,88.88888888888889,.NET 9.0.3
MultiSequenceLearning,S29,9,1300.9783237,33.92578125,2.401,1,88.88888888888889,.NET 9.0.3
MultiSequenceLearning,S30,9,1300.9783237,33.92578125,2.401,1,88.88888888888889,.NET 9.0.3
MultiSequenceLearning,S1,49,1300.9783237,33.92578125,2.401,1,100,.NET 9.0.3
MultiSequenceLearning,S2,49,1300.9783237,33.92578125,2.401,1,97.95918367346938,.NET 9.0.3
MultiSequenceLearning,S3,49,1300.9783237,33.92578125,2.401,1,97.95918367346938,.NET 9.0.3
MultiSequenceLearning,S4,9,1300.9783237,33.92578125,2.401,1,88.88888888888889,.NET 9.0.3
MultiSequenceLearning,S5,9,1300.9783237,33.92578125,2.401,1,88.88888888888889,.NET 9.0.3
MultiSequenceLearning,S6,9,1300.9783237,33.92578125,2.401,1,88.88888888888889,.NET 9.0.3
MultiSequenceLearning,S7,9,1300.9783237,33.92578125,2.401,1,88.88888888888889,.NET 9.0.3
MultiSequenceLearning,S8,9,1300.9783237,33.92578125,2.401,1,88.88888888888889,.NET 9.0.3
MultiSequenceLearning,S9,9,1300.9783237,33.92578125,2.401,1,88.88888888888889,.NET 9.0.3
MultiSequenceLearning,S10,9,1300.9783237,33.92578125,2.401,1,88.88888888888889,.NET 9.0.3
MultiSequenceLearning,S11,9,1300.9783237,33.92578125,2.401,1,88.88888888888889,.NET 9.0.3
MultiSequenceLearning,S12,9,1300.9783237,33.92578125,2.401,1,88.88888888888889,.NET 9.0.3
MultiSequenceLearning,S13,9,1300.9783237,33.92578125,2.401,1,88.88888888888889,.NET 9.0.3
MultiSequenceLearning,S14,9,1300.9783237,33.92578125,2.401,1,88.88888888888889,.NET 9.0.3
MultiSequenceLearning,S15,9,1300.9783237,33.92578125,2.401,1,88.88888888888889,.NET 9.0.3
MultiSequenceLearning,S16,9,1300.9783237,33.92578125,2.401,1,88.88888888888889,.NET 9.0.3
MultiSequenceLearning,S17,9,1300.9783237,33.92578125,2.401,1,88.88888888888889,.NET 9.0.3
MultiSequenceLearning,S18,9,1300.9783237,33.92578125,2.401,1,88.88888888888889,.NET 9.0.3
MultiSequenceLearning,S19,9,1300.9783237,33.92578125,2.401,1,88.88888888888889,.NET 9.0.3
MultiSequenceLearning,S20,9,1300.9783237,33.92578125,2.401,1,88.88888888888889,.NET 9.0.3
MultiSequenceLearning,S21,9,1300.9783237,33.92578125,2.401,1,88.88888888888889,.NET 9.0.3
MultiSequenceLearning,S22,9,1300.9783237,33.92578125,2.401,1,88.88888888888889,.NET 9.0.3
MultiSequenceLearning,S23,9,1300.9783237,33.92578125,2.401,1,88.88888888888889,.NET 9.0.3
MultiSequenceLearning,S24,9,1300.9783237,33.92578125,2.401,1,88.88888888888889,.NET 9.0.3
MultiSequenceLearning,S25,9,1300.9783237,33.92578125,2.401,1,88.88888888888889,.NET 9.0.3
MultiSequenceLearning,S26,9,1300.9783237,33.92578125,2.401,1,88.88888888888889,.NET 9.0.3
MultiSequenceLearning,S27,9,1300.9783237,33.92578125,2.401,1,88.88888888888889,.NET 9.0.3
MultiSequenceLearning,S28,9,1300.9783237,33.92578125,2.401,1,88.88888888888889,.NET 9.0.3
MultiSequenceLearning,S29,9,1300.9783237,33.92578125,2.401,1,88.88888888888889,.NET 9.0.3
MultiSequenceLearning,S30,9,1300.9783237,33.92578125,2.401,1,88.88888888888889,.NET 9.0.3
MultiSequenceLearning,S1,49,1300.9783237,33.92578125,2.401,1,100,.NET 9.0.3
MultiSequenceLearning,S2,49,1300.9783237,33.92578125,2.401,1,97.95918367346938,.NET 9.0.3
MultiSequenceLearning,S3,49,1300.9783237,33.92578125,2.401,1,97.95918367346938,.NET 9.0.3
MultiSequenceLearning,S4,9,1300.9783237,33.92578125,2.401,1,88.88888888888889,.NET 9.0.3
MultiSequenceLearning,S5,9,1300.9783237,33.92578125,2.401,1,88.88888888888889,.NET 9.0.3
MultiSequenceLearning,S6,9,1300.9783237,33.92578125,2.401,1,88.88888888888889,.NET 9.0.3
MultiSequenceLearning,S7,9,1300.9783237,33.92578125,2.401,1,88.88888888888889,.NET 9.0.3
MultiSequenceLearning,S8,9,1300.9783237,33.92578125,2.401,1,88.88888888888889,.NET 9.0.3
MultiSequenceLearning,S9,9,1300.9783237,33.92578125,2.401,1,88.88888888888889,.NET 9.0.3
MultiSequenceLearning,S10,9,1300.9783237,33.92578125,2.401,1,88.88888888888889,.NET 9.0.3
MultiSequenceLearning,S11,9,1300.9783237,33.92578125,2.401,1,88.88888888888889,.NET 9.0.3
MultiSequenceLearning,S12,9,1300.9783237,33.92578125,2.401,1,88.88888888888889,.NET 9.0.3
MultiSequenceLearning,S13,9,1300.9783237,33.92578125,2.401,1,88.88888888888889,.NET 9.0.3
MultiSequenceLearning,S14,9,1300.9783237,33.92578125,2.401,1,88.88888888888889,.NET 9.0.3
MultiSequenceLearning,S15,9,1300.9783237,33.92578125,2.401,1,88.88888888888889,.NET 9.0.3
MultiSequenceLearning,S16,9,1300.9783237,33.92578125,2.401,1,88.88888888888889,.NET 9.0.3
MultiSequenceLearning,S17,9,1300.9783237,33.92578125,2.401,1,88.88888888888889,.NET 9.0.3
MultiSequenceLearning,S18,9,1300.9783237,33.92578125,2.401,1,88.88888888888889,.NET 9.0.3
MultiSequenceLearning,S19,9,1300.9783237,33.92578125,2.401,1,88.88888888888889,.NET 9.0.3
MultiSequenceLearning,S20,9,1300.9783237,33.92578125,2.401,1,88.88888888888889,.NET 9.0.3
MultiSequenceLearning,S21,9,1300.9783237,33.92578125,2.401,1,88.88888888888889,.NET 9.0.3
MultiSequenceLearning,S22,9,1300.9783237,33.92578125,2.401,1,88.88888888888889,.NET 9.0.3
MultiSequenceLearning,S23,9,1300.9783237,33.92578125,2.401,1,88.88888888888889,.NET 9.0.3
MultiSequenceLearning,S24,9,1300.9783237,33.92578125,2.401,1,88.88888888888889,.NET 9.0.3
MultiSequenceLearning,S25,9,1300.9783237,33.92578125,2.401,1,88.88888888888889,.NET 9.0.3
MultiSequenceLearning,S26,9,1300.9783237,33.92578125,2.401,1,88.88888888888889,.NET 9.0.3
MultiSequenceLearning,S27,9,1300.9783237,33.92578125,2.401,1,88.88888888888889,.NET 9.0.3
MultiSequenceLearning,S28,9,1300.9783237,33.92578125,2.401,1,88.88888888888889,.NET 9.0.3
MultiSequenceLearning,S29,9,1300.9783237,33.92578125,2.401,1,88.88888888888889,.NET 9.0.3
MultiSequenceLearning,S30,9,1300.9783237,33.92578125,2.401,1,88.88888888888889,.NET 9.0.3
MultiSequenceLearning,S1,49,1300.9783237,33.92578125,2.401,1,100,.NET 9.0.3
MultiSequenceLearning,S2,49,1300.9783237,33.92578125,2.401,1,97.95918367346938,.NET 9.0.3
MultiSequenceLearning,S3,49,1300.9783237,33.92578125,2.401,1,97.95918367346938,.NET 9.0.3
MultiSequenceLearning,S4,9,1300.9783237,33.92578125,2.401,1,88.88888888888889,.NET 9.0.3
MultiSequenceLearning,S5,9,1300.9783237,33.92578125,2.401,1,88.88888888888889,.NET 9.0.3
MultiSequenceLearning,S6,9,1300.9783237,33.92578125,2.401,1,88.88888888888889,.NET 9.0.3
MultiSequenceLearning,S7,9,1300.9783237,33.92578125,2.401,1,88.88888888888889,.NET 9.0.3
MultiSequenceLearning,S8,9,1300.9783237,33.92578125,2.401,1,88.88888888888889,.NET 9.0.3
MultiSequenceLearning,S9,9,1300.9783237,33.92578125,2.401,1,88.88888888888889,.NET 9.0.3
MultiSequenceLearning,S10,9,1300.9783237,33.92578125,2.401,1,88.88888888888889,.NET 9.0.3
MultiSequenceLearning,S11,9,1300.9783237,33.92578125,2.401,1,88.88888888888889,.NET 9.0.3
MultiSequenceLearning,S12,9,1300.9783237,33.92578125,2.401,1,88.88888888888889,.NET 9.0.3
MultiSequenceLearning,S13,9,1300.9783237,33.92578125,2.401,1,88.88888888888889,.NET 9.0.3
MultiSequenceLearning,S14,9,1300.9783237,33.92578125,2.401,1,88.88888888888889,.NET 9.0.3
MultiSequenceLearning,S15,9,1300.9783237,33.92578125,2.401,1,88.88888888888889,.NET 9.0.3
MultiSequenceLearning,S16,9,1300.9783237,33.92578125,2.401,1,88.88888888888889,.NET 9.0.3
MultiSequenceLearning,S17,9,1300.9783237,33.92578125,2.401,1,88.88888888888889,.NET 9.0.3
MultiSequenceLearning,S18,9,1300.9783237,33.92578125,2.401,1,88.88888888888889,.NET 9.0.3
MultiSequenceLearning,S19,9,1300.9783237,33.92578125,2.401,1,88.88888888888889,.NET 9.0.3
MultiSequenceLearning,S20,9,1300.9783237,33.92578125,2.401,1,88.88888888888889,.NET 9.0.3
MultiSequenceLearning,S21,9,1300.9783237,33.92578125,2.401,1,88.88888888888889,.NET 9.0.3
MultiSequenceLearning,S22,9,1300.9783237,33.92578125,2.401,1,88.88888888888889,.NET 9.0.3
MultiSequenceLearning,S23,9,1300.9783237,33.92578125,2.401,1,88.88888888888889,.NET 9.0.3
MultiSequenceLearning,S24,9,1300.9783237,33.92578125,2.401,1,88.88888888888889,.NET 9.0.3
MultiSequenceLearning,S25,9,1300.9783237,33.92578125,2.401,1,88.88888888888889,.NET 9.0.3
MultiSequenceLearning,S26,9,1300.9783237,33.92578125,2.401,1,88.88888888888889,.NET 9.0.3
MultiSequenceLearning,S27,9,1300.9783237,33.92578125,2.401,1,88.88888888888889,.NET 9.0.3
MultiSequenceLearning,S28,9,1300.9783237,33.92578125,2.401,1,88.88888888888889,.NET 9.0.3
MultiSequenceLearning,S29,9,1300.9783237,33.92578125,2.401,1,88.88888888888889,.NET 9.0.3
MultiSequenceLearning,S30,9,1300.9783237,33.92578125,2.401,1,88.88888888888889,.NET 9.0.3
